dataset,pred_len,method_family,method_name,selection_id,selected_recipe,manual_override,variate_reduction_type,variate_expansion_type,expansion_weight_source,variate_decode_stage,loss_variant,forecast_loss_type,huber_delta,compute_reducer_aux_losses,variate_token_split_factor,num_variates,target_variate_tokens,source_variate_tokens,reduced_variate_k,reduced_variate_tokens,k_ratio,num_latents_K,target_k_ratio,actual_k_ratio,source_k_ratio,logical_k,executed_k,logical_k_ratio,executed_k_ratio,k_budget_max,k_budget_exception,lowrank_reducer_rank,decoder_residual_gate_init,backbone_residual_gate_init,backbone_residual_gate_type,backbone_residual_gate,backbone_residual_gate_abs_mean,backbone_residual_gate_max,local_temporal_rank,zero_init_projector,skip_backbone,k_selection_mode,k_ratio_denominator,target_k_value,variate_anchor_map_path,original_encoder_tokens,reduced_encoder_tokens,num_extra_tokens,token_ratio,token_reduction_percent,attention_score_ratio,attention_score_reduction_percent,eval_split,skip_epoch_test_eval,mse,mae,rmse,mape,mspe,orthogonal_loss_weight,reconstruction_loss_weight,coverage_loss_weight,assignment_entropy_loss_weight,wcomp_entropy_loss_weight,lambda_orth,lambda_entropy,use_cycle_slot_loss,cycle_loss_weight,cycle_warmup_ratio,cycle_topr,cycle_topr_multiplier,cycle_b_norm,cycle_eps,export_slot_diagnostics,cycle_loss,weighted_cycle_loss,cycle_current_weight,mae_loss_weight,train_time_sec,train_iter_count,avg_train_iter_time_sec,throughput_iter_per_sec,last_epoch_time_sec,avg_epoch_time_sec,throughput_samples_per_sec,elapsed_sec,parameter_count,peak_gpu_allocated_mb,peak_gpu_reserved_mb,gpu_memory_footprint_mb,expansion_temperature,expansion_topk,normalization,entmax_alpha,sparse_compress_topk,sparse_expand_topk,avg_comp_entropy,std_comp_entropy,avg_effective_support,std_effective_support,avg_top1_mass,avg_top5_mass,avg_top10_mass,avg_pairwise_overlap_top5,avg_pairwise_overlap_top10,avg_pairwise_cosine_between_latents,w_comp_density,w_exp_density,w_eff_density,avg_w_eff_entropy,avg_w_eff_top5_mass,cycle_topr_jaccard,cycle_a_effective_support,cycle_b_effective_support,cycle_slot_overlap,cycle_topr_size,residual_gate_mean,residual_gate_abs_mean,residual_gate_max,hybrid_linear_gate,local_temporal_branch,local_temporal_init,local_temporal_gate_init,local_temporal_gate,output_calibration,output_calibration_scale_abs_mean,output_calibration_bias_abs_mean,status,timestamp,git_commit,git_dirty,error,command,returncode,gpu,cuda_visible_devices,data,root_path,data_path,target,freq,seed,itr,model,model_id,setting,seq_len,label_len,e_layers,d_model,d_ff,batch_size,learning_rate,train_epochs,patience,num_workers,use_norm,checkpoint_dir,result_dir,weight_matrix_dir,slot_diagnostic_dir,plot_dir,group_attention_entropy_loss_weight,group_attention_entropy_target
Weather,96,iTransformer,iTransformer,,,0,none,transpose,,feature,,mse,1.0,False,1,21,21,21,21,21,,,1.0,1.0,1.0,21,21,1.0,1.0,6,False,8,0.0,1.0,scalar,1.0,1.0,1.0,4,False,False,baseline,,21,,26,26,5,1.0,0.0,1.0,0.0,test,False,0.17507774459559172,0.21319341526138694,0.41842292551387733,15.881207664781378,26966327.42655195,0.0,0.0,0.0,0.0,0.0,0.0,,False,0.0,0.0,0,1.0,row_l1,1e-08,False,0.0,0.0,0.0,0.0,94.64086818695068,9168,0.010322956826674376,96.87146975331855,11.237451791763306,11.830108523368835,3099.887032106193,339.2924749851227,4833888,169.72119140625,212.0,169.72119140625,1.0,0,,,0,0,,,,,,,,,,,,,,,,,,,,,0.0,0.0,0.0,0.0,none,persistence,1.0,0.0,none,1.0,0.0,success,2026-07-07 12:57:21,c2426e68ca13f74aaec08045c5c724d8ad328124,true,,,0,0,0,custom,./dataset/weather/,weather.csv,OT,t,2021,0,iTransformer,Weather_pl96_baseline_seed2021,Weather_pl96_baseline_seed2021_iTransformer_custom_M_ft96_sl48_ll96_pl512_dm8_nh3_el1_dl512_df1_fctimeF_ebTrue_dtbaseline_projection_0,96,48,3,512,512,32,0.0001,10,3,0,True,./checkpoints/Weather_pl96_baseline_seed2021_iTransformer_custom_M_ft96_sl48_ll96_pl512_dm8_nh3_el1_dl512_df1_fctimeF_ebTrue_dtbaseline_projection_0,./results/Weather_pl96_baseline_seed2021_iTransformer_custom_M_ft96_sl48_ll96_pl512_dm8_nh3_el1_dl512_df1_fctimeF_ebTrue_dtbaseline_projection_0/,,,,,
Weather,192,iTransformer,iTransformer,,,0,none,transpose,,feature,,mse,1.0,False,1,21,21,21,21,21,,,1.0,1.0,1.0,21,21,1.0,1.0,6,False,8,0.0,1.0,scalar,1.0,1.0,1.0,4,False,False,baseline,,21,,26,26,5,1.0,0.0,1.0,0.0,test,False,0.22393257568118938,0.25701226053468584,0.4732151473496906,15.521489429034034,22383988.563243113,0.0,0.0,0.0,0.0,0.0,0.0,,False,0.0,0.0,0,1.0,row_l1,1e-08,False,0.0,0.0,0.0,0.0,83.73879790306091,6858,0.01221038172981349,81.89752148029484,11.567383766174316,13.956466317176819,2620.720687369435,271.4749004840851,4883136,171.27001953125,212.0,171.27001953125,1.0,0,,,0,0,,,,,,,,,,,,,,,,,,,,,0.0,0.0,0.0,0.0,none,persistence,1.0,0.0,none,1.0,0.0,success,2026-07-07 13:01:59,c2426e68ca13f74aaec08045c5c724d8ad328124,true,,,0,0,0,custom,./dataset/weather/,weather.csv,OT,t,2021,0,iTransformer,Weather_pl192_baseline_seed2021,Weather_pl192_baseline_seed2021_iTransformer_custom_M_ft96_sl48_ll192_pl512_dm8_nh3_el1_dl512_df1_fctimeF_ebTrue_dtbaseline_projection_0,96,48,3,512,512,32,0.0001,10,3,0,True,./checkpoints/Weather_pl192_baseline_seed2021_iTransformer_custom_M_ft96_sl48_ll192_pl512_dm8_nh3_el1_dl512_df1_fctimeF_ebTrue_dtbaseline_projection_0,./results/Weather_pl192_baseline_seed2021_iTransformer_custom_M_ft96_sl48_ll192_pl512_dm8_nh3_el1_dl512_df1_fctimeF_ebTrue_dtbaseline_projection_0/,,,,,
Weather,336,iTransformer,iTransformer,,,0,none,transpose,,feature,,mse,1.0,False,1,21,21,21,21,21,,,1.0,1.0,1.0,21,21,1.0,1.0,6,False,8,0.0,1.0,scalar,1.0,1.0,1.0,4,False,False,baseline,,21,,26,26,5,1.0,0.0,1.0,0.0,test,False,0.2828812395188482,0.2999313715297887,0.5318658096915501,15.492928026884625,24616777.238944117,0.0,0.0,0.0,0.0,0.0,0.0,,False,0.0,0.0,0,1.0,row_l1,1e-08,False,0.0,0.0,0.0,0.0,75.7658178806305,6834,0.011086599046038995,90.19898670884817,13.11937689781189,12.627636313438416,2886.367574683141,261.20818543434143,4957008,173.09228515625,214.0,173.09228515625,1.0,0,,,0,0,,,,,,,,,,,,,,,,,,,,,0.0,0.0,0.0,0.0,none,persistence,1.0,0.0,none,1.0,0.0,success,2026-07-07 13:06:26,c2426e68ca13f74aaec08045c5c724d8ad328124,true,,,0,0,0,custom,./dataset/weather/,weather.csv,OT,t,2021,0,iTransformer,Weather_pl336_baseline_seed2021,Weather_pl336_baseline_seed2021_iTransformer_custom_M_ft96_sl48_ll336_pl512_dm8_nh3_el1_dl512_df1_fctimeF_ebTrue_dtbaseline_projection_0,96,48,3,512,512,32,0.0001,10,3,0,True,./checkpoints/Weather_pl336_baseline_seed2021_iTransformer_custom_M_ft96_sl48_ll336_pl512_dm8_nh3_el1_dl512_df1_fctimeF_ebTrue_dtbaseline_projection_0,./results/Weather_pl336_baseline_seed2021_iTransformer_custom_M_ft96_sl48_ll336_pl512_dm8_nh3_el1_dl512_df1_fctimeF_ebTrue_dtbaseline_projection_0/,,,,,
Weather,720,iTransformer,iTransformer,,,0,none,transpose,,feature,,mse,1.0,False,1,21,21,21,21,21,,,1.0,1.0,1.0,21,21,1.0,1.0,6,False,8,0.0,1.0,scalar,1.0,1.0,1.0,4,False,False,baseline,,21,,26,26,5,1.0,0.0,1.0,0.0,test,False,0.3591463810237258,0.3516300952631229,0.5992882286710843,15.854378589277646,28082134.122704696,0.0,0.0,0.0,0.0,0.0,0.0,,False,0.0,0.0,0,1.0,row_l1,1e-08,False,0.0,0.0,0.0,0.0,97.52453207969666,9016,0.010816829201386054,92.44853379693389,12.02436351776123,12.190566509962082,2958.3530815018844,330.3741822242737,5154000,180.05712890625,230.0,180.05712890625,1.0,0,,,0,0,,,,,,,,,,,,,,,,,,,,,0.0,0.0,0.0,0.0,none,persistence,1.0,0.0,none,1.0,0.0,success,2026-07-07 13:12:02,c2426e68ca13f74aaec08045c5c724d8ad328124,true,,,0,0,0,custom,./dataset/weather/,weather.csv,OT,t,2021,0,iTransformer,Weather_pl720_baseline_seed2021,Weather_pl720_baseline_seed2021_iTransformer_custom_M_ft96_sl48_ll720_pl512_dm8_nh3_el1_dl512_df1_fctimeF_ebTrue_dtbaseline_projection_0,96,48,3,512,512,32,0.0001,10,3,0,True,./checkpoints/Weather_pl720_baseline_seed2021_iTransformer_custom_M_ft96_sl48_ll720_pl512_dm8_nh3_el1_dl512_df1_fctimeF_ebTrue_dtbaseline_projection_0,./results/Weather_pl720_baseline_seed2021_iTransformer_custom_M_ft96_sl48_ll720_pl512_dm8_nh3_el1_dl512_df1_fctimeF_ebTrue_dtbaseline_projection_0/,,,,,
Electricity,96,iTransformer,iTransformer,,,0,none,transpose,,feature,,mse,1.0,False,1,321,321,321,321,321,,,1.0,1.0,1.0,321,321,1.0,1.0,96,False,8,0.0,1.0,scalar,1.0,1.0,1.0,4,False,False,baseline,,321,,325,325,4,1.0,0.0,1.0,0.0,test,False,0.14860260412937906,0.24031126558443994,0.38549008304932963,2.5556500462343856,680765.6726908084,0.0,0.0,0.0,0.0,0.0,0.0,,False,0.0,0.0,0,1.0,row_l1,1e-08,False,0.0,0.0,0.0,0.0,422.84660148620605,11380,0.03715699485819034,26.912833069964343,44.30296206474304,42.2846601486206,430.6053291194295,617.364688873291,4833888,810.86962890625,1008.0,810.86962890625,1.0,0,,,0,0,,,,,,,,,,,,,,,,,,,,,0.0,0.0,0.0,0.0,none,persistence,1.0,0.0,none,1.0,0.0,success,2026-07-07 13:22:25,c2426e68ca13f74aaec08045c5c724d8ad328124,true,,,0,0,0,custom,./dataset/electricity/,electricity.csv,OT,h,2021,0,iTransformer,Electricity_pl96_baseline_seed2021,Electricity_pl96_baseline_seed2021_iTransformer_custom_M_ft96_sl48_ll96_pl512_dm8_nh3_el1_dl512_df1_fctimeF_ebTrue_dtbaseline_projection_0,96,48,3,512,512,16,0.0005,10,3,0,True,./checkpoints/Electricity_pl96_baseline_seed2021_iTransformer_custom_M_ft96_sl48_ll96_pl512_dm8_nh3_el1_dl512_df1_fctimeF_ebTrue_dtbaseline_projection_0,./results/Electricity_pl96_baseline_seed2021_iTransformer_custom_M_ft96_sl48_ll96_pl512_dm8_nh3_el1_dl512_df1_fctimeF_ebTrue_dtbaseline_projection_0/,,,,,
Electricity,192,iTransformer,iTransformer,,,0,none,transpose,,feature,,mse,1.0,False,1,321,321,321,321,321,,,1.0,1.0,1.0,321,321,1.0,1.0,96,False,8,0.0,1.0,scalar,1.0,1.0,1.0,4,False,False,baseline,,321,,325,325,4,1.0,0.0,1.0,0.0,test,False,0.16636165875022613,0.2576493011312059,0.40787456251919674,2.7151725786203196,740563.077079306,0.0,0.0,0.0,0.0,0.0,0.0,,False,0.0,0.0,0,1.0,row_l1,1e-08,False,0.0,0.0,0.0,0.0,449.88322138786316,11320,0.039742334044864235,25.162085318671075,45.56058979034424,44.988322138786316,402.5933650987372,649.7440626621246,4883136,816.6376953125,1002.0,816.6376953125,1.0,0,,,0,0,,,,,,,,,,,,,,,,,,,,,0.0,0.0,0.0,0.0,none,persistence,1.0,0.0,none,1.0,0.0,success,2026-07-07 13:33:21,c2426e68ca13f74aaec08045c5c724d8ad328124,true,,,0,0,0,custom,./dataset/electricity/,electricity.csv,OT,h,2021,0,iTransformer,Electricity_pl192_baseline_seed2021,Electricity_pl192_baseline_seed2021_iTransformer_custom_M_ft96_sl48_ll192_pl512_dm8_nh3_el1_dl512_df1_fctimeF_ebTrue_dtbaseline_projection_0,96,48,3,512,512,16,0.0005,10,3,0,True,./checkpoints/Electricity_pl192_baseline_seed2021_iTransformer_custom_M_ft96_sl48_ll192_pl512_dm8_nh3_el1_dl512_df1_fctimeF_ebTrue_dtbaseline_projection_0,./results/Electricity_pl192_baseline_seed2021_iTransformer_custom_M_ft96_sl48_ll192_pl512_dm8_nh3_el1_dl512_df1_fctimeF_ebTrue_dtbaseline_projection_0/,,,,,
Electricity,336,iTransformer,iTransformer,,,0,none,transpose,,feature,,mse,1.0,False,1,321,321,321,321,321,,,1.0,1.0,1.0,321,321,1.0,1.0,96,False,8,0.0,1.0,scalar,1.0,1.0,1.0,4,False,False,baseline,,321,,325,325,4,1.0,0.0,1.0,0.0,test,False,0.17943344745686202,0.2719583035766379,0.4235958539184042,2.665910102143227,516974.4185806397,0.0,0.0,0.0,0.0,0.0,0.0,,False,0.0,0.0,0,1.0,row_l1,1e-08,False,0.0,0.0,0.0,0.0,369.1072533130646,8984,0.04108495695826631,24.339808874956105,46.523041009902954,46.13840666413307,389.4369419992977,537.9640786647797,4957008,833.9150390625,1058.0,833.9150390625,1.0,0,,,0,0,,,,,,,,,,,,,,,,,,,,,0.0,0.0,0.0,0.0,none,persistence,1.0,0.0,none,1.0,0.0,success,2026-07-07 13:42:25,c2426e68ca13f74aaec08045c5c724d8ad328124,true,,,0,0,0,custom,./dataset/electricity/,electricity.csv,OT,h,2021,0,iTransformer,Electricity_pl336_baseline_seed2021,Electricity_pl336_baseline_seed2021_iTransformer_custom_M_ft96_sl48_ll336_pl512_dm8_nh3_el1_dl512_df1_fctimeF_ebTrue_dtbaseline_projection_0,96,48,3,512,512,16,0.0005,10,3,0,True,./checkpoints/Electricity_pl336_baseline_seed2021_iTransformer_custom_M_ft96_sl48_ll336_pl512_dm8_nh3_el1_dl512_df1_fctimeF_ebTrue_dtbaseline_projection_0,./results/Electricity_pl336_baseline_seed2021_iTransformer_custom_M_ft96_sl48_ll336_pl512_dm8_nh3_el1_dl512_df1_fctimeF_ebTrue_dtbaseline_projection_0/,,,,,
Electricity,720,iTransformer,iTransformer,,,0,none,transpose,,feature,,mse,1.0,False,1,321,321,321,321,321,,,1.0,1.0,1.0,321,321,1.0,1.0,96,False,8,0.0,1.0,scalar,1.0,1.0,1.0,4,False,False,baseline,,321,,325,325,4,1.0,0.0,1.0,0.0,test,False,0.21655077967794475,0.3030539701321824,0.4653501688813971,2.923278936272935,609021.3009001077,0.0,0.0,0.0,0.0,0.0,0.0,,False,0.0,0.0,0,1.0,row_l1,1e-08,False,0.0,0.0,0.0,0.0,288.27616453170776,6594,0.043717950338445215,22.87389944538658,48.0971245765686,48.046027421951294,365.98239112618523,426.14088559150696,5154000,900.92041015625,1074.0,900.92041015625,1.0,0,,,0,0,,,,,,,,,,,,,,,,,,,,,0.0,0.0,0.0,0.0,none,persistence,1.0,0.0,none,1.0,0.0,success,2026-07-07 13:49:37,c2426e68ca13f74aaec08045c5c724d8ad328124,true,,,0,0,0,custom,./dataset/electricity/,electricity.csv,OT,h,2021,0,iTransformer,Electricity_pl720_baseline_seed2021,Electricity_pl720_baseline_seed2021_iTransformer_custom_M_ft96_sl48_ll720_pl512_dm8_nh3_el1_dl512_df1_fctimeF_ebTrue_dtbaseline_projection_0,96,48,3,512,512,16,0.0005,10,3,0,True,./checkpoints/Electricity_pl720_baseline_seed2021_iTransformer_custom_M_ft96_sl48_ll720_pl512_dm8_nh3_el1_dl512_df1_fctimeF_ebTrue_dtbaseline_projection_0,./results/Electricity_pl720_baseline_seed2021_iTransformer_custom_M_ft96_sl48_ll720_pl512_dm8_nh3_el1_dl512_df1_fctimeF_ebTrue_dtbaseline_projection_0/,,,,,
Traffic,96,iTransformer,iTransformer,,,0,none,transpose,,feature,,mse,1.0,False,1,862,862,862,862,862,,,1.0,1.0,1.0,862,862,1.0,1.0,258,False,8,0.0,1.0,scalar,1.0,1.0,1.0,4,False,False,baseline,,862,,866,866,4,1.0,0.0,1.0,0.0,test,False,0.3919391415692028,0.2678930599663593,0.6260504305319203,2.8723283984344965,156086.5791378473,0.0,0.0,0.0,0.0,0.0,0.0,,False,0.0,0.0,0,1.0,row_l1,1e-08,False,0.0,0.0,0.0,0.0,1458.9699201583862,7550,0.19324104902760084,5.174883933988419,146.55553674697876,145.89699201583863,82.79814294381471,1724.8052916526794,6411872,5080.8671875,5504.0,5080.8671875,1.0,0,,,0,0,,,,,,,,,,,,,,,,,,,,,0.0,0.0,0.0,0.0,none,persistence,1.0,0.0,none,1.0,0.0,success,2026-07-07 14:18:29,c2426e68ca13f74aaec08045c5c724d8ad328124,true,,,0,0,0,custom,./dataset/traffic/,traffic.csv,OT,h,2021,0,iTransformer,Traffic_pl96_baseline_seed2021,Traffic_pl96_baseline_seed2021_iTransformer_custom_M_ft96_sl48_ll96_pl512_dm8_nh4_el1_dl512_df1_fctimeF_ebTrue_dtbaseline_projection_0,96,48,4,512,512,16,0.001,10,3,0,True,./checkpoints/Traffic_pl96_baseline_seed2021_iTransformer_custom_M_ft96_sl48_ll96_pl512_dm8_nh4_el1_dl512_df1_fctimeF_ebTrue_dtbaseline_projection_0,./results/Traffic_pl96_baseline_seed2021_iTransformer_custom_M_ft96_sl48_ll96_pl512_dm8_nh4_el1_dl512_df1_fctimeF_ebTrue_dtbaseline_projection_0/,,,,,
Traffic,192,iTransformer,iTransformer,,,0,none,transpose,,feature,,mse,1.0,False,1,862,862,862,862,862,,,1.0,1.0,1.0,862,862,1.0,1.0,258,False,8,0.0,1.0,scalar,1.0,1.0,1.0,4,False,False,baseline,,862,,866,866,4,1.0,0.0,1.0,0.0,test,False,0.4114040378899173,0.2764971711498309,0.6414078561180221,2.9374016833934538,154638.25841427228,0.0,0.0,0.0,0.0,0.0,0.0,,False,0.0,0.0,0,1.0,row_l1,1e-08,False,0.0,0.0,0.0,0.0,1472.1988759040833,7490,0.19655525713005118,5.087627848785281,147.4779393672943,147.21988759040832,81.40204558056449,1741.730674982071,6461120,5097.74755859375,5880.0,5097.74755859375,1.0,0,,,0,0,,,,,,,,,,,,,,,,,,,,,0.0,0.0,0.0,0.0,none,persistence,1.0,0.0,none,1.0,0.0,success,2026-07-07 14:47:37,c2426e68ca13f74aaec08045c5c724d8ad328124,true,,,0,0,0,custom,./dataset/traffic/,traffic.csv,OT,h,2021,0,iTransformer,Traffic_pl192_baseline_seed2021,Traffic_pl192_baseline_seed2021_iTransformer_custom_M_ft96_sl48_ll192_pl512_dm8_nh4_el1_dl512_df1_fctimeF_ebTrue_dtbaseline_projection_0,96,48,4,512,512,16,0.001,10,3,0,True,./checkpoints/Traffic_pl192_baseline_seed2021_iTransformer_custom_M_ft96_sl48_ll192_pl512_dm8_nh4_el1_dl512_df1_fctimeF_ebTrue_dtbaseline_projection_0,./results/Traffic_pl192_baseline_seed2021_iTransformer_custom_M_ft96_sl48_ll192_pl512_dm8_nh4_el1_dl512_df1_fctimeF_ebTrue_dtbaseline_projection_0/,,,,,
Traffic,336,iTransformer,iTransformer,,,0,none,transpose,,feature,,mse,1.0,False,1,862,862,862,862,862,,,1.0,1.0,1.0,862,862,1.0,1.0,258,False,8,0.0,1.0,scalar,1.0,1.0,1.0,4,False,False,baseline,,862,,866,866,4,1.0,0.0,1.0,0.0,test,False,0.4222271319784993,0.2820451640756566,0.6497900676206888,2.9226720860078843,139320.18910372574,0.0,0.0,0.0,0.0,0.0,0.0,,False,0.0,0.0,0,1.0,row_l1,1e-08,False,0.0,0.0,0.0,0.0,1473.2189292907715,7400,0.1990836390933475,5.023014470471449,147.30431866645813,147.32189292907714,80.36823152754319,1747.0320672988892,6534992,5121.79443359375,5896.0,5121.79443359375,1.0,0,,,0,0,,,,,,,,,,,,,,,,,,,,,0.0,0.0,0.0,0.0,none,persistence,1.0,0.0,none,1.0,0.0,success,2026-07-07 15:16:50,c2426e68ca13f74aaec08045c5c724d8ad328124,true,,,0,0,0,custom,./dataset/traffic/,traffic.csv,OT,h,2021,0,iTransformer,Traffic_pl336_baseline_seed2021,Traffic_pl336_baseline_seed2021_iTransformer_custom_M_ft96_sl48_ll336_pl512_dm8_nh4_el1_dl512_df1_fctimeF_ebTrue_dtbaseline_projection_0,96,48,4,512,512,16,0.001,10,3,0,True,./checkpoints/Traffic_pl336_baseline_seed2021_iTransformer_custom_M_ft96_sl48_ll336_pl512_dm8_nh4_el1_dl512_df1_fctimeF_ebTrue_dtbaseline_projection_0,./results/Traffic_pl336_baseline_seed2021_iTransformer_custom_M_ft96_sl48_ll336_pl512_dm8_nh4_el1_dl512_df1_fctimeF_ebTrue_dtbaseline_projection_0/,,,,,
Traffic,720,iTransformer,iTransformer,,,0,none,transpose,,feature,,mse,1.0,False,1,862,862,862,862,862,,,1.0,1.0,1.0,862,862,1.0,1.0,258,False,8,0.0,1.0,scalar,1.0,1.0,1.0,4,False,False,baseline,,862,,866,866,4,1.0,0.0,1.0,0.0,test,False,0.4583610683689545,0.3002002914816083,0.67702368375778,3.0602507410451323,191417.6222262076,0.0,0.0,0.0,0.0,0.0,0.0,,False,0.0,0.0,0,1.0,row_l1,1e-08,False,0.0,0.0,0.0,0.0,1488.5342245101929,7160,0.20789584141203812,4.810101025628767,149.12455034255981,148.8534224510193,76.96161641006027,1761.879668712616,6731984,5183.64453125,5944.0,5183.64453125,1.0,0,,,0,0,,,,,,,,,,,,,,,,,,,,,0.0,0.0,0.0,0.0,none,persistence,1.0,0.0,none,1.0,0.0,success,2026-07-07 15:46:18,c2426e68ca13f74aaec08045c5c724d8ad328124,true,,,0,0,0,custom,./dataset/traffic/,traffic.csv,OT,h,2021,0,iTransformer,Traffic_pl720_baseline_seed2021,Traffic_pl720_baseline_seed2021_iTransformer_custom_M_ft96_sl48_ll720_pl512_dm8_nh4_el1_dl512_df1_fctimeF_ebTrue_dtbaseline_projection_0,96,48,4,512,512,16,0.001,10,3,0,True,./checkpoints/Traffic_pl720_baseline_seed2021_iTransformer_custom_M_ft96_sl48_ll720_pl512_dm8_nh4_el1_dl512_df1_fctimeF_ebTrue_dtbaseline_projection_0,./results/Traffic_pl720_baseline_seed2021_iTransformer_custom_M_ft96_sl48_ll720_pl512_dm8_nh4_el1_dl512_df1_fctimeF_ebTrue_dtbaseline_projection_0/,,,,,
Solar,96,iTransformer,iTransformer,,,0,none,transpose,,feature,,mse,1.0,False,1,137,137,137,137,137,,,1.0,1.0,1.0,137,137,1.0,1.0,41,False,8,0.0,1.0,scalar,1.0,1.0,1.0,4,False,False,baseline,,137,,137,137,0,1.0,0.0,1.0,0.0,test,False,0.20235349700158414,0.23659489212054424,0.44983718943811674,1.7968774842466042,21499.88019043678,0.0,0.0,0.0,0.0,0.0,0.0,,False,0.0,0.0,0,1.0,row_l1,1e-08,False,0.0,0.0,0.0,0.0,196.29997062683105,10287,0.01908233407473812,52.40449077578177,21.636789083480835,21.811107847425674,1676.9437048250165,433.9565827846527,3255904,392.4111328125,456.0,392.4111328125,1.0,0,,,0,0,,,,,,,,,,,,,,,,,,,,,0.0,0.0,0.0,0.0,none,persistence,1.0,0.0,none,1.0,0.0,success,2026-07-07 15:53:39,c2426e68ca13f74aaec08045c5c724d8ad328124,true,,,0,0,0,Solar,./dataset/Solar/,solar_AL.txt,none,t,2021,0,iTransformer,Solar_pl96_baseline_seed2021,Solar_pl96_baseline_seed2021_iTransformer_Solar_M_ft96_sl48_ll96_pl512_dm8_nh2_el1_dl512_df1_fctimeF_ebTrue_dtbaseline_projection_0,96,48,2,512,512,32,0.0005,10,3,0,True,./checkpoints/Solar_pl96_baseline_seed2021_iTransformer_Solar_M_ft96_sl48_ll96_pl512_dm8_nh2_el1_dl512_df1_fctimeF_ebTrue_dtbaseline_projection_0,./results/Solar_pl96_baseline_seed2021_iTransformer_Solar_M_ft96_sl48_ll96_pl512_dm8_nh2_el1_dl512_df1_fctimeF_ebTrue_dtbaseline_projection_0/,,,,,
Solar,192,iTransformer,iTransformer,,,0,none,transpose,,feature,,mse,1.0,False,1,137,137,137,137,137,,,1.0,1.0,1.0,137,137,1.0,1.0,41,False,8,0.0,1.0,scalar,1.0,1.0,1.0,4,False,False,baseline,,137,,137,137,0,1.0,0.0,1.0,0.0,test,False,0.2373350733906458,0.2625903849902797,0.4871704767231342,1.9542711746001884,26294.322874204692,0.0,0.0,0.0,0.0,0.0,0.0,,False,0.0,0.0,0,1.0,row_l1,1e-08,False,0.0,0.0,0.0,0.0,218.402348279953,11400,0.019158100726311668,52.19724096275387,21.999282360076904,21.8402348279953,1670.3117108081237,505.99435782432556,3305152,398.916015625,476.0,398.916015625,1.0,0,,,0,0,,,,,,,,,,,,,,,,,,,,,0.0,0.0,0.0,0.0,none,persistence,1.0,0.0,none,1.0,0.0,success,2026-07-07 16:02:11,c2426e68ca13f74aaec08045c5c724d8ad328124,true,,,0,0,0,Solar,./dataset/Solar/,solar_AL.txt,none,t,2021,0,iTransformer,Solar_pl192_baseline_seed2021,Solar_pl192_baseline_seed2021_iTransformer_Solar_M_ft96_sl48_ll192_pl512_dm8_nh2_el1_dl512_df1_fctimeF_ebTrue_dtbaseline_projection_0,96,48,2,512,512,32,0.0005,10,3,0,True,./checkpoints/Solar_pl192_baseline_seed2021_iTransformer_Solar_M_ft96_sl48_ll192_pl512_dm8_nh2_el1_dl512_df1_fctimeF_ebTrue_dtbaseline_projection_0,./results/Solar_pl192_baseline_seed2021_iTransformer_Solar_M_ft96_sl48_ll192_pl512_dm8_nh2_el1_dl512_df1_fctimeF_ebTrue_dtbaseline_projection_0/,,,,,
Solar,336,iTransformer,iTransformer,,,0,none,transpose,,feature,,mse,1.0,False,1,137,137,137,137,137,,,1.0,1.0,1.0,137,137,1.0,1.0,41,False,8,0.0,1.0,scalar,1.0,1.0,1.0,4,False,False,baseline,,137,,137,137,0,1.0,0.0,1.0,0.0,test,False,0.2491749278476005,0.2733983008132995,0.4991742459778955,2.0008612032982342,25551.03256116333,0.0,0.0,0.0,0.0,0.0,0.0,,False,0.0,0.0,0,1.0,row_l1,1e-08,False,0.0,0.0,0.0,0.0,229.01861906051636,11360,0.020160089706031368,49.60295388471542,23.15285038948059,22.901861906051636,1587.2945243108934,521.5295150279999,3379024,406.93603515625,478.0,406.93603515625,1.0,0,,,0,0,,,,,,,,,,,,,,,,,,,,,0.0,0.0,0.0,0.0,none,persistence,1.0,0.0,none,1.0,0.0,success,2026-07-07 16:10:59,c2426e68ca13f74aaec08045c5c724d8ad328124,true,,,0,0,0,Solar,./dataset/Solar/,solar_AL.txt,none,t,2021,0,iTransformer,Solar_pl336_baseline_seed2021,Solar_pl336_baseline_seed2021_iTransformer_Solar_M_ft96_sl48_ll336_pl512_dm8_nh2_el1_dl512_df1_fctimeF_ebTrue_dtbaseline_projection_0,96,48,2,512,512,32,0.0005,10,3,0,True,./checkpoints/Solar_pl336_baseline_seed2021_iTransformer_Solar_M_ft96_sl48_ll336_pl512_dm8_nh2_el1_dl512_df1_fctimeF_ebTrue_dtbaseline_projection_0,./results/Solar_pl336_baseline_seed2021_iTransformer_Solar_M_ft96_sl48_ll336_pl512_dm8_nh2_el1_dl512_df1_fctimeF_ebTrue_dtbaseline_projection_0/,,,,,
Solar,720,iTransformer,iTransformer,,,0,none,transpose,,feature,,mse,1.0,False,1,137,137,137,137,137,,,1.0,1.0,1.0,137,137,1.0,1.0,41,False,8,0.0,1.0,scalar,1.0,1.0,1.0,4,False,False,baseline,,137,,137,137,0,1.0,0.0,1.0,0.0,test,False,0.24916355670258755,0.2753280443092019,0.49916285589233056,2.0273814480954124,27850.692938248492,0.0,0.0,0.0,0.0,0.0,0.0,,False,0.0,0.0,0,1.0,row_l1,1e-08,False,0.0,0.0,0.0,0.0,231.4265079498291,10116,0.02287727441180596,43.71150085448745,25.90027141571045,25.7140564388699,1398.7680273435983,509.16125226020813,3576016,451.00244140625,572.0,451.00244140625,1.0,0,,,0,0,,,,,,,,,,,,,,,,,,,,,0.0,0.0,0.0,0.0,none,persistence,1.0,0.0,none,1.0,0.0,success,2026-07-07 16:19:34,c2426e68ca13f74aaec08045c5c724d8ad328124,true,,,0,0,0,Solar,./dataset/Solar/,solar_AL.txt,none,t,2021,0,iTransformer,Solar_pl720_baseline_seed2021,Solar_pl720_baseline_seed2021_iTransformer_Solar_M_ft96_sl48_ll720_pl512_dm8_nh2_el1_dl512_df1_fctimeF_ebTrue_dtbaseline_projection_0,96,48,2,512,512,32,0.0005,10,3,0,True,./checkpoints/Solar_pl720_baseline_seed2021_iTransformer_Solar_M_ft96_sl48_ll720_pl512_dm8_nh2_el1_dl512_df1_fctimeF_ebTrue_dtbaseline_projection_0,./results/Solar_pl720_baseline_seed2021_iTransformer_Solar_M_ft96_sl48_ll720_pl512_dm8_nh2_el1_dl512_df1_fctimeF_ebTrue_dtbaseline_projection_0/,,,,,
Weather,96,mlp_slot_attention,mlp_slot_attention,,,0,mlp_slot_attention,slot_learned_linear,assignment_transpose,feature,,mse,1.0,True,1,21,21,21,2,2,0.1,2,0.1,0.09523809523809523,0.09523809523809523,2,2,0.09523809523809523,0.09523809523809523,6,False,8,0.0,1.0,scalar,1.0,1.0,1.0,4,False,False,ratio,target,2,,26,7,5,0.2692307692307692,73.07692307692308,0.07248520710059171,92.75147928994083,test,False,0.20234259805505167,0.2522031668006287,0.44982507495142116,13.862028374968041,17648318.021165065,0.0,0.0,0.0,0.0,0.0,0.0,0.0,True,0.01,0.2,0,1.0,row_l1,1e-08,True,0.71365876462031,0.007136587490348786,0.009999999776482582,0.0,151.9387242794037,11460,0.013258178383892118,75.42514296043409,15.084908246994019,15.193872427940368,2413.604574733891,631.1077268123627,5097612,133.86767578125,182.0,133.86767578125,1.0,0,softmax,1.5,0,0,,,,,,,,,,,,,1.0,,,0.3345588445663452,18.035032272338867,17.069520950317383,0.09090909361839294,11,0.0,0.0,0.0,0.0,none,persistence,1.0,0.0,none,1.0,0.0,success,2026-07-07 16:30:12,c2426e68ca13f74aaec08045c5c724d8ad328124,true,,,0,0,0,custom,./dataset/weather/,weather.csv,OT,t,2021,0,iTransformer,Weather_pl96_mlp_slot_attention_ratio0.10_k2_ortho0_seed2021_slot_learned_linear_cycle0.01_cw0.2,Weather_pl96_mlp_slot_attention_ratio0.10_k2_ortho0_seed2021_slot_learned_linear_cycle0.01_cw0.2_iTransformer_custom_M_ft96_sl48_ll96_pl512_dm8_nh3_el1_dl512_df1_fctimeF_ebTrue_dtvr_projection_0,96,48,3,512,512,32,0.0001,10,3,0,True,./checkpoints/Weather_pl96_mlp_slot_attention_ratio0.10_k2_ortho0_seed2021_slot_learned_linear_cycle0.01_cw0.2_iTransformer_custom_M_ft96_sl48_ll96_pl512_dm8_nh3_el1_dl512_df1_fctimeF_ebTrue_dtvr_projection_0,./results/Weather_pl96_mlp_slot_attention_ratio0.10_k2_ortho0_seed2021_slot_learned_linear_cycle0.01_cw0.2_iTransformer_custom_M_ft96_sl48_ll96_pl512_dm8_nh3_el1_dl512_df1_fctimeF_ebTrue_dtvr_projection_0/,./results/Weather_pl96_mlp_slot_attention_ratio0.10_k2_ortho0_seed2021_slot_learned_linear_cycle0.01_cw0.2_iTransformer_custom_M_ft96_sl48_ll96_pl512_dm8_nh3_el1_dl512_df1_fctimeF_ebTrue_dtvr_projection_0/weight_matrices,./results/Weather_pl96_mlp_slot_attention_ratio0.10_k2_ortho0_seed2021_slot_learned_linear_cycle0.01_cw0.2_iTransformer_custom_M_ft96_sl48_ll96_pl512_dm8_nh3_el1_dl512_df1_fctimeF_ebTrue_dtvr_projection_0/slot_diagnostics,./results/attention_weight_heatmaps/Weather_pl96_mlp_slot_attention_ratio0.10_k2_ortho0_seed2021_slot_learned_linear_cycle0.01_cw0.2_iTransformer_custom_M_ft96_sl48_ll96_pl512_dm8_nh3_el1_dl512_df1_fctimeF_ebTrue_dtvr_projection_0,0.0,0.35
Weather,96,mlp_slot_attention,mlp_slot_attention,,,0,mlp_slot_attention,slot_learned_linear,assignment_transpose,feature,,mse,1.0,True,1,21,21,21,4,4,0.2,4,0.2,0.19047619047619047,0.19047619047619047,4,4,0.19047619047619047,0.19047619047619047,6,False,8,0.0,1.0,scalar,1.0,1.0,1.0,4,False,False,ratio,target,4,,26,9,5,0.34615384615384615,65.38461538461539,0.11982248520710058,88.01775147928994,test,False,0.1933420763117361,0.24136526974513126,0.4397068072155992,15.272182758827492,24623521.4417949,0.0,0.0,0.0,0.0,0.0,0.0,0.0,True,0.01,0.2,0,1.0,row_l1,1e-08,True,0.8928605311308023,0.008928605112333312,0.009999999776482582,0.0,136.64031314849854,10314,0.013248042771814867,75.48284808737893,15.120421648025513,15.182257016499838,2415.4511387961256,567.3270251750946,5098680,136.07421875,180.0,136.07421875,1.0,0,softmax,1.5,0,0,,,,,,,,,,,,,1.0,,,0.21212121844291687,16.416711807250977,15.887187957763672,0.3333333432674408,6,0.0,0.0,0.0,0.0,none,persistence,1.0,0.0,none,1.0,0.0,success,2026-07-07 16:39:46,c2426e68ca13f74aaec08045c5c724d8ad328124,true,,,0,0,0,custom,./dataset/weather/,weather.csv,OT,t,2021,0,iTransformer,Weather_pl96_mlp_slot_attention_ratio0.20_k4_ortho0_seed2021_slot_learned_linear_cycle0.01_cw0.2,Weather_pl96_mlp_slot_attention_ratio0.20_k4_ortho0_seed2021_slot_learned_linear_cycle0.01_cw0.2_iTransformer_custom_M_ft96_sl48_ll96_pl512_dm8_nh3_el1_dl512_df1_fctimeF_ebTrue_dtvr_projection_0,96,48,3,512,512,32,0.0001,10,3,0,True,./checkpoints/Weather_pl96_mlp_slot_attention_ratio0.20_k4_ortho0_seed2021_slot_learned_linear_cycle0.01_cw0.2_iTransformer_custom_M_ft96_sl48_ll96_pl512_dm8_nh3_el1_dl512_df1_fctimeF_ebTrue_dtvr_projection_0,./results/Weather_pl96_mlp_slot_attention_ratio0.20_k4_ortho0_seed2021_slot_learned_linear_cycle0.01_cw0.2_iTransformer_custom_M_ft96_sl48_ll96_pl512_dm8_nh3_el1_dl512_df1_fctimeF_ebTrue_dtvr_projection_0/,./results/Weather_pl96_mlp_slot_attention_ratio0.20_k4_ortho0_seed2021_slot_learned_linear_cycle0.01_cw0.2_iTransformer_custom_M_ft96_sl48_ll96_pl512_dm8_nh3_el1_dl512_df1_fctimeF_ebTrue_dtvr_projection_0/weight_matrices,./results/Weather_pl96_mlp_slot_attention_ratio0.20_k4_ortho0_seed2021_slot_learned_linear_cycle0.01_cw0.2_iTransformer_custom_M_ft96_sl48_ll96_pl512_dm8_nh3_el1_dl512_df1_fctimeF_ebTrue_dtvr_projection_0/slot_diagnostics,./results/attention_weight_heatmaps/Weather_pl96_mlp_slot_attention_ratio0.20_k4_ortho0_seed2021_slot_learned_linear_cycle0.01_cw0.2_iTransformer_custom_M_ft96_sl48_ll96_pl512_dm8_nh3_el1_dl512_df1_fctimeF_ebTrue_dtvr_projection_0,0.0,0.35
Weather,96,mlp_slot_attention,mlp_slot_attention,,,0,mlp_slot_attention,slot_learned_linear,assignment_transpose,feature,,mse,1.0,True,1,21,21,21,6,6,0.3,6,0.3,0.2857142857142857,0.2857142857142857,6,6,0.2857142857142857,0.2857142857142857,6,False,8,0.0,1.0,scalar,1.0,1.0,1.0,4,False,False,ratio,target,6,,26,11,5,0.4230769230769231,57.692307692307686,0.17899408284023668,82.10059171597634,test,False,0.18981078093598067,0.23802185214795105,0.4356727911357108,13.310677308727156,17071530.98352626,0.0,0.0,0.0,0.0,0.0,0.0,0.0,True,0.01,0.2,0,1.0,row_l1,1e-08,True,0.8003590664522394,0.008003590474909669,0.009999999776482582,0.0,106.30651450157166,8022,0.013251871665616012,75.46103865423413,15.163944005966187,15.186644928795952,2414.753236935492,450.6229031085968,5099748,140.76318359375,184.0,140.76318359375,1.0,0,softmax,1.5,0,0,,,,,,,,,,,,,1.0,,,0.071428582072258,16.500797271728516,16.844589233398438,0.18333333730697632,4,0.0,0.0,0.0,0.0,none,persistence,1.0,0.0,none,1.0,0.0,success,2026-07-07 16:47:23,c2426e68ca13f74aaec08045c5c724d8ad328124,true,,,0,0,0,custom,./dataset/weather/,weather.csv,OT,t,2021,0,iTransformer,Weather_pl96_mlp_slot_attention_ratio0.30_k6_ortho0_seed2021_slot_learned_linear_cycle0.01_cw0.2,Weather_pl96_mlp_slot_attention_ratio0.30_k6_ortho0_seed2021_slot_learned_linear_cycle0.01_cw0.2_iTransformer_custom_M_ft96_sl48_ll96_pl512_dm8_nh3_el1_dl512_df1_fctimeF_ebTrue_dtvr_projection_0,96,48,3,512,512,32,0.0001,10,3,0,True,./checkpoints/Weather_pl96_mlp_slot_attention_ratio0.30_k6_ortho0_seed2021_slot_learned_linear_cycle0.01_cw0.2_iTransformer_custom_M_ft96_sl48_ll96_pl512_dm8_nh3_el1_dl512_df1_fctimeF_ebTrue_dtvr_projection_0,./results/Weather_pl96_mlp_slot_attention_ratio0.30_k6_ortho0_seed2021_slot_learned_linear_cycle0.01_cw0.2_iTransformer_custom_M_ft96_sl48_ll96_pl512_dm8_nh3_el1_dl512_df1_fctimeF_ebTrue_dtvr_projection_0/,./results/Weather_pl96_mlp_slot_attention_ratio0.30_k6_ortho0_seed2021_slot_learned_linear_cycle0.01_cw0.2_iTransformer_custom_M_ft96_sl48_ll96_pl512_dm8_nh3_el1_dl512_df1_fctimeF_ebTrue_dtvr_projection_0/weight_matrices,./results/Weather_pl96_mlp_slot_attention_ratio0.30_k6_ortho0_seed2021_slot_learned_linear_cycle0.01_cw0.2_iTransformer_custom_M_ft96_sl48_ll96_pl512_dm8_nh3_el1_dl512_df1_fctimeF_ebTrue_dtvr_projection_0/slot_diagnostics,./results/attention_weight_heatmaps/Weather_pl96_mlp_slot_attention_ratio0.30_k6_ortho0_seed2021_slot_learned_linear_cycle0.01_cw0.2_iTransformer_custom_M_ft96_sl48_ll96_pl512_dm8_nh3_el1_dl512_df1_fctimeF_ebTrue_dtvr_projection_0,0.0,0.35
Weather,192,mlp_slot_attention,mlp_slot_attention,,,0,mlp_slot_attention,slot_learned_linear,assignment_transpose,feature,,mse,1.0,True,1,21,21,21,2,2,0.1,2,0.1,0.09523809523809523,0.09523809523809523,2,2,0.09523809523809523,0.09523809523809523,6,False,8,0.0,1.0,scalar,1.0,1.0,1.0,4,False,False,ratio,target,2,,26,7,5,0.2692307692307692,73.07692307692308,0.07248520710059171,92.75147928994083,test,False,0.2521890269959838,0.28918440475448076,0.5021842560216158,13.178118575937098,15786079.765232762,0.0,0.0,0.0,0.0,0.0,0.0,0.0,True,0.01,0.2,0,1.0,row_l1,1e-08,True,0.7051662276006017,0.007051662125560347,0.009999999776482582,0.0,152.40426301956177,11430,0.01333370630092404,74.99790211598548,15.163270711898804,15.240426301956177,2399.9328677115354,624.7717387676239,5146860,135.41650390625,180.0,135.41650390625,1.0,0,softmax,1.5,0,0,,,,,,,,,,,,,1.0,,,0.46666666865348816,13.332311630249023,17.14388656616211,0.4545454680919647,11,0.0,0.0,0.0,0.0,none,persistence,1.0,0.0,none,1.0,0.0,success,2026-07-07 16:57:54,c2426e68ca13f74aaec08045c5c724d8ad328124,true,,,0,0,0,custom,./dataset/weather/,weather.csv,OT,t,2021,0,iTransformer,Weather_pl192_mlp_slot_attention_ratio0.10_k2_ortho0_seed2021_slot_learned_linear_cycle0.01_cw0.2,Weather_pl192_mlp_slot_attention_ratio0.10_k2_ortho0_seed2021_slot_learned_linear_cycle0.01_cw0.2_iTransformer_custom_M_ft96_sl48_ll192_pl512_dm8_nh3_el1_dl512_df1_fctimeF_ebTrue_dtvr_projection_0,96,48,3,512,512,32,0.0001,10,3,0,True,./checkpoints/Weather_pl192_mlp_slot_attention_ratio0.10_k2_ortho0_seed2021_slot_learned_linear_cycle0.01_cw0.2_iTransformer_custom_M_ft96_sl48_ll192_pl512_dm8_nh3_el1_dl512_df1_fctimeF_ebTrue_dtvr_projection_0,./results/Weather_pl192_mlp_slot_attention_ratio0.10_k2_ortho0_seed2021_slot_learned_linear_cycle0.01_cw0.2_iTransformer_custom_M_ft96_sl48_ll192_pl512_dm8_nh3_el1_dl512_df1_fctimeF_ebTrue_dtvr_projection_0/,./results/Weather_pl192_mlp_slot_attention_ratio0.10_k2_ortho0_seed2021_slot_learned_linear_cycle0.01_cw0.2_iTransformer_custom_M_ft96_sl48_ll192_pl512_dm8_nh3_el1_dl512_df1_fctimeF_ebTrue_dtvr_projection_0/weight_matrices,./results/Weather_pl192_mlp_slot_attention_ratio0.10_k2_ortho0_seed2021_slot_learned_linear_cycle0.01_cw0.2_iTransformer_custom_M_ft96_sl48_ll192_pl512_dm8_nh3_el1_dl512_df1_fctimeF_ebTrue_dtvr_projection_0/slot_diagnostics,./results/attention_weight_heatmaps/Weather_pl192_mlp_slot_attention_ratio0.10_k2_ortho0_seed2021_slot_learned_linear_cycle0.01_cw0.2_iTransformer_custom_M_ft96_sl48_ll192_pl512_dm8_nh3_el1_dl512_df1_fctimeF_ebTrue_dtvr_projection_0,0.0,0.35
Weather,192,mlp_slot_attention,mlp_slot_attention,,,0,mlp_slot_attention,slot_learned_linear,assignment_transpose,feature,,mse,1.0,True,1,21,21,21,4,4,0.2,4,0.2,0.19047619047619047,0.19047619047619047,4,4,0.19047619047619047,0.19047619047619047,6,False,8,0.0,1.0,scalar,1.0,1.0,1.0,4,False,False,ratio,target,4,,26,9,5,0.34615384615384615,65.38461538461539,0.11982248520710058,88.01775147928994,test,False,0.24594435561375946,0.2811905948186805,0.49592777257757953,14.164314114150137,19857907.62259254,0.0,0.0,0.0,0.0,0.0,0.0,0.0,True,0.01,0.2,0,1.0,row_l1,1e-08,True,0.8403648138046265,0.00840364795663799,0.009999999776482582,0.0,153.5276403427124,11430,0.013431989531295924,74.44913485601262,15.188512325286865,15.35276403427124,2382.372315392404,627.4139969348907,5147928,137.623046875,180.0,137.623046875,1.0,0,softmax,1.5,0,0,,,,,,,,,,,,,1.0,,,0.2666666805744171,15.714401245117188,15.934799194335938,0.2777777910232544,6,0.0,0.0,0.0,0.0,none,persistence,1.0,0.0,none,1.0,0.0,success,2026-07-07 17:08:28,c2426e68ca13f74aaec08045c5c724d8ad328124,true,,,0,0,0,custom,./dataset/weather/,weather.csv,OT,t,2021,0,iTransformer,Weather_pl192_mlp_slot_attention_ratio0.20_k4_ortho0_seed2021_slot_learned_linear_cycle0.01_cw0.2,Weather_pl192_mlp_slot_attention_ratio0.20_k4_ortho0_seed2021_slot_learned_linear_cycle0.01_cw0.2_iTransformer_custom_M_ft96_sl48_ll192_pl512_dm8_nh3_el1_dl512_df1_fctimeF_ebTrue_dtvr_projection_0,96,48,3,512,512,32,0.0001,10,3,0,True,./checkpoints/Weather_pl192_mlp_slot_attention_ratio0.20_k4_ortho0_seed2021_slot_learned_linear_cycle0.01_cw0.2_iTransformer_custom_M_ft96_sl48_ll192_pl512_dm8_nh3_el1_dl512_df1_fctimeF_ebTrue_dtvr_projection_0,./results/Weather_pl192_mlp_slot_attention_ratio0.20_k4_ortho0_seed2021_slot_learned_linear_cycle0.01_cw0.2_iTransformer_custom_M_ft96_sl48_ll192_pl512_dm8_nh3_el1_dl512_df1_fctimeF_ebTrue_dtvr_projection_0/,./results/Weather_pl192_mlp_slot_attention_ratio0.20_k4_ortho0_seed2021_slot_learned_linear_cycle0.01_cw0.2_iTransformer_custom_M_ft96_sl48_ll192_pl512_dm8_nh3_el1_dl512_df1_fctimeF_ebTrue_dtvr_projection_0/weight_matrices,./results/Weather_pl192_mlp_slot_attention_ratio0.20_k4_ortho0_seed2021_slot_learned_linear_cycle0.01_cw0.2_iTransformer_custom_M_ft96_sl48_ll192_pl512_dm8_nh3_el1_dl512_df1_fctimeF_ebTrue_dtvr_projection_0/slot_diagnostics,./results/attention_weight_heatmaps/Weather_pl192_mlp_slot_attention_ratio0.20_k4_ortho0_seed2021_slot_learned_linear_cycle0.01_cw0.2_iTransformer_custom_M_ft96_sl48_ll192_pl512_dm8_nh3_el1_dl512_df1_fctimeF_ebTrue_dtvr_projection_0,0.0,0.35
Weather,192,mlp_slot_attention,mlp_slot_attention,,,0,mlp_slot_attention,slot_learned_linear,assignment_transpose,feature,,mse,1.0,True,1,21,21,21,6,6,0.3,6,0.3,0.2857142857142857,0.2857142857142857,6,6,0.2857142857142857,0.2857142857142857,6,False,8,0.0,1.0,scalar,1.0,1.0,1.0,4,False,False,ratio,target,6,,26,11,5,0.4230769230769231,57.692307692307686,0.17899408284023668,82.10059171597634,test,False,0.23959710682596688,0.27666176240199464,0.4894865747147381,13.396999531885932,17134351.786895044,0.0,0.0,0.0,0.0,0.0,0.0,0.0,True,0.01,0.2,0,1.0,row_l1,1e-08,True,0.8690057416704801,0.008690057218087835,0.009999999776482582,0.0,154.7056827545166,11430,0.013535055359100314,73.88222459892995,15.503154277801514,15.47056827545166,2364.2311871657585,626.5821566581726,5148996,142.31201171875,184.0,142.31201171875,1.0,0,softmax,1.5,0,0,,,,,,,,,,,,,1.0,,,0.2349206507205963,15.759608268737793,16.89794921875,0.23333334922790527,4,0.0,0.0,0.0,0.0,none,persistence,1.0,0.0,none,1.0,0.0,success,2026-07-07 17:19:01,c2426e68ca13f74aaec08045c5c724d8ad328124,true,,,0,0,0,custom,./dataset/weather/,weather.csv,OT,t,2021,0,iTransformer,Weather_pl192_mlp_slot_attention_ratio0.30_k6_ortho0_seed2021_slot_learned_linear_cycle0.01_cw0.2,Weather_pl192_mlp_slot_attention_ratio0.30_k6_ortho0_seed2021_slot_learned_linear_cycle0.01_cw0.2_iTransformer_custom_M_ft96_sl48_ll192_pl512_dm8_nh3_el1_dl512_df1_fctimeF_ebTrue_dtvr_projection_0,96,48,3,512,512,32,0.0001,10,3,0,True,./checkpoints/Weather_pl192_mlp_slot_attention_ratio0.30_k6_ortho0_seed2021_slot_learned_linear_cycle0.01_cw0.2_iTransformer_custom_M_ft96_sl48_ll192_pl512_dm8_nh3_el1_dl512_df1_fctimeF_ebTrue_dtvr_projection_0,./results/Weather_pl192_mlp_slot_attention_ratio0.30_k6_ortho0_seed2021_slot_learned_linear_cycle0.01_cw0.2_iTransformer_custom_M_ft96_sl48_ll192_pl512_dm8_nh3_el1_dl512_df1_fctimeF_ebTrue_dtvr_projection_0/,./results/Weather_pl192_mlp_slot_attention_ratio0.30_k6_ortho0_seed2021_slot_learned_linear_cycle0.01_cw0.2_iTransformer_custom_M_ft96_sl48_ll192_pl512_dm8_nh3_el1_dl512_df1_fctimeF_ebTrue_dtvr_projection_0/weight_matrices,./results/Weather_pl192_mlp_slot_attention_ratio0.30_k6_ortho0_seed2021_slot_learned_linear_cycle0.01_cw0.2_iTransformer_custom_M_ft96_sl48_ll192_pl512_dm8_nh3_el1_dl512_df1_fctimeF_ebTrue_dtvr_projection_0/slot_diagnostics,./results/attention_weight_heatmaps/Weather_pl192_mlp_slot_attention_ratio0.30_k6_ortho0_seed2021_slot_learned_linear_cycle0.01_cw0.2_iTransformer_custom_M_ft96_sl48_ll192_pl512_dm8_nh3_el1_dl512_df1_fctimeF_ebTrue_dtvr_projection_0,0.0,0.35
Weather,336,mlp_slot_attention,mlp_slot_attention,,,0,mlp_slot_attention,slot_learned_linear,assignment_transpose,feature,,mse,1.0,True,1,21,21,21,2,2,0.1,2,0.1,0.09523809523809523,0.09523809523809523,2,2,0.09523809523809523,0.09523809523809523,6,False,8,0.0,1.0,scalar,1.0,1.0,1.0,4,False,False,ratio,target,2,,26,7,5,0.2692307692307692,73.07692307692308,0.07248520710059171,92.75147928994083,test,False,0.3033076709215665,0.320478822189291,0.5507337568386076,14.7652022779445,21134237.203815114,0.0,0.0,0.0,0.0,0.0,0.0,0.0,True,0.01,0.2,0,1.0,row_l1,1e-08,True,0.719332974871802,0.007193329590728426,0.009999999776482582,0.0,155.8852562904358,11390,0.013686150683971535,73.06656364460059,15.457979917526245,15.588525629043579,2338.1300366272185,622.5699832439423,5220732,137.73876953125,184.0,137.73876953125,1.0,0,softmax,1.5,0,0,,,,,,,,,,,,,1.0,,,0.4327731132507324,17.760887145996094,17.233022689819336,0.5454545617103577,11,0.0,0.0,0.0,0.0,none,persistence,1.0,0.0,none,1.0,0.0,success,2026-07-07 17:29:31,c2426e68ca13f74aaec08045c5c724d8ad328124,true,,,0,0,0,custom,./dataset/weather/,weather.csv,OT,t,2021,0,iTransformer,Weather_pl336_mlp_slot_attention_ratio0.10_k2_ortho0_seed2021_slot_learned_linear_cycle0.01_cw0.2,Weather_pl336_mlp_slot_attention_ratio0.10_k2_ortho0_seed2021_slot_learned_linear_cycle0.01_cw0.2_iTransformer_custom_M_ft96_sl48_ll336_pl512_dm8_nh3_el1_dl512_df1_fctimeF_ebTrue_dtvr_projection_0,96,48,3,512,512,32,0.0001,10,3,0,True,./checkpoints/Weather_pl336_mlp_slot_attention_ratio0.10_k2_ortho0_seed2021_slot_learned_linear_cycle0.01_cw0.2_iTransformer_custom_M_ft96_sl48_ll336_pl512_dm8_nh3_el1_dl512_df1_fctimeF_ebTrue_dtvr_projection_0,./results/Weather_pl336_mlp_slot_attention_ratio0.10_k2_ortho0_seed2021_slot_learned_linear_cycle0.01_cw0.2_iTransformer_custom_M_ft96_sl48_ll336_pl512_dm8_nh3_el1_dl512_df1_fctimeF_ebTrue_dtvr_projection_0/,./results/Weather_pl336_mlp_slot_attention_ratio0.10_k2_ortho0_seed2021_slot_learned_linear_cycle0.01_cw0.2_iTransformer_custom_M_ft96_sl48_ll336_pl512_dm8_nh3_el1_dl512_df1_fctimeF_ebTrue_dtvr_projection_0/weight_matrices,./results/Weather_pl336_mlp_slot_attention_ratio0.10_k2_ortho0_seed2021_slot_learned_linear_cycle0.01_cw0.2_iTransformer_custom_M_ft96_sl48_ll336_pl512_dm8_nh3_el1_dl512_df1_fctimeF_ebTrue_dtvr_projection_0/slot_diagnostics,./results/attention_weight_heatmaps/Weather_pl336_mlp_slot_attention_ratio0.10_k2_ortho0_seed2021_slot_learned_linear_cycle0.01_cw0.2_iTransformer_custom_M_ft96_sl48_ll336_pl512_dm8_nh3_el1_dl512_df1_fctimeF_ebTrue_dtvr_projection_0,0.0,0.35
Weather,336,mlp_slot_attention,mlp_slot_attention,,,0,mlp_slot_attention,slot_learned_linear,assignment_transpose,feature,,mse,1.0,True,1,21,21,21,4,4,0.2,4,0.2,0.19047619047619047,0.19047619047619047,4,4,0.19047619047619047,0.19047619047619047,6,False,8,0.0,1.0,scalar,1.0,1.0,1.0,4,False,False,ratio,target,4,,26,9,5,0.34615384615384615,65.38461538461539,0.11982248520710058,88.01775147928994,test,False,0.29884587669599827,0.3170591928725804,0.5466679766512744,13.803918300248244,19495292.653549064,0.0,0.0,0.0,0.0,0.0,0.0,0.0,True,0.01,0.2,0,1.0,row_l1,1e-08,True,0.7659855873256111,0.007659855702216553,0.009999999776482582,0.0,110.16456055641174,7973,0.013817203130115608,72.37354698943571,15.612103700637817,15.737794365201678,2315.9535036619422,454.32499980926514,5221800,139.9453125,186.0,139.9453125,1.0,0,softmax,1.5,0,0,,,,,,,,,,,,,1.0,,,0.30000001192092896,16.156723022460938,15.977506637573242,0.3333333432674408,6,0.0,0.0,0.0,0.0,none,persistence,1.0,0.0,none,1.0,0.0,success,2026-07-07 17:37:12,c2426e68ca13f74aaec08045c5c724d8ad328124,true,,,0,0,0,custom,./dataset/weather/,weather.csv,OT,t,2021,0,iTransformer,Weather_pl336_mlp_slot_attention_ratio0.20_k4_ortho0_seed2021_slot_learned_linear_cycle0.01_cw0.2,Weather_pl336_mlp_slot_attention_ratio0.20_k4_ortho0_seed2021_slot_learned_linear_cycle0.01_cw0.2_iTransformer_custom_M_ft96_sl48_ll336_pl512_dm8_nh3_el1_dl512_df1_fctimeF_ebTrue_dtvr_projection_0,96,48,3,512,512,32,0.0001,10,3,0,True,./checkpoints/Weather_pl336_mlp_slot_attention_ratio0.20_k4_ortho0_seed2021_slot_learned_linear_cycle0.01_cw0.2_iTransformer_custom_M_ft96_sl48_ll336_pl512_dm8_nh3_el1_dl512_df1_fctimeF_ebTrue_dtvr_projection_0,./results/Weather_pl336_mlp_slot_attention_ratio0.20_k4_ortho0_seed2021_slot_learned_linear_cycle0.01_cw0.2_iTransformer_custom_M_ft96_sl48_ll336_pl512_dm8_nh3_el1_dl512_df1_fctimeF_ebTrue_dtvr_projection_0/,./results/Weather_pl336_mlp_slot_attention_ratio0.20_k4_ortho0_seed2021_slot_learned_linear_cycle0.01_cw0.2_iTransformer_custom_M_ft96_sl48_ll336_pl512_dm8_nh3_el1_dl512_df1_fctimeF_ebTrue_dtvr_projection_0/weight_matrices,./results/Weather_pl336_mlp_slot_attention_ratio0.20_k4_ortho0_seed2021_slot_learned_linear_cycle0.01_cw0.2_iTransformer_custom_M_ft96_sl48_ll336_pl512_dm8_nh3_el1_dl512_df1_fctimeF_ebTrue_dtvr_projection_0/slot_diagnostics,./results/attention_weight_heatmaps/Weather_pl336_mlp_slot_attention_ratio0.20_k4_ortho0_seed2021_slot_learned_linear_cycle0.01_cw0.2_iTransformer_custom_M_ft96_sl48_ll336_pl512_dm8_nh3_el1_dl512_df1_fctimeF_ebTrue_dtvr_projection_0,0.0,0.35
Weather,336,mlp_slot_attention,mlp_slot_attention,,,0,mlp_slot_attention,slot_learned_linear,assignment_transpose,feature,,mse,1.0,True,1,21,21,21,6,6,0.3,6,0.3,0.2857142857142857,0.2857142857142857,6,6,0.2857142857142857,0.2857142857142857,6,False,8,0.0,1.0,scalar,1.0,1.0,1.0,4,False,False,ratio,target,6,,26,11,5,0.4230769230769231,57.692307692307686,0.17899408284023668,82.10059171597634,test,False,0.2907441118352094,0.31081881322136934,0.5392069285860572,14.58334629868692,21100117.085164916,0.0,0.0,0.0,0.0,0.0,0.0,0.0,True,0.01,0.2,0,1.0,row_l1,1e-08,True,0.8381167413688104,0.00838116723046531,0.009999999776482582,0.0,155.5509123802185,11390,0.01365679652152928,73.22361422194058,15.45530080795288,15.55509123802185,2343.1556551020985,618.8948056697845,5222868,144.63427734375,188.0,144.63427734375,1.0,0,softmax,1.5,0,0,,,,,,,,,,,,,1.0,,,0.1349206417798996,15.109952926635742,16.752685546875,0.21666668355464935,4,0.0,0.0,0.0,0.0,none,persistence,1.0,0.0,none,1.0,0.0,success,2026-07-07 17:47:37,c2426e68ca13f74aaec08045c5c724d8ad328124,true,,,0,0,0,custom,./dataset/weather/,weather.csv,OT,t,2021,0,iTransformer,Weather_pl336_mlp_slot_attention_ratio0.30_k6_ortho0_seed2021_slot_learned_linear_cycle0.01_cw0.2,Weather_pl336_mlp_slot_attention_ratio0.30_k6_ortho0_seed2021_slot_learned_linear_cycle0.01_cw0.2_iTransformer_custom_M_ft96_sl48_ll336_pl512_dm8_nh3_el1_dl512_df1_fctimeF_ebTrue_dtvr_projection_0,96,48,3,512,512,32,0.0001,10,3,0,True,./checkpoints/Weather_pl336_mlp_slot_attention_ratio0.30_k6_ortho0_seed2021_slot_learned_linear_cycle0.01_cw0.2_iTransformer_custom_M_ft96_sl48_ll336_pl512_dm8_nh3_el1_dl512_df1_fctimeF_ebTrue_dtvr_projection_0,./results/Weather_pl336_mlp_slot_attention_ratio0.30_k6_ortho0_seed2021_slot_learned_linear_cycle0.01_cw0.2_iTransformer_custom_M_ft96_sl48_ll336_pl512_dm8_nh3_el1_dl512_df1_fctimeF_ebTrue_dtvr_projection_0/,./results/Weather_pl336_mlp_slot_attention_ratio0.30_k6_ortho0_seed2021_slot_learned_linear_cycle0.01_cw0.2_iTransformer_custom_M_ft96_sl48_ll336_pl512_dm8_nh3_el1_dl512_df1_fctimeF_ebTrue_dtvr_projection_0/weight_matrices,./results/Weather_pl336_mlp_slot_attention_ratio0.30_k6_ortho0_seed2021_slot_learned_linear_cycle0.01_cw0.2_iTransformer_custom_M_ft96_sl48_ll336_pl512_dm8_nh3_el1_dl512_df1_fctimeF_ebTrue_dtvr_projection_0/slot_diagnostics,./results/attention_weight_heatmaps/Weather_pl336_mlp_slot_attention_ratio0.30_k6_ortho0_seed2021_slot_learned_linear_cycle0.01_cw0.2_iTransformer_custom_M_ft96_sl48_ll336_pl512_dm8_nh3_el1_dl512_df1_fctimeF_ebTrue_dtvr_projection_0,0.0,0.35
Weather,720,mlp_slot_attention,mlp_slot_attention,,,0,mlp_slot_attention,slot_learned_linear,assignment_transpose,feature,,mse,1.0,True,1,21,21,21,2,2,0.1,2,0.1,0.09523809523809523,0.09523809523809523,2,2,0.09523809523809523,0.09523809523809523,6,False,8,0.0,1.0,scalar,1.0,1.0,1.0,4,False,False,ratio,target,2,,26,7,5,0.2692307692307692,73.07692307692308,0.07248520710059171,92.75147928994083,test,False,0.37039078756223853,0.3626745239702868,0.6085973936538329,15.012344878269603,24445610.797596477,0.0,0.0,0.0,0.0,0.0,0.0,0.0,True,0.01,0.2,0,1.0,row_l1,1e-08,True,0.6956908094110802,0.00695690793252179,0.009999999776482582,0.0,162.79772973060608,11270,0.014445228902449519,69.22700960664092,16.203898429870605,16.27977297306061,2215.2643074125094,617.2131240367889,5417724,145.92822265625,208.0,145.92822265625,1.0,0,softmax,1.5,0,0,,,,,,,,,,,,,1.0,,,0.2986111044883728,16.006484985351562,17.25867462158203,0.3636363744735718,11,0.0,0.0,0.0,0.0,none,persistence,1.0,0.0,none,1.0,0.0,success,2026-07-07 17:58:01,c2426e68ca13f74aaec08045c5c724d8ad328124,true,,,0,0,0,custom,./dataset/weather/,weather.csv,OT,t,2021,0,iTransformer,Weather_pl720_mlp_slot_attention_ratio0.10_k2_ortho0_seed2021_slot_learned_linear_cycle0.01_cw0.2,Weather_pl720_mlp_slot_attention_ratio0.10_k2_ortho0_seed2021_slot_learned_linear_cycle0.01_cw0.2_iTransformer_custom_M_ft96_sl48_ll720_pl512_dm8_nh3_el1_dl512_df1_fctimeF_ebTrue_dtvr_projection_0,96,48,3,512,512,32,0.0001,10,3,0,True,./checkpoints/Weather_pl720_mlp_slot_attention_ratio0.10_k2_ortho0_seed2021_slot_learned_linear_cycle0.01_cw0.2_iTransformer_custom_M_ft96_sl48_ll720_pl512_dm8_nh3_el1_dl512_df1_fctimeF_ebTrue_dtvr_projection_0,./results/Weather_pl720_mlp_slot_attention_ratio0.10_k2_ortho0_seed2021_slot_learned_linear_cycle0.01_cw0.2_iTransformer_custom_M_ft96_sl48_ll720_pl512_dm8_nh3_el1_dl512_df1_fctimeF_ebTrue_dtvr_projection_0/,./results/Weather_pl720_mlp_slot_attention_ratio0.10_k2_ortho0_seed2021_slot_learned_linear_cycle0.01_cw0.2_iTransformer_custom_M_ft96_sl48_ll720_pl512_dm8_nh3_el1_dl512_df1_fctimeF_ebTrue_dtvr_projection_0/weight_matrices,./results/Weather_pl720_mlp_slot_attention_ratio0.10_k2_ortho0_seed2021_slot_learned_linear_cycle0.01_cw0.2_iTransformer_custom_M_ft96_sl48_ll720_pl512_dm8_nh3_el1_dl512_df1_fctimeF_ebTrue_dtvr_projection_0/slot_diagnostics,./results/attention_weight_heatmaps/Weather_pl720_mlp_slot_attention_ratio0.10_k2_ortho0_seed2021_slot_learned_linear_cycle0.01_cw0.2_iTransformer_custom_M_ft96_sl48_ll720_pl512_dm8_nh3_el1_dl512_df1_fctimeF_ebTrue_dtvr_projection_0,0.0,0.35
Weather,720,mlp_slot_attention,mlp_slot_attention,,,0,mlp_slot_attention,slot_learned_linear,assignment_transpose,feature,,mse,1.0,True,1,21,21,21,4,4,0.2,4,0.2,0.19047619047619047,0.19047619047619047,4,4,0.19047619047619047,0.19047619047619047,6,False,8,0.0,1.0,scalar,1.0,1.0,1.0,4,False,False,ratio,target,4,,26,9,5,0.34615384615384615,65.38461538461539,0.11982248520710058,88.01775147928994,test,False,0.3636608751440902,0.3574870943966166,0.6030430126815916,14.884977243640531,24622862.6021635,0.0,0.0,0.0,0.0,0.0,0.0,0.0,True,0.01,0.2,0,1.0,row_l1,1e-08,True,0.8455615679881376,0.00845561550059145,0.009999999776482582,0.0,146.97738814353943,10143,0.014490524316626188,69.01061536142046,16.33309292793274,16.330820904837715,2208.339691565455,564.6611406803131,5418792,148.134765625,208.0,148.134765625,1.0,0,softmax,1.5,0,0,,,,,,,,,,,,,1.0,,,0.20606061816215515,16.167831420898438,15.921392440795898,0.3611111342906952,6,0.0,0.0,0.0,0.0,none,persistence,1.0,0.0,none,1.0,0.0,success,2026-07-07 18:07:33,c2426e68ca13f74aaec08045c5c724d8ad328124,true,,,0,0,0,custom,./dataset/weather/,weather.csv,OT,t,2021,0,iTransformer,Weather_pl720_mlp_slot_attention_ratio0.20_k4_ortho0_seed2021_slot_learned_linear_cycle0.01_cw0.2,Weather_pl720_mlp_slot_attention_ratio0.20_k4_ortho0_seed2021_slot_learned_linear_cycle0.01_cw0.2_iTransformer_custom_M_ft96_sl48_ll720_pl512_dm8_nh3_el1_dl512_df1_fctimeF_ebTrue_dtvr_projection_0,96,48,3,512,512,32,0.0001,10,3,0,True,./checkpoints/Weather_pl720_mlp_slot_attention_ratio0.20_k4_ortho0_seed2021_slot_learned_linear_cycle0.01_cw0.2_iTransformer_custom_M_ft96_sl48_ll720_pl512_dm8_nh3_el1_dl512_df1_fctimeF_ebTrue_dtvr_projection_0,./results/Weather_pl720_mlp_slot_attention_ratio0.20_k4_ortho0_seed2021_slot_learned_linear_cycle0.01_cw0.2_iTransformer_custom_M_ft96_sl48_ll720_pl512_dm8_nh3_el1_dl512_df1_fctimeF_ebTrue_dtvr_projection_0/,./results/Weather_pl720_mlp_slot_attention_ratio0.20_k4_ortho0_seed2021_slot_learned_linear_cycle0.01_cw0.2_iTransformer_custom_M_ft96_sl48_ll720_pl512_dm8_nh3_el1_dl512_df1_fctimeF_ebTrue_dtvr_projection_0/weight_matrices,./results/Weather_pl720_mlp_slot_attention_ratio0.20_k4_ortho0_seed2021_slot_learned_linear_cycle0.01_cw0.2_iTransformer_custom_M_ft96_sl48_ll720_pl512_dm8_nh3_el1_dl512_df1_fctimeF_ebTrue_dtvr_projection_0/slot_diagnostics,./results/attention_weight_heatmaps/Weather_pl720_mlp_slot_attention_ratio0.20_k4_ortho0_seed2021_slot_learned_linear_cycle0.01_cw0.2_iTransformer_custom_M_ft96_sl48_ll720_pl512_dm8_nh3_el1_dl512_df1_fctimeF_ebTrue_dtvr_projection_0,0.0,0.35
Weather,720,mlp_slot_attention,mlp_slot_attention,,,0,mlp_slot_attention,slot_learned_linear,assignment_transpose,feature,,mse,1.0,True,1,21,21,21,6,6,0.3,6,0.3,0.2857142857142857,0.2857142857142857,6,6,0.2857142857142857,0.2857142857142857,6,False,8,0.0,1.0,scalar,1.0,1.0,1.0,4,False,False,ratio,target,6,,26,11,5,0.4230769230769231,57.692307692307686,0.17899408284023668,82.10059171597634,test,False,0.3642833279542209,0.35717040512929515,0.6035588852417143,14.43092623426061,22618270.023274742,0.0,0.0,0.0,0.0,0.0,0.0,0.0,True,0.01,0.2,0,1.0,row_l1,1e-08,True,0.8531873137314127,0.0085318729499588,0.009999999776482582,0.0,163.95274329185486,11270,0.014547714577804335,68.73931947535696,16.256399393081665,16.395274329185487,2199.658223211423,620.2819104194641,5419860,152.82373046875,212.0,152.82373046875,1.0,0,softmax,1.5,0,0,,,,,,,,,,,,,1.0,,,0.2904762029647827,15.425468444824219,17.113819122314453,0.25,4,0.0,0.0,0.0,0.0,none,persistence,1.0,0.0,none,1.0,0.0,success,2026-07-07 18:17:59,c2426e68ca13f74aaec08045c5c724d8ad328124,true,,,0,0,0,custom,./dataset/weather/,weather.csv,OT,t,2021,0,iTransformer,Weather_pl720_mlp_slot_attention_ratio0.30_k6_ortho0_seed2021_slot_learned_linear_cycle0.01_cw0.2,Weather_pl720_mlp_slot_attention_ratio0.30_k6_ortho0_seed2021_slot_learned_linear_cycle0.01_cw0.2_iTransformer_custom_M_ft96_sl48_ll720_pl512_dm8_nh3_el1_dl512_df1_fctimeF_ebTrue_dtvr_projection_0,96,48,3,512,512,32,0.0001,10,3,0,True,./checkpoints/Weather_pl720_mlp_slot_attention_ratio0.30_k6_ortho0_seed2021_slot_learned_linear_cycle0.01_cw0.2_iTransformer_custom_M_ft96_sl48_ll720_pl512_dm8_nh3_el1_dl512_df1_fctimeF_ebTrue_dtvr_projection_0,./results/Weather_pl720_mlp_slot_attention_ratio0.30_k6_ortho0_seed2021_slot_learned_linear_cycle0.01_cw0.2_iTransformer_custom_M_ft96_sl48_ll720_pl512_dm8_nh3_el1_dl512_df1_fctimeF_ebTrue_dtvr_projection_0/,./results/Weather_pl720_mlp_slot_attention_ratio0.30_k6_ortho0_seed2021_slot_learned_linear_cycle0.01_cw0.2_iTransformer_custom_M_ft96_sl48_ll720_pl512_dm8_nh3_el1_dl512_df1_fctimeF_ebTrue_dtvr_projection_0/weight_matrices,./results/Weather_pl720_mlp_slot_attention_ratio0.30_k6_ortho0_seed2021_slot_learned_linear_cycle0.01_cw0.2_iTransformer_custom_M_ft96_sl48_ll720_pl512_dm8_nh3_el1_dl512_df1_fctimeF_ebTrue_dtvr_projection_0/slot_diagnostics,./results/attention_weight_heatmaps/Weather_pl720_mlp_slot_attention_ratio0.30_k6_ortho0_seed2021_slot_learned_linear_cycle0.01_cw0.2_iTransformer_custom_M_ft96_sl48_ll720_pl512_dm8_nh3_el1_dl512_df1_fctimeF_ebTrue_dtvr_projection_0,0.0,0.35
Electricity,96,mlp_slot_attention,mlp_slot_attention,,,0,mlp_slot_attention,slot_learned_linear,assignment_transpose,feature,,mse,1.0,True,1,321,321,321,32,32,0.1,32,0.1,0.09968847352024922,0.09968847352024922,32,32,0.09968847352024922,0.09968847352024922,96,False,8,0.0,1.0,scalar,1.0,1.0,1.0,4,False,False,ratio,target,32,,325,36,4,0.11076923076923077,88.92307692307693,0.012269822485207102,98.77301775147929,test,False,0.18148761511727413,0.28663647489001687,0.4260136325486241,2.5948977358926433,210873.65858561746,0.0,0.0,0.0,0.0,0.0,0.0,0.0,True,0.01,0.2,0,1.0,row_l1,1e-08,True,0.6854589484592732,0.006854589340262285,0.009999999776482582,0.0,187.30763459205627,11380,0.016459370350795807,60.75566553805931,18.61595344543457,18.730763459205626,972.090648608949,481.782995223999,5123232,212.666015625,274.0,212.666015625,1.0,0,softmax,1.5,0,0,,,,,,,,,,,,,1.0,,,0.06842365860939026,243.61697387695312,256.82220458984375,0.18273460865020752,11,0.0,0.0,0.0,0.0,none,persistence,1.0,0.0,none,1.0,0.0,success,2026-07-07 18:26:08,c2426e68ca13f74aaec08045c5c724d8ad328124,true,,,0,0,0,custom,./dataset/electricity/,electricity.csv,OT,h,2021,0,iTransformer,Electricity_pl96_mlp_slot_attention_ratio0.10_k32_ortho0_seed2021_slot_learned_linear_cycle0.01_cw0.2,Electricity_pl96_mlp_slot_attention_ratio0.10_k32_ortho0_seed2021_slot_learned_linear_cycle0.01_cw0.2_iTransformer_custom_M_ft96_sl48_ll96_pl512_dm8_nh3_el1_dl512_df1_fctimeF_ebTrue_dtvr_projection_0,96,48,3,512,512,16,0.0005,10,3,0,True,./checkpoints/Electricity_pl96_mlp_slot_attention_ratio0.10_k32_ortho0_seed2021_slot_learned_linear_cycle0.01_cw0.2_iTransformer_custom_M_ft96_sl48_ll96_pl512_dm8_nh3_el1_dl512_df1_fctimeF_ebTrue_dtvr_projection_0,./results/Electricity_pl96_mlp_slot_attention_ratio0.10_k32_ortho0_seed2021_slot_learned_linear_cycle0.01_cw0.2_iTransformer_custom_M_ft96_sl48_ll96_pl512_dm8_nh3_el1_dl512_df1_fctimeF_ebTrue_dtvr_projection_0/,./results/Electricity_pl96_mlp_slot_attention_ratio0.10_k32_ortho0_seed2021_slot_learned_linear_cycle0.01_cw0.2_iTransformer_custom_M_ft96_sl48_ll96_pl512_dm8_nh3_el1_dl512_df1_fctimeF_ebTrue_dtvr_projection_0/weight_matrices,./results/Electricity_pl96_mlp_slot_attention_ratio0.10_k32_ortho0_seed2021_slot_learned_linear_cycle0.01_cw0.2_iTransformer_custom_M_ft96_sl48_ll96_pl512_dm8_nh3_el1_dl512_df1_fctimeF_ebTrue_dtvr_projection_0/slot_diagnostics,./results/attention_weight_heatmaps/Electricity_pl96_mlp_slot_attention_ratio0.10_k32_ortho0_seed2021_slot_learned_linear_cycle0.01_cw0.2_iTransformer_custom_M_ft96_sl48_ll96_pl512_dm8_nh3_el1_dl512_df1_fctimeF_ebTrue_dtvr_projection_0,0.0,0.35
Electricity,96,mlp_slot_attention,mlp_slot_attention,,,0,mlp_slot_attention,slot_learned_linear,assignment_transpose,feature,,mse,1.0,True,1,321,321,321,64,64,0.2,64,0.2,0.19937694704049844,0.19937694704049844,64,64,0.19937694704049844,0.19937694704049844,96,False,8,0.0,1.0,scalar,1.0,1.0,1.0,4,False,False,ratio,target,64,,325,68,4,0.20923076923076922,79.07692307692308,0.0437775147928994,95.62224852071006,test,False,0.1802937694388951,0.2854218049961684,0.4246101381725301,2.550813082370479,151020.83750583188,0.0,0.0,0.0,0.0,0.0,0.0,0.0,True,0.01,0.2,0,1.0,row_l1,1e-08,True,0.46044789843902856,0.004604478877754669,0.009999999776482582,0.0,186.6032280921936,11380,0.01639747171284654,60.985011440303545,18.469330072402954,18.66032280921936,975.7601830448568,474.7381730079651,5149920,266.6875,330.0,266.6875,1.0,0,softmax,1.5,0,0,,,,,,,,,,,,,1.0,,,0.13409091532230377,232.71981811523438,258.3991394042969,0.12136244028806686,6,0.0,0.0,0.0,0.0,none,persistence,1.0,0.0,none,1.0,0.0,success,2026-07-07 18:34:09,c2426e68ca13f74aaec08045c5c724d8ad328124,true,,,0,0,0,custom,./dataset/electricity/,electricity.csv,OT,h,2021,0,iTransformer,Electricity_pl96_mlp_slot_attention_ratio0.20_k64_ortho0_seed2021_slot_learned_linear_cycle0.01_cw0.2,Electricity_pl96_mlp_slot_attention_ratio0.20_k64_ortho0_seed2021_slot_learned_linear_cycle0.01_cw0.2_iTransformer_custom_M_ft96_sl48_ll96_pl512_dm8_nh3_el1_dl512_df1_fctimeF_ebTrue_dtvr_projection_0,96,48,3,512,512,16,0.0005,10,3,0,True,./checkpoints/Electricity_pl96_mlp_slot_attention_ratio0.20_k64_ortho0_seed2021_slot_learned_linear_cycle0.01_cw0.2_iTransformer_custom_M_ft96_sl48_ll96_pl512_dm8_nh3_el1_dl512_df1_fctimeF_ebTrue_dtvr_projection_0,./results/Electricity_pl96_mlp_slot_attention_ratio0.20_k64_ortho0_seed2021_slot_learned_linear_cycle0.01_cw0.2_iTransformer_custom_M_ft96_sl48_ll96_pl512_dm8_nh3_el1_dl512_df1_fctimeF_ebTrue_dtvr_projection_0/,./results/Electricity_pl96_mlp_slot_attention_ratio0.20_k64_ortho0_seed2021_slot_learned_linear_cycle0.01_cw0.2_iTransformer_custom_M_ft96_sl48_ll96_pl512_dm8_nh3_el1_dl512_df1_fctimeF_ebTrue_dtvr_projection_0/weight_matrices,./results/Electricity_pl96_mlp_slot_attention_ratio0.20_k64_ortho0_seed2021_slot_learned_linear_cycle0.01_cw0.2_iTransformer_custom_M_ft96_sl48_ll96_pl512_dm8_nh3_el1_dl512_df1_fctimeF_ebTrue_dtvr_projection_0/slot_diagnostics,./results/attention_weight_heatmaps/Electricity_pl96_mlp_slot_attention_ratio0.20_k64_ortho0_seed2021_slot_learned_linear_cycle0.01_cw0.2_iTransformer_custom_M_ft96_sl48_ll96_pl512_dm8_nh3_el1_dl512_df1_fctimeF_ebTrue_dtvr_projection_0,0.0,0.35
Electricity,96,mlp_slot_attention,mlp_slot_attention,,,0,mlp_slot_attention,slot_learned_linear,assignment_transpose,feature,,mse,1.0,True,1,321,321,321,96,96,0.3,96,0.3,0.29906542056074764,0.29906542056074764,96,96,0.29906542056074764,0.29906542056074764,96,False,8,0.0,1.0,scalar,1.0,1.0,1.0,4,False,False,ratio,target,96,,325,100,4,0.3076923076923077,69.23076923076923,0.09467455621301776,90.53254437869822,test,False,0.17780302186750763,0.28297428374680655,0.4216669561010296,2.722816894256233,314886.98135013774,0.0,0.0,0.0,0.0,0.0,0.0,0.0,True,0.01,0.2,0,1.0,row_l1,1e-08,True,0.4493224064055143,0.004493223963573784,0.009999999776482582,0.0,192.1154909133911,11380,0.016881853331580942,59.23520246022375,19.211004734039307,19.211549091339112,947.76323936358,480.61856150627136,5176608,321.9697265625,410.0,321.9697265625,1.0,0,softmax,1.5,0,0,,,,,,,,,,,,,1.0,,,0.15456348657608032,226.3335418701172,258.37835693359375,0.11880482733249664,4,0.0,0.0,0.0,0.0,none,persistence,1.0,0.0,none,1.0,0.0,success,2026-07-07 18:42:17,c2426e68ca13f74aaec08045c5c724d8ad328124,true,,,0,0,0,custom,./dataset/electricity/,electricity.csv,OT,h,2021,0,iTransformer,Electricity_pl96_mlp_slot_attention_ratio0.30_k96_ortho0_seed2021_slot_learned_linear_cycle0.01_cw0.2,Electricity_pl96_mlp_slot_attention_ratio0.30_k96_ortho0_seed2021_slot_learned_linear_cycle0.01_cw0.2_iTransformer_custom_M_ft96_sl48_ll96_pl512_dm8_nh3_el1_dl512_df1_fctimeF_ebTrue_dtvr_projection_0,96,48,3,512,512,16,0.0005,10,3,0,True,./checkpoints/Electricity_pl96_mlp_slot_attention_ratio0.30_k96_ortho0_seed2021_slot_learned_linear_cycle0.01_cw0.2_iTransformer_custom_M_ft96_sl48_ll96_pl512_dm8_nh3_el1_dl512_df1_fctimeF_ebTrue_dtvr_projection_0,./results/Electricity_pl96_mlp_slot_attention_ratio0.30_k96_ortho0_seed2021_slot_learned_linear_cycle0.01_cw0.2_iTransformer_custom_M_ft96_sl48_ll96_pl512_dm8_nh3_el1_dl512_df1_fctimeF_ebTrue_dtvr_projection_0/,./results/Electricity_pl96_mlp_slot_attention_ratio0.30_k96_ortho0_seed2021_slot_learned_linear_cycle0.01_cw0.2_iTransformer_custom_M_ft96_sl48_ll96_pl512_dm8_nh3_el1_dl512_df1_fctimeF_ebTrue_dtvr_projection_0/weight_matrices,./results/Electricity_pl96_mlp_slot_attention_ratio0.30_k96_ortho0_seed2021_slot_learned_linear_cycle0.01_cw0.2_iTransformer_custom_M_ft96_sl48_ll96_pl512_dm8_nh3_el1_dl512_df1_fctimeF_ebTrue_dtvr_projection_0/slot_diagnostics,./results/attention_weight_heatmaps/Electricity_pl96_mlp_slot_attention_ratio0.30_k96_ortho0_seed2021_slot_learned_linear_cycle0.01_cw0.2_iTransformer_custom_M_ft96_sl48_ll96_pl512_dm8_nh3_el1_dl512_df1_fctimeF_ebTrue_dtvr_projection_0,0.0,0.35
Electricity,192,mlp_slot_attention,mlp_slot_attention,,,0,mlp_slot_attention,slot_learned_linear,assignment_transpose,feature,,mse,1.0,True,1,321,321,321,32,32,0.1,32,0.1,0.09968847352024922,0.09968847352024922,32,32,0.09968847352024922,0.09968847352024922,96,False,8,0.0,1.0,scalar,1.0,1.0,1.0,4,False,False,ratio,target,32,,325,36,4,0.11076923076923077,88.92307692307693,0.012269822485207102,98.77301775147929,test,False,0.19948209805223585,0.30215654263018,0.446634188181151,2.6629037145861143,189678.89682348663,0.0,0.0,0.0,0.0,0.0,0.0,0.0,True,0.01,0.2,0,1.0,row_l1,1e-08,True,0.5003251480761349,0.005003251361186771,0.009999999776482582,0.0,195.48171854019165,11320,0.017268703051253678,57.908228373143615,19.371116399765015,19.548171854019166,926.5316539702978,490.9005596637726,5172480,226.02685546875,304.0,226.02685546875,1.0,0,softmax,1.5,0,0,,,,,,,,,,,,,1.0,,,0.15689487755298615,217.41122436523438,253.8411865234375,0.09787390381097794,11,0.0,0.0,0.0,0.0,none,persistence,1.0,0.0,none,1.0,0.0,success,2026-07-07 18:50:34,c2426e68ca13f74aaec08045c5c724d8ad328124,true,,,0,0,0,custom,./dataset/electricity/,electricity.csv,OT,h,2021,0,iTransformer,Electricity_pl192_mlp_slot_attention_ratio0.10_k32_ortho0_seed2021_slot_learned_linear_cycle0.01_cw0.2,Electricity_pl192_mlp_slot_attention_ratio0.10_k32_ortho0_seed2021_slot_learned_linear_cycle0.01_cw0.2_iTransformer_custom_M_ft96_sl48_ll192_pl512_dm8_nh3_el1_dl512_df1_fctimeF_ebTrue_dtvr_projection_0,96,48,3,512,512,16,0.0005,10,3,0,True,./checkpoints/Electricity_pl192_mlp_slot_attention_ratio0.10_k32_ortho0_seed2021_slot_learned_linear_cycle0.01_cw0.2_iTransformer_custom_M_ft96_sl48_ll192_pl512_dm8_nh3_el1_dl512_df1_fctimeF_ebTrue_dtvr_projection_0,./results/Electricity_pl192_mlp_slot_attention_ratio0.10_k32_ortho0_seed2021_slot_learned_linear_cycle0.01_cw0.2_iTransformer_custom_M_ft96_sl48_ll192_pl512_dm8_nh3_el1_dl512_df1_fctimeF_ebTrue_dtvr_projection_0/,./results/Electricity_pl192_mlp_slot_attention_ratio0.10_k32_ortho0_seed2021_slot_learned_linear_cycle0.01_cw0.2_iTransformer_custom_M_ft96_sl48_ll192_pl512_dm8_nh3_el1_dl512_df1_fctimeF_ebTrue_dtvr_projection_0/weight_matrices,./results/Electricity_pl192_mlp_slot_attention_ratio0.10_k32_ortho0_seed2021_slot_learned_linear_cycle0.01_cw0.2_iTransformer_custom_M_ft96_sl48_ll192_pl512_dm8_nh3_el1_dl512_df1_fctimeF_ebTrue_dtvr_projection_0/slot_diagnostics,./results/attention_weight_heatmaps/Electricity_pl192_mlp_slot_attention_ratio0.10_k32_ortho0_seed2021_slot_learned_linear_cycle0.01_cw0.2_iTransformer_custom_M_ft96_sl48_ll192_pl512_dm8_nh3_el1_dl512_df1_fctimeF_ebTrue_dtvr_projection_0,0.0,0.35
Electricity,192,mlp_slot_attention,mlp_slot_attention,,,0,mlp_slot_attention,slot_learned_linear,assignment_transpose,feature,,mse,1.0,True,1,321,321,321,64,64,0.2,64,0.2,0.19937694704049844,0.19937694704049844,64,64,0.19937694704049844,0.19937694704049844,96,False,8,0.0,1.0,scalar,1.0,1.0,1.0,4,False,False,ratio,target,64,,325,68,4,0.20923076923076922,79.07692307692308,0.0437775147928994,95.62224852071006,test,False,0.19678903622554195,0.299947643600931,0.44360910295612954,2.582377667983861,115494.14212764803,0.0,0.0,0.0,0.0,0.0,0.0,0.0,True,0.01,0.2,0,1.0,row_l1,1e-08,True,0.4801882205024204,0.004801882100176369,0.009999999776482582,0.0,195.43861722946167,11320,0.01726489551497011,57.920999239926836,19.485597610473633,19.54386172294617,926.7359878388293,488.73059821128845,5199168,279.35107421875,372.0,279.35107421875,1.0,0,softmax,1.5,0,0,,,,,,,,,,,,,0.9999903440475464,,,0.12859848141670227,219.51495361328125,258.8659362792969,0.09292329102754593,6,0.0,0.0,0.0,0.0,none,persistence,1.0,0.0,none,1.0,0.0,success,2026-07-07 18:58:50,c2426e68ca13f74aaec08045c5c724d8ad328124,true,,,0,0,0,custom,./dataset/electricity/,electricity.csv,OT,h,2021,0,iTransformer,Electricity_pl192_mlp_slot_attention_ratio0.20_k64_ortho0_seed2021_slot_learned_linear_cycle0.01_cw0.2,Electricity_pl192_mlp_slot_attention_ratio0.20_k64_ortho0_seed2021_slot_learned_linear_cycle0.01_cw0.2_iTransformer_custom_M_ft96_sl48_ll192_pl512_dm8_nh3_el1_dl512_df1_fctimeF_ebTrue_dtvr_projection_0,96,48,3,512,512,16,0.0005,10,3,0,True,./checkpoints/Electricity_pl192_mlp_slot_attention_ratio0.20_k64_ortho0_seed2021_slot_learned_linear_cycle0.01_cw0.2_iTransformer_custom_M_ft96_sl48_ll192_pl512_dm8_nh3_el1_dl512_df1_fctimeF_ebTrue_dtvr_projection_0,./results/Electricity_pl192_mlp_slot_attention_ratio0.20_k64_ortho0_seed2021_slot_learned_linear_cycle0.01_cw0.2_iTransformer_custom_M_ft96_sl48_ll192_pl512_dm8_nh3_el1_dl512_df1_fctimeF_ebTrue_dtvr_projection_0/,./results/Electricity_pl192_mlp_slot_attention_ratio0.20_k64_ortho0_seed2021_slot_learned_linear_cycle0.01_cw0.2_iTransformer_custom_M_ft96_sl48_ll192_pl512_dm8_nh3_el1_dl512_df1_fctimeF_ebTrue_dtvr_projection_0/weight_matrices,./results/Electricity_pl192_mlp_slot_attention_ratio0.20_k64_ortho0_seed2021_slot_learned_linear_cycle0.01_cw0.2_iTransformer_custom_M_ft96_sl48_ll192_pl512_dm8_nh3_el1_dl512_df1_fctimeF_ebTrue_dtvr_projection_0/slot_diagnostics,./results/attention_weight_heatmaps/Electricity_pl192_mlp_slot_attention_ratio0.20_k64_ortho0_seed2021_slot_learned_linear_cycle0.01_cw0.2_iTransformer_custom_M_ft96_sl48_ll192_pl512_dm8_nh3_el1_dl512_df1_fctimeF_ebTrue_dtvr_projection_0,0.0,0.35
Electricity,192,mlp_slot_attention,mlp_slot_attention,,,0,mlp_slot_attention,slot_learned_linear,assignment_transpose,feature,,mse,1.0,True,1,321,321,321,96,96,0.3,96,0.3,0.29906542056074764,0.29906542056074764,96,96,0.29906542056074764,0.29906542056074764,96,False,8,0.0,1.0,scalar,1.0,1.0,1.0,4,False,False,ratio,target,96,,325,100,4,0.3076923076923077,69.23076923076923,0.09467455621301776,90.53254437869822,test,False,0.1951050883414644,0.29785642451708677,0.44170701640506504,2.718304882881345,229368.53773055383,0.0,0.0,0.0,0.0,0.0,0.0,0.0,True,0.01,0.2,0,1.0,row_l1,1e-08,True,0.4256144859186331,0.004256144766786297,0.009999999776482582,0.0,199.69277477264404,11320,0.017640704485215906,56.687078502906,20.03829598426819,19.969277477264406,906.9932560464961,491.27597308158875,5225856,334.47412109375,420.0,334.47412109375,1.0,0,softmax,1.5,0,0,,,,,,,,,,,,,1.0,,,0.17331349849700928,197.9906005859375,257.9332580566406,0.09550438821315765,4,0.0,0.0,0.0,0.0,none,persistence,1.0,0.0,none,1.0,0.0,success,2026-07-07 19:07:08,c2426e68ca13f74aaec08045c5c724d8ad328124,true,,,0,0,0,custom,./dataset/electricity/,electricity.csv,OT,h,2021,0,iTransformer,Electricity_pl192_mlp_slot_attention_ratio0.30_k96_ortho0_seed2021_slot_learned_linear_cycle0.01_cw0.2,Electricity_pl192_mlp_slot_attention_ratio0.30_k96_ortho0_seed2021_slot_learned_linear_cycle0.01_cw0.2_iTransformer_custom_M_ft96_sl48_ll192_pl512_dm8_nh3_el1_dl512_df1_fctimeF_ebTrue_dtvr_projection_0,96,48,3,512,512,16,0.0005,10,3,0,True,./checkpoints/Electricity_pl192_mlp_slot_attention_ratio0.30_k96_ortho0_seed2021_slot_learned_linear_cycle0.01_cw0.2_iTransformer_custom_M_ft96_sl48_ll192_pl512_dm8_nh3_el1_dl512_df1_fctimeF_ebTrue_dtvr_projection_0,./results/Electricity_pl192_mlp_slot_attention_ratio0.30_k96_ortho0_seed2021_slot_learned_linear_cycle0.01_cw0.2_iTransformer_custom_M_ft96_sl48_ll192_pl512_dm8_nh3_el1_dl512_df1_fctimeF_ebTrue_dtvr_projection_0/,./results/Electricity_pl192_mlp_slot_attention_ratio0.30_k96_ortho0_seed2021_slot_learned_linear_cycle0.01_cw0.2_iTransformer_custom_M_ft96_sl48_ll192_pl512_dm8_nh3_el1_dl512_df1_fctimeF_ebTrue_dtvr_projection_0/weight_matrices,./results/Electricity_pl192_mlp_slot_attention_ratio0.30_k96_ortho0_seed2021_slot_learned_linear_cycle0.01_cw0.2_iTransformer_custom_M_ft96_sl48_ll192_pl512_dm8_nh3_el1_dl512_df1_fctimeF_ebTrue_dtvr_projection_0/slot_diagnostics,./results/attention_weight_heatmaps/Electricity_pl192_mlp_slot_attention_ratio0.30_k96_ortho0_seed2021_slot_learned_linear_cycle0.01_cw0.2_iTransformer_custom_M_ft96_sl48_ll192_pl512_dm8_nh3_el1_dl512_df1_fctimeF_ebTrue_dtvr_projection_0,0.0,0.35
Electricity,336,mlp_slot_attention,mlp_slot_attention,,,0,mlp_slot_attention,slot_learned_linear,assignment_transpose,feature,,mse,1.0,True,1,321,321,321,32,32,0.1,32,0.1,0.09968847352024922,0.09968847352024922,32,32,0.09968847352024922,0.09968847352024922,96,False,8,0.0,1.0,scalar,1.0,1.0,1.0,4,False,False,ratio,target,32,,325,36,4,0.11076923076923077,88.92307692307693,0.012269822485207102,98.77301775147929,test,False,0.21060698444713583,0.3135322428485529,0.458919365953471,2.664849344999439,118653.59605499872,0.0,0.0,0.0,0.0,0.0,0.0,0.0,True,0.01,0.2,0,1.0,row_l1,1e-08,True,0.593794810432254,0.005937947971266981,0.009999999776482582,0.0,211.09352564811707,11230,0.018797286344444976,53.19916830950031,20.951817989349365,21.109352564811708,851.1866929520049,511.69807720184326,5246352,247.4423828125,328.0,247.4423828125,1.0,0,softmax,1.5,0,0,,,,,,,,,,,,,0.9999903440475464,,,0.16650637984275818,216.8877410888672,254.92214965820312,0.10300587117671967,11,0.0,0.0,0.0,0.0,none,persistence,1.0,0.0,none,1.0,0.0,success,2026-07-07 19:15:47,c2426e68ca13f74aaec08045c5c724d8ad328124,true,,,0,0,0,custom,./dataset/electricity/,electricity.csv,OT,h,2021,0,iTransformer,Electricity_pl336_mlp_slot_attention_ratio0.10_k32_ortho0_seed2021_slot_learned_linear_cycle0.01_cw0.2,Electricity_pl336_mlp_slot_attention_ratio0.10_k32_ortho0_seed2021_slot_learned_linear_cycle0.01_cw0.2_iTransformer_custom_M_ft96_sl48_ll336_pl512_dm8_nh3_el1_dl512_df1_fctimeF_ebTrue_dtvr_projection_0,96,48,3,512,512,16,0.0005,10,3,0,True,./checkpoints/Electricity_pl336_mlp_slot_attention_ratio0.10_k32_ortho0_seed2021_slot_learned_linear_cycle0.01_cw0.2_iTransformer_custom_M_ft96_sl48_ll336_pl512_dm8_nh3_el1_dl512_df1_fctimeF_ebTrue_dtvr_projection_0,./results/Electricity_pl336_mlp_slot_attention_ratio0.10_k32_ortho0_seed2021_slot_learned_linear_cycle0.01_cw0.2_iTransformer_custom_M_ft96_sl48_ll336_pl512_dm8_nh3_el1_dl512_df1_fctimeF_ebTrue_dtvr_projection_0/,./results/Electricity_pl336_mlp_slot_attention_ratio0.10_k32_ortho0_seed2021_slot_learned_linear_cycle0.01_cw0.2_iTransformer_custom_M_ft96_sl48_ll336_pl512_dm8_nh3_el1_dl512_df1_fctimeF_ebTrue_dtvr_projection_0/weight_matrices,./results/Electricity_pl336_mlp_slot_attention_ratio0.10_k32_ortho0_seed2021_slot_learned_linear_cycle0.01_cw0.2_iTransformer_custom_M_ft96_sl48_ll336_pl512_dm8_nh3_el1_dl512_df1_fctimeF_ebTrue_dtvr_projection_0/slot_diagnostics,./results/attention_weight_heatmaps/Electricity_pl336_mlp_slot_attention_ratio0.10_k32_ortho0_seed2021_slot_learned_linear_cycle0.01_cw0.2_iTransformer_custom_M_ft96_sl48_ll336_pl512_dm8_nh3_el1_dl512_df1_fctimeF_ebTrue_dtvr_projection_0,0.0,0.35
Electricity,336,mlp_slot_attention,mlp_slot_attention,,,0,mlp_slot_attention,slot_learned_linear,assignment_transpose,feature,,mse,1.0,True,1,321,321,321,64,64,0.2,64,0.2,0.19937694704049844,0.19937694704049844,64,64,0.19937694704049844,0.19937694704049844,96,False,8,0.0,1.0,scalar,1.0,1.0,1.0,4,False,False,ratio,target,64,,325,68,4,0.20923076923076922,79.07692307692308,0.0437775147928994,95.62224852071006,test,False,0.20870678342147575,0.3122816501136713,0.4568443754950648,2.7319358892180126,166289.77636011428,0.0,0.0,0.0,0.0,0.0,0.0,0.0,True,0.01,0.2,0,1.0,row_l1,1e-08,True,0.4780941551164761,0.004780941437979628,0.009999999776482582,0.0,211.13836407661438,11230,0.018801279080731467,53.18787066061118,20.96281599998474,21.113836407661438,851.0059305697789,509.0213098526001,5273040,299.2724609375,386.0,299.2724609375,1.0,0,softmax,1.5,0,0,,,,,,,,,,,,,0.9999903440475464,,,0.1497361958026886,219.68484497070312,259.846435546875,0.07572751492261887,6,0.0,0.0,0.0,0.0,none,persistence,1.0,0.0,none,1.0,0.0,success,2026-07-07 19:24:23,c2426e68ca13f74aaec08045c5c724d8ad328124,true,,,0,0,0,custom,./dataset/electricity/,electricity.csv,OT,h,2021,0,iTransformer,Electricity_pl336_mlp_slot_attention_ratio0.20_k64_ortho0_seed2021_slot_learned_linear_cycle0.01_cw0.2,Electricity_pl336_mlp_slot_attention_ratio0.20_k64_ortho0_seed2021_slot_learned_linear_cycle0.01_cw0.2_iTransformer_custom_M_ft96_sl48_ll336_pl512_dm8_nh3_el1_dl512_df1_fctimeF_ebTrue_dtvr_projection_0,96,48,3,512,512,16,0.0005,10,3,0,True,./checkpoints/Electricity_pl336_mlp_slot_attention_ratio0.20_k64_ortho0_seed2021_slot_learned_linear_cycle0.01_cw0.2_iTransformer_custom_M_ft96_sl48_ll336_pl512_dm8_nh3_el1_dl512_df1_fctimeF_ebTrue_dtvr_projection_0,./results/Electricity_pl336_mlp_slot_attention_ratio0.20_k64_ortho0_seed2021_slot_learned_linear_cycle0.01_cw0.2_iTransformer_custom_M_ft96_sl48_ll336_pl512_dm8_nh3_el1_dl512_df1_fctimeF_ebTrue_dtvr_projection_0/,./results/Electricity_pl336_mlp_slot_attention_ratio0.20_k64_ortho0_seed2021_slot_learned_linear_cycle0.01_cw0.2_iTransformer_custom_M_ft96_sl48_ll336_pl512_dm8_nh3_el1_dl512_df1_fctimeF_ebTrue_dtvr_projection_0/weight_matrices,./results/Electricity_pl336_mlp_slot_attention_ratio0.20_k64_ortho0_seed2021_slot_learned_linear_cycle0.01_cw0.2_iTransformer_custom_M_ft96_sl48_ll336_pl512_dm8_nh3_el1_dl512_df1_fctimeF_ebTrue_dtvr_projection_0/slot_diagnostics,./results/attention_weight_heatmaps/Electricity_pl336_mlp_slot_attention_ratio0.20_k64_ortho0_seed2021_slot_learned_linear_cycle0.01_cw0.2_iTransformer_custom_M_ft96_sl48_ll336_pl512_dm8_nh3_el1_dl512_df1_fctimeF_ebTrue_dtvr_projection_0,0.0,0.35
Electricity,336,mlp_slot_attention,mlp_slot_attention,,,0,mlp_slot_attention,slot_learned_linear,assignment_transpose,feature,,mse,1.0,True,1,321,321,321,96,96,0.3,96,0.3,0.29906542056074764,0.29906542056074764,96,96,0.29906542056074764,0.29906542056074764,96,False,8,0.0,1.0,scalar,1.0,1.0,1.0,4,False,False,ratio,target,96,,325,100,4,0.3076923076923077,69.23076923076923,0.09467455621301776,90.53254437869822,test,False,0.2110030527650829,0.3139028711163223,0.4593506860396345,2.758661749124747,172328.53972492449,0.0,0.0,0.0,0.0,0.0,0.0,0.0,True,0.01,0.2,0,1.0,row_l1,1e-08,True,0.4142689189259112,0.004142689092361757,0.009999999776482582,0.0,215.7732753753662,11230,0.019214004931021034,52.04537021771545,21.594882488250732,21.577327537536622,832.7259234834472,512.1904368400574,5299728,357.41015625,456.0,357.41015625,1.0,0,softmax,1.5,0,0,,,,,,,,,,,,,1.0,,,0.1979166716337204,189.04685974121094,257.68939208984375,0.0856359675526619,4,0.0,0.0,0.0,0.0,none,persistence,1.0,0.0,none,1.0,0.0,success,2026-07-07 19:33:02,c2426e68ca13f74aaec08045c5c724d8ad328124,true,,,0,0,0,custom,./dataset/electricity/,electricity.csv,OT,h,2021,0,iTransformer,Electricity_pl336_mlp_slot_attention_ratio0.30_k96_ortho0_seed2021_slot_learned_linear_cycle0.01_cw0.2,Electricity_pl336_mlp_slot_attention_ratio0.30_k96_ortho0_seed2021_slot_learned_linear_cycle0.01_cw0.2_iTransformer_custom_M_ft96_sl48_ll336_pl512_dm8_nh3_el1_dl512_df1_fctimeF_ebTrue_dtvr_projection_0,96,48,3,512,512,16,0.0005,10,3,0,True,./checkpoints/Electricity_pl336_mlp_slot_attention_ratio0.30_k96_ortho0_seed2021_slot_learned_linear_cycle0.01_cw0.2_iTransformer_custom_M_ft96_sl48_ll336_pl512_dm8_nh3_el1_dl512_df1_fctimeF_ebTrue_dtvr_projection_0,./results/Electricity_pl336_mlp_slot_attention_ratio0.30_k96_ortho0_seed2021_slot_learned_linear_cycle0.01_cw0.2_iTransformer_custom_M_ft96_sl48_ll336_pl512_dm8_nh3_el1_dl512_df1_fctimeF_ebTrue_dtvr_projection_0/,./results/Electricity_pl336_mlp_slot_attention_ratio0.30_k96_ortho0_seed2021_slot_learned_linear_cycle0.01_cw0.2_iTransformer_custom_M_ft96_sl48_ll336_pl512_dm8_nh3_el1_dl512_df1_fctimeF_ebTrue_dtvr_projection_0/weight_matrices,./results/Electricity_pl336_mlp_slot_attention_ratio0.30_k96_ortho0_seed2021_slot_learned_linear_cycle0.01_cw0.2_iTransformer_custom_M_ft96_sl48_ll336_pl512_dm8_nh3_el1_dl512_df1_fctimeF_ebTrue_dtvr_projection_0/slot_diagnostics,./results/attention_weight_heatmaps/Electricity_pl336_mlp_slot_attention_ratio0.30_k96_ortho0_seed2021_slot_learned_linear_cycle0.01_cw0.2_iTransformer_custom_M_ft96_sl48_ll336_pl512_dm8_nh3_el1_dl512_df1_fctimeF_ebTrue_dtvr_projection_0,0.0,0.35
Electricity,720,mlp_slot_attention,mlp_slot_attention,,,0,mlp_slot_attention,slot_learned_linear,assignment_transpose,feature,,mse,1.0,True,1,321,321,321,32,32,0.1,32,0.1,0.09968847352024922,0.09968847352024922,32,32,0.09968847352024922,0.09968847352024922,96,False,8,0.0,1.0,scalar,1.0,1.0,1.0,4,False,False,ratio,target,32,,325,36,4,0.11076923076923077,88.92307692307693,0.012269822485207102,98.77301775147929,test,False,0.2396709061122694,0.3368448843387931,0.4895619532932164,2.7425103587974893,99407.24448597763,0.0,0.0,0.0,0.0,0.0,0.0,0.0,True,0.01,0.2,0,1.0,row_l1,1e-08,True,0.5428135978080013,0.005428135859440195,0.009999999776482582,0.0,200.3255307674408,8792,0.022784978476733483,43.88856460940413,25.0691339969635,25.0406913459301,702.217033750466,452.1237144470215,5443344,304.8935546875,402.0,304.8935546875,1.0,0,softmax,1.5,0,0,,,,,,,,,,,,,0.9999903440475464,,,0.1568489670753479,207.63851928710938,256.1917724609375,0.1354472041130066,11,0.0,0.0,0.0,0.0,none,persistence,1.0,0.0,none,1.0,0.0,success,2026-07-07 19:40:41,c2426e68ca13f74aaec08045c5c724d8ad328124,true,,,0,0,0,custom,./dataset/electricity/,electricity.csv,OT,h,2021,0,iTransformer,Electricity_pl720_mlp_slot_attention_ratio0.10_k32_ortho0_seed2021_slot_learned_linear_cycle0.01_cw0.2,Electricity_pl720_mlp_slot_attention_ratio0.10_k32_ortho0_seed2021_slot_learned_linear_cycle0.01_cw0.2_iTransformer_custom_M_ft96_sl48_ll720_pl512_dm8_nh3_el1_dl512_df1_fctimeF_ebTrue_dtvr_projection_0,96,48,3,512,512,16,0.0005,10,3,0,True,./checkpoints/Electricity_pl720_mlp_slot_attention_ratio0.10_k32_ortho0_seed2021_slot_learned_linear_cycle0.01_cw0.2_iTransformer_custom_M_ft96_sl48_ll720_pl512_dm8_nh3_el1_dl512_df1_fctimeF_ebTrue_dtvr_projection_0,./results/Electricity_pl720_mlp_slot_attention_ratio0.10_k32_ortho0_seed2021_slot_learned_linear_cycle0.01_cw0.2_iTransformer_custom_M_ft96_sl48_ll720_pl512_dm8_nh3_el1_dl512_df1_fctimeF_ebTrue_dtvr_projection_0/,./results/Electricity_pl720_mlp_slot_attention_ratio0.10_k32_ortho0_seed2021_slot_learned_linear_cycle0.01_cw0.2_iTransformer_custom_M_ft96_sl48_ll720_pl512_dm8_nh3_el1_dl512_df1_fctimeF_ebTrue_dtvr_projection_0/weight_matrices,./results/Electricity_pl720_mlp_slot_attention_ratio0.10_k32_ortho0_seed2021_slot_learned_linear_cycle0.01_cw0.2_iTransformer_custom_M_ft96_sl48_ll720_pl512_dm8_nh3_el1_dl512_df1_fctimeF_ebTrue_dtvr_projection_0/slot_diagnostics,./results/attention_weight_heatmaps/Electricity_pl720_mlp_slot_attention_ratio0.10_k32_ortho0_seed2021_slot_learned_linear_cycle0.01_cw0.2_iTransformer_custom_M_ft96_sl48_ll720_pl512_dm8_nh3_el1_dl512_df1_fctimeF_ebTrue_dtvr_projection_0,0.0,0.35
Electricity,720,mlp_slot_attention,mlp_slot_attention,,,0,mlp_slot_attention,slot_learned_linear,assignment_transpose,feature,,mse,1.0,True,1,321,321,321,64,64,0.2,64,0.2,0.19937694704049844,0.19937694704049844,64,64,0.19937694704049844,0.19937694704049844,96,False,8,0.0,1.0,scalar,1.0,1.0,1.0,4,False,False,ratio,target,64,,325,68,4,0.20923076923076922,79.07692307692308,0.0437775147928994,95.62224852071006,test,False,0.23866820780669648,0.33629916742372123,0.4885368029193875,2.8693812245415757,134612.38568851486,0.0,0.0,0.0,0.0,0.0,0.0,0.0,True,0.01,0.2,0,1.0,row_l1,1e-08,True,0.4879627222630845,0.004879627107312942,0.009999999776482582,0.0,252.548593044281,10990,0.022979853780189356,43.51637784841292,25.035359144210815,25.254859304428102,696.2620455746068,561.6212992668152,5470032,357.15966796875,480.0,357.15966796875,1.0,0,softmax,1.5,0,0,,,,,,,,,,,,,0.9999903440475464,,,0.1477746218442917,192.23895263671875,257.92596435546875,0.12045305222272873,6,0.0,0.0,0.0,0.0,none,persistence,1.0,0.0,none,1.0,0.0,success,2026-07-07 19:50:10,c2426e68ca13f74aaec08045c5c724d8ad328124,true,,,0,0,0,custom,./dataset/electricity/,electricity.csv,OT,h,2021,0,iTransformer,Electricity_pl720_mlp_slot_attention_ratio0.20_k64_ortho0_seed2021_slot_learned_linear_cycle0.01_cw0.2,Electricity_pl720_mlp_slot_attention_ratio0.20_k64_ortho0_seed2021_slot_learned_linear_cycle0.01_cw0.2_iTransformer_custom_M_ft96_sl48_ll720_pl512_dm8_nh3_el1_dl512_df1_fctimeF_ebTrue_dtvr_projection_0,96,48,3,512,512,16,0.0005,10,3,0,True,./checkpoints/Electricity_pl720_mlp_slot_attention_ratio0.20_k64_ortho0_seed2021_slot_learned_linear_cycle0.01_cw0.2_iTransformer_custom_M_ft96_sl48_ll720_pl512_dm8_nh3_el1_dl512_df1_fctimeF_ebTrue_dtvr_projection_0,./results/Electricity_pl720_mlp_slot_attention_ratio0.20_k64_ortho0_seed2021_slot_learned_linear_cycle0.01_cw0.2_iTransformer_custom_M_ft96_sl48_ll720_pl512_dm8_nh3_el1_dl512_df1_fctimeF_ebTrue_dtvr_projection_0/,./results/Electricity_pl720_mlp_slot_attention_ratio0.20_k64_ortho0_seed2021_slot_learned_linear_cycle0.01_cw0.2_iTransformer_custom_M_ft96_sl48_ll720_pl512_dm8_nh3_el1_dl512_df1_fctimeF_ebTrue_dtvr_projection_0/weight_matrices,./results/Electricity_pl720_mlp_slot_attention_ratio0.20_k64_ortho0_seed2021_slot_learned_linear_cycle0.01_cw0.2_iTransformer_custom_M_ft96_sl48_ll720_pl512_dm8_nh3_el1_dl512_df1_fctimeF_ebTrue_dtvr_projection_0/slot_diagnostics,./results/attention_weight_heatmaps/Electricity_pl720_mlp_slot_attention_ratio0.20_k64_ortho0_seed2021_slot_learned_linear_cycle0.01_cw0.2_iTransformer_custom_M_ft96_sl48_ll720_pl512_dm8_nh3_el1_dl512_df1_fctimeF_ebTrue_dtvr_projection_0,0.0,0.35
Electricity,720,mlp_slot_attention,mlp_slot_attention,,,0,mlp_slot_attention,slot_learned_linear,assignment_transpose,feature,,mse,1.0,True,1,321,321,321,96,96,0.3,96,0.3,0.29906542056074764,0.29906542056074764,96,96,0.29906542056074764,0.29906542056074764,96,False,8,0.0,1.0,scalar,1.0,1.0,1.0,4,False,False,ratio,target,96,,325,100,4,0.3076923076923077,69.23076923076923,0.09467455621301776,90.53254437869822,test,False,0.2342433529170062,0.3325329161674145,0.48398693465527165,2.79480285117123,133415.31121633307,0.0,0.0,0.0,0.0,0.0,0.0,0.0,True,0.01,0.2,0,1.0,row_l1,1e-08,True,0.4609033541586098,0.004609033435301769,0.009999999776482582,0.0,255.94841146469116,10990,0.023289209414439595,42.93834033627555,25.61972188949585,25.594841146469115,687.0134453804088,566.7662003040314,5496720,413.39208984375,534.0,413.39208984375,1.0,0,softmax,1.5,0,0,,,,,,,,,,,,,0.9999903440475464,,,0.20029763877391815,180.9290008544922,258.1036071777344,0.09725877642631531,4,0.0,0.0,0.0,0.0,none,persistence,1.0,0.0,none,1.0,0.0,success,2026-07-07 19:59:44,c2426e68ca13f74aaec08045c5c724d8ad328124,true,,,0,0,0,custom,./dataset/electricity/,electricity.csv,OT,h,2021,0,iTransformer,Electricity_pl720_mlp_slot_attention_ratio0.30_k96_ortho0_seed2021_slot_learned_linear_cycle0.01_cw0.2,Electricity_pl720_mlp_slot_attention_ratio0.30_k96_ortho0_seed2021_slot_learned_linear_cycle0.01_cw0.2_iTransformer_custom_M_ft96_sl48_ll720_pl512_dm8_nh3_el1_dl512_df1_fctimeF_ebTrue_dtvr_projection_0,96,48,3,512,512,16,0.0005,10,3,0,True,./checkpoints/Electricity_pl720_mlp_slot_attention_ratio0.30_k96_ortho0_seed2021_slot_learned_linear_cycle0.01_cw0.2_iTransformer_custom_M_ft96_sl48_ll720_pl512_dm8_nh3_el1_dl512_df1_fctimeF_ebTrue_dtvr_projection_0,./results/Electricity_pl720_mlp_slot_attention_ratio0.30_k96_ortho0_seed2021_slot_learned_linear_cycle0.01_cw0.2_iTransformer_custom_M_ft96_sl48_ll720_pl512_dm8_nh3_el1_dl512_df1_fctimeF_ebTrue_dtvr_projection_0/,./results/Electricity_pl720_mlp_slot_attention_ratio0.30_k96_ortho0_seed2021_slot_learned_linear_cycle0.01_cw0.2_iTransformer_custom_M_ft96_sl48_ll720_pl512_dm8_nh3_el1_dl512_df1_fctimeF_ebTrue_dtvr_projection_0/weight_matrices,./results/Electricity_pl720_mlp_slot_attention_ratio0.30_k96_ortho0_seed2021_slot_learned_linear_cycle0.01_cw0.2_iTransformer_custom_M_ft96_sl48_ll720_pl512_dm8_nh3_el1_dl512_df1_fctimeF_ebTrue_dtvr_projection_0/slot_diagnostics,./results/attention_weight_heatmaps/Electricity_pl720_mlp_slot_attention_ratio0.30_k96_ortho0_seed2021_slot_learned_linear_cycle0.01_cw0.2_iTransformer_custom_M_ft96_sl48_ll720_pl512_dm8_nh3_el1_dl512_df1_fctimeF_ebTrue_dtvr_projection_0,0.0,0.35
Traffic,96,mlp_slot_attention,mlp_slot_attention,,,0,mlp_slot_attention,slot_learned_linear,assignment_transpose,feature,,mse,1.0,True,1,862,862,862,86,86,0.1,86,0.1,0.09976798143851508,0.09976798143851508,86,86,0.09976798143851508,0.09976798143851508,258,False,8,0.0,1.0,scalar,1.0,1.0,1.0,4,False,False,ratio,target,86,,866,90,4,0.10392609699769054,89.60739030023095,0.010800633637173382,98.91993663628266,test,False,1.214050519353293,0.6646985780427949,1.1018396069089607,6.0307389255819,1004721.461021135,0.0,0.0,0.0,0.0,0.0,0.0,0.0,True,0.01,0.2,0,1.0,row_l1,1e-08,True,1.8407821686852057,0.01840782128274441,0.009999999776482582,0.0,117.08906126022339,4530,0.025847474891881543,38.68849874825068,19.55169415473938,19.514843543370564,619.0159799720109,279.38172459602356,6792778,519.57568359375,642.0,519.57568359375,1.0,0,softmax,1.5,0,0,,,,,,,,,,,,,0.9167155623435974,,,0.0056478409096598625,3.3983190059661865,704.4480590820312,0.13065539300441742,11,0.0,0.0,0.0,0.0,none,persistence,1.0,0.0,none,1.0,0.0,success,2026-07-07 20:04:31,c2426e68ca13f74aaec08045c5c724d8ad328124,true,,,0,0,0,custom,./dataset/traffic/,traffic.csv,OT,h,2021,0,iTransformer,Traffic_pl96_mlp_slot_attention_ratio0.10_k86_ortho0_seed2021_slot_learned_linear_cycle0.01_cw0.2,Traffic_pl96_mlp_slot_attention_ratio0.10_k86_ortho0_seed2021_slot_learned_linear_cycle0.01_cw0.2_iTransformer_custom_M_ft96_sl48_ll96_pl512_dm8_nh4_el1_dl512_df1_fctimeF_ebTrue_dtvr_projection_0,96,48,4,512,512,16,0.001,10,3,0,True,./checkpoints/Traffic_pl96_mlp_slot_attention_ratio0.10_k86_ortho0_seed2021_slot_learned_linear_cycle0.01_cw0.2_iTransformer_custom_M_ft96_sl48_ll96_pl512_dm8_nh4_el1_dl512_df1_fctimeF_ebTrue_dtvr_projection_0,./results/Traffic_pl96_mlp_slot_attention_ratio0.10_k86_ortho0_seed2021_slot_learned_linear_cycle0.01_cw0.2_iTransformer_custom_M_ft96_sl48_ll96_pl512_dm8_nh4_el1_dl512_df1_fctimeF_ebTrue_dtvr_projection_0/,./results/Traffic_pl96_mlp_slot_attention_ratio0.10_k86_ortho0_seed2021_slot_learned_linear_cycle0.01_cw0.2_iTransformer_custom_M_ft96_sl48_ll96_pl512_dm8_nh4_el1_dl512_df1_fctimeF_ebTrue_dtvr_projection_0/weight_matrices,./results/Traffic_pl96_mlp_slot_attention_ratio0.10_k86_ortho0_seed2021_slot_learned_linear_cycle0.01_cw0.2_iTransformer_custom_M_ft96_sl48_ll96_pl512_dm8_nh4_el1_dl512_df1_fctimeF_ebTrue_dtvr_projection_0/slot_diagnostics,./results/attention_weight_heatmaps/Traffic_pl96_mlp_slot_attention_ratio0.10_k86_ortho0_seed2021_slot_learned_linear_cycle0.01_cw0.2_iTransformer_custom_M_ft96_sl48_ll96_pl512_dm8_nh4_el1_dl512_df1_fctimeF_ebTrue_dtvr_projection_0,0.0,0.35
Traffic,96,mlp_slot_attention,mlp_slot_attention,,,0,mlp_slot_attention,slot_learned_linear,assignment_transpose,feature,,mse,1.0,True,1,862,862,862,172,172,0.2,172,0.2,0.19953596287703015,0.19953596287703015,172,172,0.19953596287703015,0.19953596287703015,258,False,8,0.0,1.0,scalar,1.0,1.0,1.0,4,False,False,ratio,target,172,,866,176,4,0.20323325635103925,79.67667436489607,0.04130375648704724,95.86962435129529,test,False,1.1873017133546457,0.6453790126882494,1.0896337519344037,6.917764907121055,1387380.183331764,0.0,0.0,0.0,0.0,0.0,0.0,0.0,True,0.01,0.2,0,1.0,row_l1,1e-08,True,1.8034753442600073,0.01803475304056477,0.009999999776482582,0.0,300.3572566509247,7550,0.039782418099460225,25.13673245049848,30.136451482772827,30.035725665092468,402.18771920797576,561.8185248374939,6911028,779.138671875,956.0,779.138671875,1.0,0,softmax,1.5,0,0,,,,,,,,,,,,,0.8370877504348755,,,0.008985200896859169,1.667827844619751,694.0186157226562,0.11142843961715698,6,0.0,0.0,0.0,0.0,none,persistence,1.0,0.0,none,1.0,0.0,success,2026-07-07 20:14:00,c2426e68ca13f74aaec08045c5c724d8ad328124,true,,,0,0,0,custom,./dataset/traffic/,traffic.csv,OT,h,2021,0,iTransformer,Traffic_pl96_mlp_slot_attention_ratio0.20_k172_ortho0_seed2021_slot_learned_linear_cycle0.01_cw0.2,Traffic_pl96_mlp_slot_attention_ratio0.20_k172_ortho0_seed2021_slot_learned_linear_cycle0.01_cw0.2_iTransformer_custom_M_ft96_sl48_ll96_pl512_dm8_nh4_el1_dl512_df1_fctimeF_ebTrue_dtvr_projection_0,96,48,4,512,512,16,0.001,10,3,0,True,./checkpoints/Traffic_pl96_mlp_slot_attention_ratio0.20_k172_ortho0_seed2021_slot_learned_linear_cycle0.01_cw0.2_iTransformer_custom_M_ft96_sl48_ll96_pl512_dm8_nh4_el1_dl512_df1_fctimeF_ebTrue_dtvr_projection_0,./results/Traffic_pl96_mlp_slot_attention_ratio0.20_k172_ortho0_seed2021_slot_learned_linear_cycle0.01_cw0.2_iTransformer_custom_M_ft96_sl48_ll96_pl512_dm8_nh4_el1_dl512_df1_fctimeF_ebTrue_dtvr_projection_0/,./results/Traffic_pl96_mlp_slot_attention_ratio0.20_k172_ortho0_seed2021_slot_learned_linear_cycle0.01_cw0.2_iTransformer_custom_M_ft96_sl48_ll96_pl512_dm8_nh4_el1_dl512_df1_fctimeF_ebTrue_dtvr_projection_0/weight_matrices,./results/Traffic_pl96_mlp_slot_attention_ratio0.20_k172_ortho0_seed2021_slot_learned_linear_cycle0.01_cw0.2_iTransformer_custom_M_ft96_sl48_ll96_pl512_dm8_nh4_el1_dl512_df1_fctimeF_ebTrue_dtvr_projection_0/slot_diagnostics,./results/attention_weight_heatmaps/Traffic_pl96_mlp_slot_attention_ratio0.20_k172_ortho0_seed2021_slot_learned_linear_cycle0.01_cw0.2_iTransformer_custom_M_ft96_sl48_ll96_pl512_dm8_nh4_el1_dl512_df1_fctimeF_ebTrue_dtvr_projection_0,0.0,0.35
Traffic,96,mlp_slot_attention,mlp_slot_attention,,,0,mlp_slot_attention,slot_learned_linear,assignment_transpose,feature,,mse,1.0,True,1,862,862,862,258,258,0.3,258,0.3,0.29930394431554525,0.29930394431554525,258,258,0.29930394431554525,0.29930394431554525,258,False,8,0.0,1.0,scalar,1.0,1.0,1.0,4,False,False,ratio,target,259,,866,262,4,0.302540415704388,69.7459584295612,0.0915307031345839,90.84692968654161,test,False,1.408457856456559,0.79940018234596,1.1867846714785961,3.232623876896168,103043.02318001723,0.0,0.0,0.0,0.0,0.0,0.0,0.0,True,0.01,0.2,0,1.0,row_l1,1e-08,True,1.5183238248951387,0.015183237930204695,0.009999999776482582,0.0,445.6717176437378,7550,0.059029366575329506,16.940720492466472,45.32760977745056,44.56717176437378,271.05152787946355,714.1903808116913,7029278,1105.53173828125,1280.0,1105.53173828125,1.0,0,softmax,1.5,0,0,,,,,,,,,,,,,0.9999179244041443,,,0.01661129668354988,12.106951713562012,744.1185913085938,0.1316019594669342,4,0.0,0.0,0.0,0.0,none,persistence,1.0,0.0,none,1.0,0.0,success,2026-07-07 20:26:02,c2426e68ca13f74aaec08045c5c724d8ad328124,true,,,0,0,0,custom,./dataset/traffic/,traffic.csv,OT,h,2021,0,iTransformer,Traffic_pl96_mlp_slot_attention_ratio0.30_k258_ortho0_seed2021_slot_learned_linear_cycle0.01_cw0.2,Traffic_pl96_mlp_slot_attention_ratio0.30_k258_ortho0_seed2021_slot_learned_linear_cycle0.01_cw0.2_iTransformer_custom_M_ft96_sl48_ll96_pl512_dm8_nh4_el1_dl512_df1_fctimeF_ebTrue_dtvr_projection_0,96,48,4,512,512,16,0.001,10,3,0,True,./checkpoints/Traffic_pl96_mlp_slot_attention_ratio0.30_k258_ortho0_seed2021_slot_learned_linear_cycle0.01_cw0.2_iTransformer_custom_M_ft96_sl48_ll96_pl512_dm8_nh4_el1_dl512_df1_fctimeF_ebTrue_dtvr_projection_0,./results/Traffic_pl96_mlp_slot_attention_ratio0.30_k258_ortho0_seed2021_slot_learned_linear_cycle0.01_cw0.2_iTransformer_custom_M_ft96_sl48_ll96_pl512_dm8_nh4_el1_dl512_df1_fctimeF_ebTrue_dtvr_projection_0/,./results/Traffic_pl96_mlp_slot_attention_ratio0.30_k258_ortho0_seed2021_slot_learned_linear_cycle0.01_cw0.2_iTransformer_custom_M_ft96_sl48_ll96_pl512_dm8_nh4_el1_dl512_df1_fctimeF_ebTrue_dtvr_projection_0/weight_matrices,./results/Traffic_pl96_mlp_slot_attention_ratio0.30_k258_ortho0_seed2021_slot_learned_linear_cycle0.01_cw0.2_iTransformer_custom_M_ft96_sl48_ll96_pl512_dm8_nh4_el1_dl512_df1_fctimeF_ebTrue_dtvr_projection_0/slot_diagnostics,./results/attention_weight_heatmaps/Traffic_pl96_mlp_slot_attention_ratio0.30_k258_ortho0_seed2021_slot_learned_linear_cycle0.01_cw0.2_iTransformer_custom_M_ft96_sl48_ll96_pl512_dm8_nh4_el1_dl512_df1_fctimeF_ebTrue_dtvr_projection_0,0.0,0.35
Traffic,192,mlp_slot_attention,mlp_slot_attention,,,0,mlp_slot_attention,slot_learned_linear,assignment_transpose,feature,,mse,1.0,True,1,862,862,862,86,86,0.1,86,0.1,0.09976798143851508,0.09976798143851508,86,86,0.09976798143851508,0.09976798143851508,258,False,8,0.0,1.0,scalar,1.0,1.0,1.0,4,False,False,ratio,target,86,,866,90,4,0.10392609699769054,89.60739030023095,0.010800633637173382,98.91993663628266,test,False,0.7256309973875853,0.428151203380847,0.8518397721329906,4.789449427163744,505089.7025496713,0.0,0.0,0.0,0.0,0.0,0.0,0.0,True,0.01,0.2,0,1.0,row_l1,1e-08,True,1.8470225590411748,0.018470225112142167,0.009999999776482582,0.0,85.22649550437927,2996,0.02844676084925877,35.153387245003564,21.155691623687744,21.306623876094818,562.454195920057,209.08969855308533,6842026,555.40576171875,698.0,555.40576171875,1.0,0,softmax,1.5,0,0,,,,,,,,,,,,,0.9999932646751404,,,0.011738649569451809,427.8838195800781,700.166259765625,0.1358288824558258,11,0.0,0.0,0.0,0.0,none,persistence,1.0,0.0,none,1.0,0.0,success,2026-07-07 20:29:39,c2426e68ca13f74aaec08045c5c724d8ad328124,true,,,0,0,0,custom,./dataset/traffic/,traffic.csv,OT,h,2021,0,iTransformer,Traffic_pl192_mlp_slot_attention_ratio0.10_k86_ortho0_seed2021_slot_learned_linear_cycle0.01_cw0.2,Traffic_pl192_mlp_slot_attention_ratio0.10_k86_ortho0_seed2021_slot_learned_linear_cycle0.01_cw0.2_iTransformer_custom_M_ft96_sl48_ll192_pl512_dm8_nh4_el1_dl512_df1_fctimeF_ebTrue_dtvr_projection_0,96,48,4,512,512,16,0.001,10,3,0,True,./checkpoints/Traffic_pl192_mlp_slot_attention_ratio0.10_k86_ortho0_seed2021_slot_learned_linear_cycle0.01_cw0.2_iTransformer_custom_M_ft96_sl48_ll192_pl512_dm8_nh4_el1_dl512_df1_fctimeF_ebTrue_dtvr_projection_0,./results/Traffic_pl192_mlp_slot_attention_ratio0.10_k86_ortho0_seed2021_slot_learned_linear_cycle0.01_cw0.2_iTransformer_custom_M_ft96_sl48_ll192_pl512_dm8_nh4_el1_dl512_df1_fctimeF_ebTrue_dtvr_projection_0/,./results/Traffic_pl192_mlp_slot_attention_ratio0.10_k86_ortho0_seed2021_slot_learned_linear_cycle0.01_cw0.2_iTransformer_custom_M_ft96_sl48_ll192_pl512_dm8_nh4_el1_dl512_df1_fctimeF_ebTrue_dtvr_projection_0/weight_matrices,./results/Traffic_pl192_mlp_slot_attention_ratio0.10_k86_ortho0_seed2021_slot_learned_linear_cycle0.01_cw0.2_iTransformer_custom_M_ft96_sl48_ll192_pl512_dm8_nh4_el1_dl512_df1_fctimeF_ebTrue_dtvr_projection_0/slot_diagnostics,./results/attention_weight_heatmaps/Traffic_pl192_mlp_slot_attention_ratio0.10_k86_ortho0_seed2021_slot_learned_linear_cycle0.01_cw0.2_iTransformer_custom_M_ft96_sl48_ll192_pl512_dm8_nh4_el1_dl512_df1_fctimeF_ebTrue_dtvr_projection_0,0.0,0.35
Traffic,192,mlp_slot_attention,mlp_slot_attention,,,0,mlp_slot_attention,slot_learned_linear,assignment_transpose,feature,,mse,1.0,True,1,862,862,862,172,172,0.2,172,0.2,0.19953596287703015,0.19953596287703015,172,172,0.19953596287703015,0.19953596287703015,258,False,8,0.0,1.0,scalar,1.0,1.0,1.0,4,False,False,ratio,target,172,,866,176,4,0.20323325635103925,79.67667436489607,0.04130375648704724,95.86962435129529,test,False,1.4118837532918271,0.8023945211956655,1.1882271471784456,3.20064597418646,84652.82715275658,0.0,0.0,0.0,0.0,0.0,0.0,0.0,True,0.01,0.2,0,1.0,row_l1,1e-08,True,1.6169949862285353,0.01616994948319106,0.009999999776482582,0.0,187.52490782737732,4494,0.04172783885789438,23.964816471937002,31.33502435684204,31.254151304562885,383.43706355099204,362.15244579315186,6960276,816.94482421875,1068.0,816.94482421875,1.0,0,softmax,1.5,0,0,,,,,,,,,,,,,0.9259815216064453,,,0.005285412538796663,3.5264945030212402,718.8796997070312,0.2090756744146347,6,0.0,0.0,0.0,0.0,none,persistence,1.0,0.0,none,1.0,0.0,success,2026-07-07 20:35:49,c2426e68ca13f74aaec08045c5c724d8ad328124,true,,,0,0,0,custom,./dataset/traffic/,traffic.csv,OT,h,2021,0,iTransformer,Traffic_pl192_mlp_slot_attention_ratio0.20_k172_ortho0_seed2021_slot_learned_linear_cycle0.01_cw0.2,Traffic_pl192_mlp_slot_attention_ratio0.20_k172_ortho0_seed2021_slot_learned_linear_cycle0.01_cw0.2_iTransformer_custom_M_ft96_sl48_ll192_pl512_dm8_nh4_el1_dl512_df1_fctimeF_ebTrue_dtvr_projection_0,96,48,4,512,512,16,0.001,10,3,0,True,./checkpoints/Traffic_pl192_mlp_slot_attention_ratio0.20_k172_ortho0_seed2021_slot_learned_linear_cycle0.01_cw0.2_iTransformer_custom_M_ft96_sl48_ll192_pl512_dm8_nh4_el1_dl512_df1_fctimeF_ebTrue_dtvr_projection_0,./results/Traffic_pl192_mlp_slot_attention_ratio0.20_k172_ortho0_seed2021_slot_learned_linear_cycle0.01_cw0.2_iTransformer_custom_M_ft96_sl48_ll192_pl512_dm8_nh4_el1_dl512_df1_fctimeF_ebTrue_dtvr_projection_0/,./results/Traffic_pl192_mlp_slot_attention_ratio0.20_k172_ortho0_seed2021_slot_learned_linear_cycle0.01_cw0.2_iTransformer_custom_M_ft96_sl48_ll192_pl512_dm8_nh4_el1_dl512_df1_fctimeF_ebTrue_dtvr_projection_0/weight_matrices,./results/Traffic_pl192_mlp_slot_attention_ratio0.20_k172_ortho0_seed2021_slot_learned_linear_cycle0.01_cw0.2_iTransformer_custom_M_ft96_sl48_ll192_pl512_dm8_nh4_el1_dl512_df1_fctimeF_ebTrue_dtvr_projection_0/slot_diagnostics,./results/attention_weight_heatmaps/Traffic_pl192_mlp_slot_attention_ratio0.20_k172_ortho0_seed2021_slot_learned_linear_cycle0.01_cw0.2_iTransformer_custom_M_ft96_sl48_ll192_pl512_dm8_nh4_el1_dl512_df1_fctimeF_ebTrue_dtvr_projection_0,0.0,0.35
Traffic,192,mlp_slot_attention,mlp_slot_attention,,,0,mlp_slot_attention,slot_learned_linear,assignment_transpose,feature,,mse,1.0,True,1,862,862,862,258,258,0.3,258,0.3,0.29930394431554525,0.29930394431554525,258,258,0.29930394431554525,0.29930394431554525,258,False,8,0.0,1.0,scalar,1.0,1.0,1.0,4,False,False,ratio,target,259,,866,262,4,0.302540415704388,69.7459584295612,0.0915307031345839,90.84692968654161,test,False,0.7063600633874265,0.4255915902839732,0.8404522969136479,5.045535500543211,735341.0149797192,0.0,0.0,0.0,0.0,0.0,0.0,0.0,True,0.01,0.2,0,1.0,row_l1,1e-08,True,1.6181524603643787,0.01618152423370107,0.009999999776482582,0.0,178.90662050247192,2996,0.05971516038133242,16.7461661932103,45.75496816635132,44.72665512561798,267.9386590913648,307.9862062931061,7078526,1138.0234375,1406.0,1138.0234375,1.0,0,softmax,1.5,0,0,,,,,,,,,,,,,0.9999919533729553,,,0.004983389284461737,427.7947998046875,704.0474853515625,0.10790124535560608,4,0.0,0.0,0.0,0.0,none,persistence,1.0,0.0,none,1.0,0.0,success,2026-07-07 20:41:06,c2426e68ca13f74aaec08045c5c724d8ad328124,true,,,0,0,0,custom,./dataset/traffic/,traffic.csv,OT,h,2021,0,iTransformer,Traffic_pl192_mlp_slot_attention_ratio0.30_k258_ortho0_seed2021_slot_learned_linear_cycle0.01_cw0.2,Traffic_pl192_mlp_slot_attention_ratio0.30_k258_ortho0_seed2021_slot_learned_linear_cycle0.01_cw0.2_iTransformer_custom_M_ft96_sl48_ll192_pl512_dm8_nh4_el1_dl512_df1_fctimeF_ebTrue_dtvr_projection_0,96,48,4,512,512,16,0.001,10,3,0,True,./checkpoints/Traffic_pl192_mlp_slot_attention_ratio0.30_k258_ortho0_seed2021_slot_learned_linear_cycle0.01_cw0.2_iTransformer_custom_M_ft96_sl48_ll192_pl512_dm8_nh4_el1_dl512_df1_fctimeF_ebTrue_dtvr_projection_0,./results/Traffic_pl192_mlp_slot_attention_ratio0.30_k258_ortho0_seed2021_slot_learned_linear_cycle0.01_cw0.2_iTransformer_custom_M_ft96_sl48_ll192_pl512_dm8_nh4_el1_dl512_df1_fctimeF_ebTrue_dtvr_projection_0/,./results/Traffic_pl192_mlp_slot_attention_ratio0.30_k258_ortho0_seed2021_slot_learned_linear_cycle0.01_cw0.2_iTransformer_custom_M_ft96_sl48_ll192_pl512_dm8_nh4_el1_dl512_df1_fctimeF_ebTrue_dtvr_projection_0/weight_matrices,./results/Traffic_pl192_mlp_slot_attention_ratio0.30_k258_ortho0_seed2021_slot_learned_linear_cycle0.01_cw0.2_iTransformer_custom_M_ft96_sl48_ll192_pl512_dm8_nh4_el1_dl512_df1_fctimeF_ebTrue_dtvr_projection_0/slot_diagnostics,./results/attention_weight_heatmaps/Traffic_pl192_mlp_slot_attention_ratio0.30_k258_ortho0_seed2021_slot_learned_linear_cycle0.01_cw0.2_iTransformer_custom_M_ft96_sl48_ll192_pl512_dm8_nh4_el1_dl512_df1_fctimeF_ebTrue_dtvr_projection_0,0.0,0.35
Traffic,336,mlp_slot_attention,mlp_slot_attention,,,0,mlp_slot_attention,slot_learned_linear,assignment_transpose,feature,,mse,1.0,True,1,862,862,862,86,86,0.1,86,0.1,0.09976798143851508,0.09976798143851508,86,86,0.09976798143851508,0.09976798143851508,258,False,8,0.0,1.0,scalar,1.0,1.0,1.0,4,False,False,ratio,target,86,,866,90,4,0.10392609699769054,89.60739030023095,0.010800633637173382,98.91993663628266,test,False,1.2088773178462981,0.6792189308588499,1.099489571504113,5.424886345341772,683086.4344320185,0.0,0.0,0.0,0.0,0.0,0.0,0.0,True,0.01,0.2,0,1.0,row_l1,1e-08,True,1.8461503571755178,0.018461503161469828,0.009999999776482582,0.0,94.39031863212585,2960,0.03188862115950198,31.35914829926806,23.279808521270752,23.597579658031464,501.746372788289,223.44040369987488,6915898,607.8837890625,754.0,607.8837890625,1.0,0,softmax,1.5,0,0,,,,,,,,,,,,,0.9999892711639404,,,0.006090808659791946,171.26844787597656,700.866943359375,0.11274717003107071,11,0.0,0.0,0.0,0.0,none,persistence,1.0,0.0,none,1.0,0.0,success,2026-07-07 20:44:58,c2426e68ca13f74aaec08045c5c724d8ad328124,true,,,0,0,0,custom,./dataset/traffic/,traffic.csv,OT,h,2021,0,iTransformer,Traffic_pl336_mlp_slot_attention_ratio0.10_k86_ortho0_seed2021_slot_learned_linear_cycle0.01_cw0.2,Traffic_pl336_mlp_slot_attention_ratio0.10_k86_ortho0_seed2021_slot_learned_linear_cycle0.01_cw0.2_iTransformer_custom_M_ft96_sl48_ll336_pl512_dm8_nh4_el1_dl512_df1_fctimeF_ebTrue_dtvr_projection_0,96,48,4,512,512,16,0.001,10,3,0,True,./checkpoints/Traffic_pl336_mlp_slot_attention_ratio0.10_k86_ortho0_seed2021_slot_learned_linear_cycle0.01_cw0.2_iTransformer_custom_M_ft96_sl48_ll336_pl512_dm8_nh4_el1_dl512_df1_fctimeF_ebTrue_dtvr_projection_0,./results/Traffic_pl336_mlp_slot_attention_ratio0.10_k86_ortho0_seed2021_slot_learned_linear_cycle0.01_cw0.2_iTransformer_custom_M_ft96_sl48_ll336_pl512_dm8_nh4_el1_dl512_df1_fctimeF_ebTrue_dtvr_projection_0/,./results/Traffic_pl336_mlp_slot_attention_ratio0.10_k86_ortho0_seed2021_slot_learned_linear_cycle0.01_cw0.2_iTransformer_custom_M_ft96_sl48_ll336_pl512_dm8_nh4_el1_dl512_df1_fctimeF_ebTrue_dtvr_projection_0/weight_matrices,./results/Traffic_pl336_mlp_slot_attention_ratio0.10_k86_ortho0_seed2021_slot_learned_linear_cycle0.01_cw0.2_iTransformer_custom_M_ft96_sl48_ll336_pl512_dm8_nh4_el1_dl512_df1_fctimeF_ebTrue_dtvr_projection_0/slot_diagnostics,./results/attention_weight_heatmaps/Traffic_pl336_mlp_slot_attention_ratio0.10_k86_ortho0_seed2021_slot_learned_linear_cycle0.01_cw0.2_iTransformer_custom_M_ft96_sl48_ll336_pl512_dm8_nh4_el1_dl512_df1_fctimeF_ebTrue_dtvr_projection_0,0.0,0.35
Traffic,336,mlp_slot_attention,mlp_slot_attention,,,0,mlp_slot_attention,slot_learned_linear,assignment_transpose,feature,,mse,1.0,True,1,862,862,862,172,172,0.2,172,0.2,0.19953596287703015,0.19953596287703015,172,172,0.19953596287703015,0.19953596287703015,258,False,8,0.0,1.0,scalar,1.0,1.0,1.0,4,False,False,ratio,target,172,,866,176,4,0.20323325635103925,79.67667436489607,0.04130375648704724,95.86962435129529,test,False,1.4276972422101044,0.8056554314756901,1.1948628549796434,3.239623292835709,98752.10498378419,0.0,0.0,0.0,0.0,0.0,0.0,0.0,True,0.01,0.2,0,1.0,row_l1,1e-08,True,1.4286855887722325,0.014286855550331844,0.009999999776482582,0.0,335.1388988494873,7400,0.04528904038506585,22.080397188758983,33.807528257369995,33.51388988494873,353.2863550201437,619.5939197540283,7034148,868.822265625,1058.0,868.822265625,1.0,0,softmax,1.5,0,0,,,,,,,,,,,,,0.9999555945396423,,,0.011733614839613438,20.673015594482422,756.301513671875,0.10864046961069107,6,0.0,0.0,0.0,0.0,none,persistence,1.0,0.0,none,1.0,0.0,success,2026-07-07 20:55:25,c2426e68ca13f74aaec08045c5c724d8ad328124,true,,,0,0,0,custom,./dataset/traffic/,traffic.csv,OT,h,2021,0,iTransformer,Traffic_pl336_mlp_slot_attention_ratio0.20_k172_ortho0_seed2021_slot_learned_linear_cycle0.01_cw0.2,Traffic_pl336_mlp_slot_attention_ratio0.20_k172_ortho0_seed2021_slot_learned_linear_cycle0.01_cw0.2_iTransformer_custom_M_ft96_sl48_ll336_pl512_dm8_nh4_el1_dl512_df1_fctimeF_ebTrue_dtvr_projection_0,96,48,4,512,512,16,0.001,10,3,0,True,./checkpoints/Traffic_pl336_mlp_slot_attention_ratio0.20_k172_ortho0_seed2021_slot_learned_linear_cycle0.01_cw0.2_iTransformer_custom_M_ft96_sl48_ll336_pl512_dm8_nh4_el1_dl512_df1_fctimeF_ebTrue_dtvr_projection_0,./results/Traffic_pl336_mlp_slot_attention_ratio0.20_k172_ortho0_seed2021_slot_learned_linear_cycle0.01_cw0.2_iTransformer_custom_M_ft96_sl48_ll336_pl512_dm8_nh4_el1_dl512_df1_fctimeF_ebTrue_dtvr_projection_0/,./results/Traffic_pl336_mlp_slot_attention_ratio0.20_k172_ortho0_seed2021_slot_learned_linear_cycle0.01_cw0.2_iTransformer_custom_M_ft96_sl48_ll336_pl512_dm8_nh4_el1_dl512_df1_fctimeF_ebTrue_dtvr_projection_0/weight_matrices,./results/Traffic_pl336_mlp_slot_attention_ratio0.20_k172_ortho0_seed2021_slot_learned_linear_cycle0.01_cw0.2_iTransformer_custom_M_ft96_sl48_ll336_pl512_dm8_nh4_el1_dl512_df1_fctimeF_ebTrue_dtvr_projection_0/slot_diagnostics,./results/attention_weight_heatmaps/Traffic_pl336_mlp_slot_attention_ratio0.20_k172_ortho0_seed2021_slot_learned_linear_cycle0.01_cw0.2_iTransformer_custom_M_ft96_sl48_ll336_pl512_dm8_nh4_el1_dl512_df1_fctimeF_ebTrue_dtvr_projection_0,0.0,0.35
Traffic,336,mlp_slot_attention,mlp_slot_attention,,,0,mlp_slot_attention,slot_learned_linear,assignment_transpose,feature,,mse,1.0,True,1,862,862,862,258,258,0.3,258,0.3,0.29930394431554525,0.29930394431554525,258,258,0.29930394431554525,0.29930394431554525,258,False,8,0.0,1.0,scalar,1.0,1.0,1.0,4,False,False,ratio,target,259,,866,262,4,0.302540415704388,69.7459584295612,0.0915307031345839,90.84692968654161,test,False,0.7463639002296234,0.42077890572708326,0.8639235499913308,4.678759682797993,609925.9019597722,0.0,0.0,0.0,0.0,0.0,0.0,0.0,True,0.01,0.2,0,1.0,row_l1,1e-08,True,1.6506958450819995,0.0165069580707397,0.009999999776482582,0.0,184.75887846946716,2960,0.06241854002346864,16.02088096940447,46.74613165855408,46.18971961736679,256.33409551047157,319.13700771331787,7152398,1191.79443359375,1442.0,1191.79443359375,1.0,0,softmax,1.5,0,0,,,,,,,,,,,,,0.9999919533729553,,,0.006275378633290529,273.9194030761719,703.1074829101562,0.13954243063926697,4,0.0,0.0,0.0,0.0,none,persistence,1.0,0.0,none,1.0,0.0,success,2026-07-07 21:00:58,c2426e68ca13f74aaec08045c5c724d8ad328124,true,,,0,0,0,custom,./dataset/traffic/,traffic.csv,OT,h,2021,0,iTransformer,Traffic_pl336_mlp_slot_attention_ratio0.30_k258_ortho0_seed2021_slot_learned_linear_cycle0.01_cw0.2,Traffic_pl336_mlp_slot_attention_ratio0.30_k258_ortho0_seed2021_slot_learned_linear_cycle0.01_cw0.2_iTransformer_custom_M_ft96_sl48_ll336_pl512_dm8_nh4_el1_dl512_df1_fctimeF_ebTrue_dtvr_projection_0,96,48,4,512,512,16,0.001,10,3,0,True,./checkpoints/Traffic_pl336_mlp_slot_attention_ratio0.30_k258_ortho0_seed2021_slot_learned_linear_cycle0.01_cw0.2_iTransformer_custom_M_ft96_sl48_ll336_pl512_dm8_nh4_el1_dl512_df1_fctimeF_ebTrue_dtvr_projection_0,./results/Traffic_pl336_mlp_slot_attention_ratio0.30_k258_ortho0_seed2021_slot_learned_linear_cycle0.01_cw0.2_iTransformer_custom_M_ft96_sl48_ll336_pl512_dm8_nh4_el1_dl512_df1_fctimeF_ebTrue_dtvr_projection_0/,./results/Traffic_pl336_mlp_slot_attention_ratio0.30_k258_ortho0_seed2021_slot_learned_linear_cycle0.01_cw0.2_iTransformer_custom_M_ft96_sl48_ll336_pl512_dm8_nh4_el1_dl512_df1_fctimeF_ebTrue_dtvr_projection_0/weight_matrices,./results/Traffic_pl336_mlp_slot_attention_ratio0.30_k258_ortho0_seed2021_slot_learned_linear_cycle0.01_cw0.2_iTransformer_custom_M_ft96_sl48_ll336_pl512_dm8_nh4_el1_dl512_df1_fctimeF_ebTrue_dtvr_projection_0/slot_diagnostics,./results/attention_weight_heatmaps/Traffic_pl336_mlp_slot_attention_ratio0.30_k258_ortho0_seed2021_slot_learned_linear_cycle0.01_cw0.2_iTransformer_custom_M_ft96_sl48_ll336_pl512_dm8_nh4_el1_dl512_df1_fctimeF_ebTrue_dtvr_projection_0,0.0,0.35
Traffic,720,mlp_slot_attention,mlp_slot_attention,,,0,mlp_slot_attention,slot_learned_linear,assignment_transpose,feature,,mse,1.0,True,1,862,862,862,86,86,0.1,86,0.1,0.09976798143851508,0.09976798143851508,86,86,0.09976798143851508,0.09976798143851508,258,False,8,0.0,1.0,scalar,1.0,1.0,1.0,4,False,False,ratio,target,86,,866,90,4,0.10392609699769054,89.60739030023095,0.010800633637173382,98.91993663628266,test,False,1.3376899337074515,0.714372121108282,1.1565854632094645,6.047941085157094,827168.9388265576,0.0,0.0,0.0,0.0,0.0,0.0,0.0,True,0.01,0.2,0,1.0,row_l1,1e-08,True,1.8730108356675623,0.01873010787956791,0.009999999776482582,0.0,244.15299797058105,5728,0.04262447590268524,23.46069901910518,30.229417085647583,30.519124746322632,375.3711843056829,482.27935218811035,7112890,753.17578125,1034.0,753.17578125,1.0,0,softmax,1.5,0,0,,,,,,,,,,,,,0.5714735984802246,,,0.006699888966977596,1.957872986793518,682.7781372070312,0.09063549339771271,11,0.0,0.0,0.0,0.0,none,persistence,1.0,0.0,none,1.0,0.0,success,2026-07-07 21:09:08,c2426e68ca13f74aaec08045c5c724d8ad328124,true,,,0,0,0,custom,./dataset/traffic/,traffic.csv,OT,h,2021,0,iTransformer,Traffic_pl720_mlp_slot_attention_ratio0.10_k86_ortho0_seed2021_slot_learned_linear_cycle0.01_cw0.2,Traffic_pl720_mlp_slot_attention_ratio0.10_k86_ortho0_seed2021_slot_learned_linear_cycle0.01_cw0.2_iTransformer_custom_M_ft96_sl48_ll720_pl512_dm8_nh4_el1_dl512_df1_fctimeF_ebTrue_dtvr_projection_0,96,48,4,512,512,16,0.001,10,3,0,True,./checkpoints/Traffic_pl720_mlp_slot_attention_ratio0.10_k86_ortho0_seed2021_slot_learned_linear_cycle0.01_cw0.2_iTransformer_custom_M_ft96_sl48_ll720_pl512_dm8_nh4_el1_dl512_df1_fctimeF_ebTrue_dtvr_projection_0,./results/Traffic_pl720_mlp_slot_attention_ratio0.10_k86_ortho0_seed2021_slot_learned_linear_cycle0.01_cw0.2_iTransformer_custom_M_ft96_sl48_ll720_pl512_dm8_nh4_el1_dl512_df1_fctimeF_ebTrue_dtvr_projection_0/,./results/Traffic_pl720_mlp_slot_attention_ratio0.10_k86_ortho0_seed2021_slot_learned_linear_cycle0.01_cw0.2_iTransformer_custom_M_ft96_sl48_ll720_pl512_dm8_nh4_el1_dl512_df1_fctimeF_ebTrue_dtvr_projection_0/weight_matrices,./results/Traffic_pl720_mlp_slot_attention_ratio0.10_k86_ortho0_seed2021_slot_learned_linear_cycle0.01_cw0.2_iTransformer_custom_M_ft96_sl48_ll720_pl512_dm8_nh4_el1_dl512_df1_fctimeF_ebTrue_dtvr_projection_0/slot_diagnostics,./results/attention_weight_heatmaps/Traffic_pl720_mlp_slot_attention_ratio0.10_k86_ortho0_seed2021_slot_learned_linear_cycle0.01_cw0.2_iTransformer_custom_M_ft96_sl48_ll720_pl512_dm8_nh4_el1_dl512_df1_fctimeF_ebTrue_dtvr_projection_0,0.0,0.35
Traffic,720,mlp_slot_attention,mlp_slot_attention,,,0,mlp_slot_attention,slot_learned_linear,assignment_transpose,feature,,mse,1.0,True,1,862,862,862,172,172,0.2,172,0.2,0.19953596287703015,0.19953596287703015,172,172,0.19953596287703015,0.19953596287703015,258,False,8,0.0,1.0,scalar,1.0,1.0,1.0,4,False,False,ratio,target,172,,866,176,4,0.20323325635103925,79.67667436489607,0.04130375648704724,95.86962435129529,test,False,0.7594268307798031,0.44190263088381476,0.8714509916110046,4.74867764587312,468159.74926920916,0.0,0.0,0.0,0.0,0.0,0.0,0.0,True,0.01,0.2,0,1.0,row_l1,1e-08,True,1.7291502672866736,0.017291502272658174,0.009999999776482582,0.0,154.02692699432373,2864,0.053780351604163314,18.59415139864178,38.63851833343506,38.50673174858093,297.5064223782685,291.7718346118927,7231140,1013.30322265625,1300.0,1013.30322265625,1.0,0,softmax,1.5,0,0,,,,,,,,,,,,,0.9999879002571106,,,0.002114164875820279,322.7688293457031,701.7608642578125,0.09454191476106644,6,0.0,0.0,0.0,0.0,none,persistence,1.0,0.0,none,1.0,0.0,success,2026-07-07 21:14:08,c2426e68ca13f74aaec08045c5c724d8ad328124,true,,,0,0,0,custom,./dataset/traffic/,traffic.csv,OT,h,2021,0,iTransformer,Traffic_pl720_mlp_slot_attention_ratio0.20_k172_ortho0_seed2021_slot_learned_linear_cycle0.01_cw0.2,Traffic_pl720_mlp_slot_attention_ratio0.20_k172_ortho0_seed2021_slot_learned_linear_cycle0.01_cw0.2_iTransformer_custom_M_ft96_sl48_ll720_pl512_dm8_nh4_el1_dl512_df1_fctimeF_ebTrue_dtvr_projection_0,96,48,4,512,512,16,0.001,10,3,0,True,./checkpoints/Traffic_pl720_mlp_slot_attention_ratio0.20_k172_ortho0_seed2021_slot_learned_linear_cycle0.01_cw0.2_iTransformer_custom_M_ft96_sl48_ll720_pl512_dm8_nh4_el1_dl512_df1_fctimeF_ebTrue_dtvr_projection_0,./results/Traffic_pl720_mlp_slot_attention_ratio0.20_k172_ortho0_seed2021_slot_learned_linear_cycle0.01_cw0.2_iTransformer_custom_M_ft96_sl48_ll720_pl512_dm8_nh4_el1_dl512_df1_fctimeF_ebTrue_dtvr_projection_0/,./results/Traffic_pl720_mlp_slot_attention_ratio0.20_k172_ortho0_seed2021_slot_learned_linear_cycle0.01_cw0.2_iTransformer_custom_M_ft96_sl48_ll720_pl512_dm8_nh4_el1_dl512_df1_fctimeF_ebTrue_dtvr_projection_0/weight_matrices,./results/Traffic_pl720_mlp_slot_attention_ratio0.20_k172_ortho0_seed2021_slot_learned_linear_cycle0.01_cw0.2_iTransformer_custom_M_ft96_sl48_ll720_pl512_dm8_nh4_el1_dl512_df1_fctimeF_ebTrue_dtvr_projection_0/slot_diagnostics,./results/attention_weight_heatmaps/Traffic_pl720_mlp_slot_attention_ratio0.20_k172_ortho0_seed2021_slot_learned_linear_cycle0.01_cw0.2_iTransformer_custom_M_ft96_sl48_ll720_pl512_dm8_nh4_el1_dl512_df1_fctimeF_ebTrue_dtvr_projection_0,0.0,0.35
Traffic,720,mlp_slot_attention,mlp_slot_attention,,,0,mlp_slot_attention,slot_learned_linear,assignment_transpose,feature,,mse,1.0,True,1,862,862,862,258,258,0.3,258,0.3,0.29930394431554525,0.29930394431554525,258,258,0.29930394431554525,0.29930394431554525,258,False,8,0.0,1.0,scalar,1.0,1.0,1.0,4,False,False,ratio,target,259,,866,262,4,0.302540415704388,69.7459584295612,0.0915307031345839,90.84692968654161,test,False,1.316203612334364,0.6972108152773476,1.1472591740031386,7.130262000395974,1126915.6559223016,0.0,0.0,0.0,0.0,0.0,0.0,0.0,True,0.01,0.2,0,1.0,row_l1,1e-08,True,1.6628180465884714,0.01662818006598833,0.009999999776482582,0.0,511.7364377975464,7160,0.07147156952479698,13.991577443294442,51.83555221557617,51.17364377975464,223.8652390927111,813.6664304733276,7349390,1337.02197265625,1670.0,1337.02197265625,1.0,0,softmax,1.5,0,0,,,,,,,,,,,,,0.777174711227417,,,0.011627907864749432,2.3100273609161377,719.5526733398438,0.0951874628663063,4,0.0,0.0,0.0,0.0,none,persistence,1.0,0.0,none,1.0,0.0,success,2026-07-07 21:27:49,c2426e68ca13f74aaec08045c5c724d8ad328124,true,,,0,0,0,custom,./dataset/traffic/,traffic.csv,OT,h,2021,0,iTransformer,Traffic_pl720_mlp_slot_attention_ratio0.30_k258_ortho0_seed2021_slot_learned_linear_cycle0.01_cw0.2,Traffic_pl720_mlp_slot_attention_ratio0.30_k258_ortho0_seed2021_slot_learned_linear_cycle0.01_cw0.2_iTransformer_custom_M_ft96_sl48_ll720_pl512_dm8_nh4_el1_dl512_df1_fctimeF_ebTrue_dtvr_projection_0,96,48,4,512,512,16,0.001,10,3,0,True,./checkpoints/Traffic_pl720_mlp_slot_attention_ratio0.30_k258_ortho0_seed2021_slot_learned_linear_cycle0.01_cw0.2_iTransformer_custom_M_ft96_sl48_ll720_pl512_dm8_nh4_el1_dl512_df1_fctimeF_ebTrue_dtvr_projection_0,./results/Traffic_pl720_mlp_slot_attention_ratio0.30_k258_ortho0_seed2021_slot_learned_linear_cycle0.01_cw0.2_iTransformer_custom_M_ft96_sl48_ll720_pl512_dm8_nh4_el1_dl512_df1_fctimeF_ebTrue_dtvr_projection_0/,./results/Traffic_pl720_mlp_slot_attention_ratio0.30_k258_ortho0_seed2021_slot_learned_linear_cycle0.01_cw0.2_iTransformer_custom_M_ft96_sl48_ll720_pl512_dm8_nh4_el1_dl512_df1_fctimeF_ebTrue_dtvr_projection_0/weight_matrices,./results/Traffic_pl720_mlp_slot_attention_ratio0.30_k258_ortho0_seed2021_slot_learned_linear_cycle0.01_cw0.2_iTransformer_custom_M_ft96_sl48_ll720_pl512_dm8_nh4_el1_dl512_df1_fctimeF_ebTrue_dtvr_projection_0/slot_diagnostics,./results/attention_weight_heatmaps/Traffic_pl720_mlp_slot_attention_ratio0.30_k258_ortho0_seed2021_slot_learned_linear_cycle0.01_cw0.2_iTransformer_custom_M_ft96_sl48_ll720_pl512_dm8_nh4_el1_dl512_df1_fctimeF_ebTrue_dtvr_projection_0,0.0,0.35
Solar,96,mlp_slot_attention,mlp_slot_attention,,,0,mlp_slot_attention,slot_learned_linear,assignment_transpose,feature,,mse,1.0,True,1,137,137,137,14,14,0.1,14,0.1,0.10218978102189781,0.10218978102189781,14,14,0.10218978102189781,0.10218978102189781,41,False,8,0.0,1.0,scalar,1.0,1.0,1.0,4,False,False,ratio,target,14,,137,14,0,0.10218978102189781,89.78102189781022,0.010442751345303427,98.95572486546965,test,False,0.22507638877002614,0.25331642201366433,0.4744221630257446,1.9648606984802746,30288.41000730819,0.0,0.0,0.0,0.0,0.0,0.0,0.0,True,0.01,0.2,0,1.0,row_l1,1e-08,True,0.740503111014946,0.007405030940376606,0.009999999776482582,0.0,151.49841284751892,11430,0.013254454317368235,75.44633494942379,14.963935375213623,15.149841284751892,2414.282718381561,600.876984834671,3527660,151.4765625,222.0,151.4765625,1.0,0,softmax,1.5,0,0,,,,,,,,,,,,,0.9999999403953552,,,0.04727505147457123,29.395919799804688,112.35325622558594,0.9274725914001465,10,0.0,0.0,0.0,0.0,none,persistence,1.0,0.0,none,1.0,0.0,success,2026-07-07 21:37:59,c2426e68ca13f74aaec08045c5c724d8ad328124,true,,,0,0,0,Solar,./dataset/Solar/,solar_AL.txt,none,t,2021,0,iTransformer,Solar_pl96_mlp_slot_attention_ratio0.10_k14_ortho0_seed2021_slot_learned_linear_cycle0.01_cw0.2,Solar_pl96_mlp_slot_attention_ratio0.10_k14_ortho0_seed2021_slot_learned_linear_cycle0.01_cw0.2_iTransformer_Solar_M_ft96_sl48_ll96_pl512_dm8_nh2_el1_dl512_df1_fctimeF_ebTrue_dtvr_projection_0,96,48,2,512,512,32,0.0005,10,3,0,True,./checkpoints/Solar_pl96_mlp_slot_attention_ratio0.10_k14_ortho0_seed2021_slot_learned_linear_cycle0.01_cw0.2_iTransformer_Solar_M_ft96_sl48_ll96_pl512_dm8_nh2_el1_dl512_df1_fctimeF_ebTrue_dtvr_projection_0,./results/Solar_pl96_mlp_slot_attention_ratio0.10_k14_ortho0_seed2021_slot_learned_linear_cycle0.01_cw0.2_iTransformer_Solar_M_ft96_sl48_ll96_pl512_dm8_nh2_el1_dl512_df1_fctimeF_ebTrue_dtvr_projection_0/,./results/Solar_pl96_mlp_slot_attention_ratio0.10_k14_ortho0_seed2021_slot_learned_linear_cycle0.01_cw0.2_iTransformer_Solar_M_ft96_sl48_ll96_pl512_dm8_nh2_el1_dl512_df1_fctimeF_ebTrue_dtvr_projection_0/weight_matrices,./results/Solar_pl96_mlp_slot_attention_ratio0.10_k14_ortho0_seed2021_slot_learned_linear_cycle0.01_cw0.2_iTransformer_Solar_M_ft96_sl48_ll96_pl512_dm8_nh2_el1_dl512_df1_fctimeF_ebTrue_dtvr_projection_0/slot_diagnostics,./results/attention_weight_heatmaps/Solar_pl96_mlp_slot_attention_ratio0.10_k14_ortho0_seed2021_slot_learned_linear_cycle0.01_cw0.2_iTransformer_Solar_M_ft96_sl48_ll96_pl512_dm8_nh2_el1_dl512_df1_fctimeF_ebTrue_dtvr_projection_0,0.0,0.35
Solar,96,mlp_slot_attention,mlp_slot_attention,,,0,mlp_slot_attention,slot_learned_linear,assignment_transpose,feature,,mse,1.0,True,1,137,137,137,27,27,0.2,27,0.2,0.19708029197080293,0.19708029197080293,27,27,0.19708029197080293,0.19708029197080293,41,False,8,0.0,1.0,scalar,1.0,1.0,1.0,4,False,False,ratio,target,27,,137,27,0,0.19708029197080293,80.2919708029197,0.03884064148329693,96.11593585167032,test,False,0.21897802531002727,0.24659980740404253,0.4679508791636439,1.9393096546891806,32451.937727938704,0.0,0.0,0.0,0.0,0.0,0.0,0.0,True,0.01,0.2,0,1.0,row_l1,1e-08,True,0.7022143758292377,0.007022143592560958,0.009999999776482582,0.0,149.19858241081238,11430,0.013053244305407908,76.60930697402974,15.1125648021698,14.919858241081238,2451.497823168952,591.9163243770599,3536110,175.4501953125,246.0,175.4501953125,1.0,0,softmax,1.5,0,0,,,,,,,,,,,,,0.9999999403953552,,,0.041750844568014145,28.731945037841797,114.3505859375,0.8418803215026855,6,0.0,0.0,0.0,0.0,none,persistence,1.0,0.0,none,1.0,0.0,success,2026-07-07 21:47:58,c2426e68ca13f74aaec08045c5c724d8ad328124,true,,,0,0,0,Solar,./dataset/Solar/,solar_AL.txt,none,t,2021,0,iTransformer,Solar_pl96_mlp_slot_attention_ratio0.20_k27_ortho0_seed2021_slot_learned_linear_cycle0.01_cw0.2,Solar_pl96_mlp_slot_attention_ratio0.20_k27_ortho0_seed2021_slot_learned_linear_cycle0.01_cw0.2_iTransformer_Solar_M_ft96_sl48_ll96_pl512_dm8_nh2_el1_dl512_df1_fctimeF_ebTrue_dtvr_projection_0,96,48,2,512,512,32,0.0005,10,3,0,True,./checkpoints/Solar_pl96_mlp_slot_attention_ratio0.20_k27_ortho0_seed2021_slot_learned_linear_cycle0.01_cw0.2_iTransformer_Solar_M_ft96_sl48_ll96_pl512_dm8_nh2_el1_dl512_df1_fctimeF_ebTrue_dtvr_projection_0,./results/Solar_pl96_mlp_slot_attention_ratio0.20_k27_ortho0_seed2021_slot_learned_linear_cycle0.01_cw0.2_iTransformer_Solar_M_ft96_sl48_ll96_pl512_dm8_nh2_el1_dl512_df1_fctimeF_ebTrue_dtvr_projection_0/,./results/Solar_pl96_mlp_slot_attention_ratio0.20_k27_ortho0_seed2021_slot_learned_linear_cycle0.01_cw0.2_iTransformer_Solar_M_ft96_sl48_ll96_pl512_dm8_nh2_el1_dl512_df1_fctimeF_ebTrue_dtvr_projection_0/weight_matrices,./results/Solar_pl96_mlp_slot_attention_ratio0.20_k27_ortho0_seed2021_slot_learned_linear_cycle0.01_cw0.2_iTransformer_Solar_M_ft96_sl48_ll96_pl512_dm8_nh2_el1_dl512_df1_fctimeF_ebTrue_dtvr_projection_0/slot_diagnostics,./results/attention_weight_heatmaps/Solar_pl96_mlp_slot_attention_ratio0.20_k27_ortho0_seed2021_slot_learned_linear_cycle0.01_cw0.2_iTransformer_Solar_M_ft96_sl48_ll96_pl512_dm8_nh2_el1_dl512_df1_fctimeF_ebTrue_dtvr_projection_0,0.0,0.35
Solar,96,mlp_slot_attention,mlp_slot_attention,,,0,mlp_slot_attention,slot_learned_linear,assignment_transpose,feature,,mse,1.0,True,1,137,137,137,41,41,0.3,41,0.3,0.29927007299270075,0.29927007299270075,41,41,0.29927007299270075,0.29927007299270075,41,False,8,0.0,1.0,scalar,1.0,1.0,1.0,4,False,False,ratio,target,41,,137,41,0,0.29927007299270075,70.07299270072993,0.08956257658905643,91.04374234109436,test,False,0.22192180770487732,0.248734251156689,0.47108577531578827,2.006680600294839,35433.75429148743,0.0,0.0,0.0,0.0,0.0,0.0,0.0,True,0.01,0.2,0,1.0,row_l1,1e-08,True,0.7250920937755915,0.007250920770818584,0.009999999776482582,0.0,137.53300881385803,10287,0.013369593546598429,74.79658947855044,15.059569835662842,15.281445423762003,2393.490863313614,553.228609085083,3545210,204.16845703125,266.0,204.16845703125,1.0,0,softmax,1.5,0,0,,,,,,,,,,,,,0.9999999403953552,,,0.02090592309832573,30.411510467529297,114.8786392211914,0.7859756350517273,4,0.0,0.0,0.0,0.0,none,persistence,1.0,0.0,none,1.0,0.0,success,2026-07-07 21:57:18,c2426e68ca13f74aaec08045c5c724d8ad328124,true,,,0,0,0,Solar,./dataset/Solar/,solar_AL.txt,none,t,2021,0,iTransformer,Solar_pl96_mlp_slot_attention_ratio0.30_k41_ortho0_seed2021_slot_learned_linear_cycle0.01_cw0.2,Solar_pl96_mlp_slot_attention_ratio0.30_k41_ortho0_seed2021_slot_learned_linear_cycle0.01_cw0.2_iTransformer_Solar_M_ft96_sl48_ll96_pl512_dm8_nh2_el1_dl512_df1_fctimeF_ebTrue_dtvr_projection_0,96,48,2,512,512,32,0.0005,10,3,0,True,./checkpoints/Solar_pl96_mlp_slot_attention_ratio0.30_k41_ortho0_seed2021_slot_learned_linear_cycle0.01_cw0.2_iTransformer_Solar_M_ft96_sl48_ll96_pl512_dm8_nh2_el1_dl512_df1_fctimeF_ebTrue_dtvr_projection_0,./results/Solar_pl96_mlp_slot_attention_ratio0.30_k41_ortho0_seed2021_slot_learned_linear_cycle0.01_cw0.2_iTransformer_Solar_M_ft96_sl48_ll96_pl512_dm8_nh2_el1_dl512_df1_fctimeF_ebTrue_dtvr_projection_0/,./results/Solar_pl96_mlp_slot_attention_ratio0.30_k41_ortho0_seed2021_slot_learned_linear_cycle0.01_cw0.2_iTransformer_Solar_M_ft96_sl48_ll96_pl512_dm8_nh2_el1_dl512_df1_fctimeF_ebTrue_dtvr_projection_0/weight_matrices,./results/Solar_pl96_mlp_slot_attention_ratio0.30_k41_ortho0_seed2021_slot_learned_linear_cycle0.01_cw0.2_iTransformer_Solar_M_ft96_sl48_ll96_pl512_dm8_nh2_el1_dl512_df1_fctimeF_ebTrue_dtvr_projection_0/slot_diagnostics,./results/attention_weight_heatmaps/Solar_pl96_mlp_slot_attention_ratio0.30_k41_ortho0_seed2021_slot_learned_linear_cycle0.01_cw0.2_iTransformer_Solar_M_ft96_sl48_ll96_pl512_dm8_nh2_el1_dl512_df1_fctimeF_ebTrue_dtvr_projection_0,0.0,0.35
Solar,192,mlp_slot_attention,mlp_slot_attention,,,0,mlp_slot_attention,slot_learned_linear,assignment_transpose,feature,,mse,1.0,True,1,137,137,137,14,14,0.1,14,0.1,0.10218978102189781,0.10218978102189781,14,14,0.10218978102189781,0.10218978102189781,41,False,8,0.0,1.0,scalar,1.0,1.0,1.0,4,False,False,ratio,target,14,,137,14,0,0.10218978102189781,89.78102189781022,0.010442751345303427,98.95572486546965,test,False,0.25403898616523074,0.2726402288449933,0.504022803219488,2.0369988882455035,30314.8031823254,0.0,0.0,0.0,0.0,0.0,0.0,0.0,True,0.01,0.2,0,1.0,row_l1,1e-08,True,0.7541251558483693,0.007541251386793559,0.009999999776482582,0.0,157.75246596336365,11400,0.013837935610821372,72.2651144017459,15.951936721801758,15.775246596336364,2312.483660855869,639.6533744335175,3576908,158.416015625,210.0,158.416015625,1.0,0,softmax,1.5,0,0,,,,,,,,,,,,,0.9999999403953552,,,0.05103445425629616,74.44463348388672,113.03379821777344,0.5263736844062805,10,0.0,0.0,0.0,0.0,none,persistence,1.0,0.0,none,1.0,0.0,success,2026-07-07 22:08:04,c2426e68ca13f74aaec08045c5c724d8ad328124,true,,,0,0,0,Solar,./dataset/Solar/,solar_AL.txt,none,t,2021,0,iTransformer,Solar_pl192_mlp_slot_attention_ratio0.10_k14_ortho0_seed2021_slot_learned_linear_cycle0.01_cw0.2,Solar_pl192_mlp_slot_attention_ratio0.10_k14_ortho0_seed2021_slot_learned_linear_cycle0.01_cw0.2_iTransformer_Solar_M_ft96_sl48_ll192_pl512_dm8_nh2_el1_dl512_df1_fctimeF_ebTrue_dtvr_projection_0,96,48,2,512,512,32,0.0005,10,3,0,True,./checkpoints/Solar_pl192_mlp_slot_attention_ratio0.10_k14_ortho0_seed2021_slot_learned_linear_cycle0.01_cw0.2_iTransformer_Solar_M_ft96_sl48_ll192_pl512_dm8_nh2_el1_dl512_df1_fctimeF_ebTrue_dtvr_projection_0,./results/Solar_pl192_mlp_slot_attention_ratio0.10_k14_ortho0_seed2021_slot_learned_linear_cycle0.01_cw0.2_iTransformer_Solar_M_ft96_sl48_ll192_pl512_dm8_nh2_el1_dl512_df1_fctimeF_ebTrue_dtvr_projection_0/,./results/Solar_pl192_mlp_slot_attention_ratio0.10_k14_ortho0_seed2021_slot_learned_linear_cycle0.01_cw0.2_iTransformer_Solar_M_ft96_sl48_ll192_pl512_dm8_nh2_el1_dl512_df1_fctimeF_ebTrue_dtvr_projection_0/weight_matrices,./results/Solar_pl192_mlp_slot_attention_ratio0.10_k14_ortho0_seed2021_slot_learned_linear_cycle0.01_cw0.2_iTransformer_Solar_M_ft96_sl48_ll192_pl512_dm8_nh2_el1_dl512_df1_fctimeF_ebTrue_dtvr_projection_0/slot_diagnostics,./results/attention_weight_heatmaps/Solar_pl192_mlp_slot_attention_ratio0.10_k14_ortho0_seed2021_slot_learned_linear_cycle0.01_cw0.2_iTransformer_Solar_M_ft96_sl48_ll192_pl512_dm8_nh2_el1_dl512_df1_fctimeF_ebTrue_dtvr_projection_0,0.0,0.35
Solar,192,mlp_slot_attention,mlp_slot_attention,,,0,mlp_slot_attention,slot_learned_linear,assignment_transpose,feature,,mse,1.0,True,1,137,137,137,27,27,0.2,27,0.2,0.19708029197080293,0.19708029197080293,27,27,0.19708029197080293,0.19708029197080293,41,False,8,0.0,1.0,scalar,1.0,1.0,1.0,4,False,False,ratio,target,27,,137,27,0,0.19708029197080293,80.2919708029197,0.03884064148329693,96.11593585167032,test,False,0.2513617077652786,0.269709723893318,0.5013598585500026,2.047989232817818,33906.647767346665,0.0,0.0,0.0,0.0,0.0,0.0,0.0,True,0.01,0.2,0,1.0,row_l1,1e-08,True,0.7421019815039216,0.007421019651698308,0.009999999776482582,0.0,158.97041726112366,11400,0.013944773443958216,71.71145547963457,15.659073114395142,15.897041726112366,2294.766575348306,641.7054169178009,3585358,182.3642578125,278.0,182.3642578125,1.0,0,softmax,1.5,0,0,,,,,,,,,,,,,0.9999999403953552,,,0.00673400703817606,66.11791229248047,114.41259002685547,0.3385564982891083,6,0.0,0.0,0.0,0.0,none,persistence,1.0,0.0,none,1.0,0.0,success,2026-07-07 22:18:53,c2426e68ca13f74aaec08045c5c724d8ad328124,true,,,0,0,0,Solar,./dataset/Solar/,solar_AL.txt,none,t,2021,0,iTransformer,Solar_pl192_mlp_slot_attention_ratio0.20_k27_ortho0_seed2021_slot_learned_linear_cycle0.01_cw0.2,Solar_pl192_mlp_slot_attention_ratio0.20_k27_ortho0_seed2021_slot_learned_linear_cycle0.01_cw0.2_iTransformer_Solar_M_ft96_sl48_ll192_pl512_dm8_nh2_el1_dl512_df1_fctimeF_ebTrue_dtvr_projection_0,96,48,2,512,512,32,0.0005,10,3,0,True,./checkpoints/Solar_pl192_mlp_slot_attention_ratio0.20_k27_ortho0_seed2021_slot_learned_linear_cycle0.01_cw0.2_iTransformer_Solar_M_ft96_sl48_ll192_pl512_dm8_nh2_el1_dl512_df1_fctimeF_ebTrue_dtvr_projection_0,./results/Solar_pl192_mlp_slot_attention_ratio0.20_k27_ortho0_seed2021_slot_learned_linear_cycle0.01_cw0.2_iTransformer_Solar_M_ft96_sl48_ll192_pl512_dm8_nh2_el1_dl512_df1_fctimeF_ebTrue_dtvr_projection_0/,./results/Solar_pl192_mlp_slot_attention_ratio0.20_k27_ortho0_seed2021_slot_learned_linear_cycle0.01_cw0.2_iTransformer_Solar_M_ft96_sl48_ll192_pl512_dm8_nh2_el1_dl512_df1_fctimeF_ebTrue_dtvr_projection_0/weight_matrices,./results/Solar_pl192_mlp_slot_attention_ratio0.20_k27_ortho0_seed2021_slot_learned_linear_cycle0.01_cw0.2_iTransformer_Solar_M_ft96_sl48_ll192_pl512_dm8_nh2_el1_dl512_df1_fctimeF_ebTrue_dtvr_projection_0/slot_diagnostics,./results/attention_weight_heatmaps/Solar_pl192_mlp_slot_attention_ratio0.20_k27_ortho0_seed2021_slot_learned_linear_cycle0.01_cw0.2_iTransformer_Solar_M_ft96_sl48_ll192_pl512_dm8_nh2_el1_dl512_df1_fctimeF_ebTrue_dtvr_projection_0,0.0,0.35
Solar,192,mlp_slot_attention,mlp_slot_attention,,,0,mlp_slot_attention,slot_learned_linear,assignment_transpose,feature,,mse,1.0,True,1,137,137,137,41,41,0.3,41,0.3,0.29927007299270075,0.29927007299270075,41,41,0.29927007299270075,0.29927007299270075,41,False,8,0.0,1.0,scalar,1.0,1.0,1.0,4,False,False,ratio,target,41,,137,41,0,0.29927007299270075,70.07299270072993,0.08956257658905643,91.04374234109436,test,False,0.2512502272301375,0.2697155010933527,0.5012486680582179,2.047248310213477,34378.75036139161,0.0,0.0,0.0,0.0,0.0,0.0,0.0,True,0.01,0.2,0,1.0,row_l1,1e-08,True,0.7416398224077727,0.007416398053694712,0.009999999776482582,0.0,160.4754123687744,11400,0.014076790558664422,71.03892011695015,16.16653084754944,16.047541236877443,2273.245443742405,645.2044603824615,3594458,213.095703125,300.0,213.095703125,1.0,0,softmax,1.5,0,0,,,,,,,,,,,,,0.9999999403953552,,,0.024390242993831635,67.7900390625,115.4735336303711,0.24451220035552979,4,0.0,0.0,0.0,0.0,none,persistence,1.0,0.0,none,1.0,0.0,success,2026-07-07 22:29:44,c2426e68ca13f74aaec08045c5c724d8ad328124,true,,,0,0,0,Solar,./dataset/Solar/,solar_AL.txt,none,t,2021,0,iTransformer,Solar_pl192_mlp_slot_attention_ratio0.30_k41_ortho0_seed2021_slot_learned_linear_cycle0.01_cw0.2,Solar_pl192_mlp_slot_attention_ratio0.30_k41_ortho0_seed2021_slot_learned_linear_cycle0.01_cw0.2_iTransformer_Solar_M_ft96_sl48_ll192_pl512_dm8_nh2_el1_dl512_df1_fctimeF_ebTrue_dtvr_projection_0,96,48,2,512,512,32,0.0005,10,3,0,True,./checkpoints/Solar_pl192_mlp_slot_attention_ratio0.30_k41_ortho0_seed2021_slot_learned_linear_cycle0.01_cw0.2_iTransformer_Solar_M_ft96_sl48_ll192_pl512_dm8_nh2_el1_dl512_df1_fctimeF_ebTrue_dtvr_projection_0,./results/Solar_pl192_mlp_slot_attention_ratio0.30_k41_ortho0_seed2021_slot_learned_linear_cycle0.01_cw0.2_iTransformer_Solar_M_ft96_sl48_ll192_pl512_dm8_nh2_el1_dl512_df1_fctimeF_ebTrue_dtvr_projection_0/,./results/Solar_pl192_mlp_slot_attention_ratio0.30_k41_ortho0_seed2021_slot_learned_linear_cycle0.01_cw0.2_iTransformer_Solar_M_ft96_sl48_ll192_pl512_dm8_nh2_el1_dl512_df1_fctimeF_ebTrue_dtvr_projection_0/weight_matrices,./results/Solar_pl192_mlp_slot_attention_ratio0.30_k41_ortho0_seed2021_slot_learned_linear_cycle0.01_cw0.2_iTransformer_Solar_M_ft96_sl48_ll192_pl512_dm8_nh2_el1_dl512_df1_fctimeF_ebTrue_dtvr_projection_0/slot_diagnostics,./results/attention_weight_heatmaps/Solar_pl192_mlp_slot_attention_ratio0.30_k41_ortho0_seed2021_slot_learned_linear_cycle0.01_cw0.2_iTransformer_Solar_M_ft96_sl48_ll192_pl512_dm8_nh2_el1_dl512_df1_fctimeF_ebTrue_dtvr_projection_0,0.0,0.35
Solar,336,mlp_slot_attention,mlp_slot_attention,,,0,mlp_slot_attention,slot_learned_linear,assignment_transpose,feature,,mse,1.0,True,1,137,137,137,14,14,0.1,14,0.1,0.10218978102189781,0.10218978102189781,14,14,0.10218978102189781,0.10218978102189781,41,False,8,0.0,1.0,scalar,1.0,1.0,1.0,4,False,False,ratio,target,14,,137,14,0,0.10218978102189781,89.78102189781022,0.010442751345303427,98.95572486546965,test,False,0.27050934411154276,0.28545454432753337,0.5201051279419794,2.088596893728933,29249.112550907998,0.0,0.0,0.0,0.0,0.0,0.0,0.0,True,0.01,0.2,0,1.0,row_l1,1e-08,True,0.7420438864386417,0.007420438707848801,0.009999999776482582,0.0,170.9446415901184,11360,0.015047943801947043,66.45426200160388,17.08029532432556,17.094464159011842,2126.536384051324,653.537540435791,3650780,174.70166015625,232.0,174.70166015625,1.0,0,softmax,1.5,0,0,,,,,,,,,,,,,0.9999999403953552,,,0.08688388764858246,113.8230209350586,113.80874633789062,0.44285714626312256,10,0.0,0.0,0.0,0.0,none,persistence,1.0,0.0,none,1.0,0.0,success,2026-07-07 22:40:45,c2426e68ca13f74aaec08045c5c724d8ad328124,true,,,0,0,0,Solar,./dataset/Solar/,solar_AL.txt,none,t,2021,0,iTransformer,Solar_pl336_mlp_slot_attention_ratio0.10_k14_ortho0_seed2021_slot_learned_linear_cycle0.01_cw0.2,Solar_pl336_mlp_slot_attention_ratio0.10_k14_ortho0_seed2021_slot_learned_linear_cycle0.01_cw0.2_iTransformer_Solar_M_ft96_sl48_ll336_pl512_dm8_nh2_el1_dl512_df1_fctimeF_ebTrue_dtvr_projection_0,96,48,2,512,512,32,0.0005,10,3,0,True,./checkpoints/Solar_pl336_mlp_slot_attention_ratio0.10_k14_ortho0_seed2021_slot_learned_linear_cycle0.01_cw0.2_iTransformer_Solar_M_ft96_sl48_ll336_pl512_dm8_nh2_el1_dl512_df1_fctimeF_ebTrue_dtvr_projection_0,./results/Solar_pl336_mlp_slot_attention_ratio0.10_k14_ortho0_seed2021_slot_learned_linear_cycle0.01_cw0.2_iTransformer_Solar_M_ft96_sl48_ll336_pl512_dm8_nh2_el1_dl512_df1_fctimeF_ebTrue_dtvr_projection_0/,./results/Solar_pl336_mlp_slot_attention_ratio0.10_k14_ortho0_seed2021_slot_learned_linear_cycle0.01_cw0.2_iTransformer_Solar_M_ft96_sl48_ll336_pl512_dm8_nh2_el1_dl512_df1_fctimeF_ebTrue_dtvr_projection_0/weight_matrices,./results/Solar_pl336_mlp_slot_attention_ratio0.10_k14_ortho0_seed2021_slot_learned_linear_cycle0.01_cw0.2_iTransformer_Solar_M_ft96_sl48_ll336_pl512_dm8_nh2_el1_dl512_df1_fctimeF_ebTrue_dtvr_projection_0/slot_diagnostics,./results/attention_weight_heatmaps/Solar_pl336_mlp_slot_attention_ratio0.10_k14_ortho0_seed2021_slot_learned_linear_cycle0.01_cw0.2_iTransformer_Solar_M_ft96_sl48_ll336_pl512_dm8_nh2_el1_dl512_df1_fctimeF_ebTrue_dtvr_projection_0,0.0,0.35
Solar,336,mlp_slot_attention,mlp_slot_attention,,,0,mlp_slot_attention,slot_learned_linear,assignment_transpose,feature,,mse,1.0,True,1,137,137,137,27,27,0.2,27,0.2,0.19708029197080293,0.19708029197080293,27,27,0.19708029197080293,0.19708029197080293,41,False,8,0.0,1.0,scalar,1.0,1.0,1.0,4,False,False,ratio,target,27,,137,27,0,0.19708029197080293,80.2919708029197,0.03884064148329693,96.11593585167032,test,False,0.2662402930210005,0.2821887679836545,0.5159847798346386,2.0706581422934733,29935.475818824776,0.0,0.0,0.0,0.0,0.0,0.0,0.0,True,0.01,0.2,0,1.0,row_l1,1e-08,True,0.7338368544276331,0.007338368384295445,0.009999999776482582,0.0,171.85945916175842,11360,0.015128473517760425,66.1005222255918,17.112555265426636,17.185945916175843,2115.2167112189377,666.3782784938812,3659230,200.81884765625,298.0,200.81884765625,1.0,0,softmax,1.5,0,0,,,,,,,,,,,,,0.9999999403953552,,,0.08720539510250092,106.66319274902344,114.81472778320312,0.2730294466018677,6,0.0,0.0,0.0,0.0,none,persistence,1.0,0.0,none,1.0,0.0,success,2026-07-07 22:51:58,c2426e68ca13f74aaec08045c5c724d8ad328124,true,,,0,0,0,Solar,./dataset/Solar/,solar_AL.txt,none,t,2021,0,iTransformer,Solar_pl336_mlp_slot_attention_ratio0.20_k27_ortho0_seed2021_slot_learned_linear_cycle0.01_cw0.2,Solar_pl336_mlp_slot_attention_ratio0.20_k27_ortho0_seed2021_slot_learned_linear_cycle0.01_cw0.2_iTransformer_Solar_M_ft96_sl48_ll336_pl512_dm8_nh2_el1_dl512_df1_fctimeF_ebTrue_dtvr_projection_0,96,48,2,512,512,32,0.0005,10,3,0,True,./checkpoints/Solar_pl336_mlp_slot_attention_ratio0.20_k27_ortho0_seed2021_slot_learned_linear_cycle0.01_cw0.2_iTransformer_Solar_M_ft96_sl48_ll336_pl512_dm8_nh2_el1_dl512_df1_fctimeF_ebTrue_dtvr_projection_0,./results/Solar_pl336_mlp_slot_attention_ratio0.20_k27_ortho0_seed2021_slot_learned_linear_cycle0.01_cw0.2_iTransformer_Solar_M_ft96_sl48_ll336_pl512_dm8_nh2_el1_dl512_df1_fctimeF_ebTrue_dtvr_projection_0/,./results/Solar_pl336_mlp_slot_attention_ratio0.20_k27_ortho0_seed2021_slot_learned_linear_cycle0.01_cw0.2_iTransformer_Solar_M_ft96_sl48_ll336_pl512_dm8_nh2_el1_dl512_df1_fctimeF_ebTrue_dtvr_projection_0/weight_matrices,./results/Solar_pl336_mlp_slot_attention_ratio0.20_k27_ortho0_seed2021_slot_learned_linear_cycle0.01_cw0.2_iTransformer_Solar_M_ft96_sl48_ll336_pl512_dm8_nh2_el1_dl512_df1_fctimeF_ebTrue_dtvr_projection_0/slot_diagnostics,./results/attention_weight_heatmaps/Solar_pl336_mlp_slot_attention_ratio0.20_k27_ortho0_seed2021_slot_learned_linear_cycle0.01_cw0.2_iTransformer_Solar_M_ft96_sl48_ll336_pl512_dm8_nh2_el1_dl512_df1_fctimeF_ebTrue_dtvr_projection_0,0.0,0.35
Solar,336,mlp_slot_attention,mlp_slot_attention,,,0,mlp_slot_attention,slot_learned_linear,assignment_transpose,feature,,mse,1.0,True,1,137,137,137,41,41,0.3,41,0.3,0.29927007299270075,0.29927007299270075,41,41,0.29927007299270075,0.29927007299270075,41,False,8,0.0,1.0,scalar,1.0,1.0,1.0,4,False,False,ratio,target,41,,137,41,0,0.29927007299270075,70.07299270072993,0.08956257658905643,91.04374234109436,test,False,0.265420176434234,0.281837769162808,0.515189456835283,2.0726917360434425,30771.19056237225,0.0,0.0,0.0,0.0,0.0,0.0,0.0,True,0.01,0.2,0,1.0,row_l1,1e-08,True,0.7283218236981144,0.007283218077492153,0.009999999776482582,0.0,172.69943618774414,11360,0.015202415157371843,65.77902192830771,17.04689359664917,17.269943618774413,2104.928701705847,665.6029357910156,3668330,229.90087890625,318.0,229.90087890625,1.0,0,softmax,1.5,0,0,,,,,,,,,,,,,0.9999999403953552,,,0.06341464072465897,95.53569793701172,116.00061798095703,0.3286585509777069,4,0.0,0.0,0.0,0.0,none,persistence,1.0,0.0,none,1.0,0.0,success,2026-07-07 23:03:11,c2426e68ca13f74aaec08045c5c724d8ad328124,true,,,0,0,0,Solar,./dataset/Solar/,solar_AL.txt,none,t,2021,0,iTransformer,Solar_pl336_mlp_slot_attention_ratio0.30_k41_ortho0_seed2021_slot_learned_linear_cycle0.01_cw0.2,Solar_pl336_mlp_slot_attention_ratio0.30_k41_ortho0_seed2021_slot_learned_linear_cycle0.01_cw0.2_iTransformer_Solar_M_ft96_sl48_ll336_pl512_dm8_nh2_el1_dl512_df1_fctimeF_ebTrue_dtvr_projection_0,96,48,2,512,512,32,0.0005,10,3,0,True,./checkpoints/Solar_pl336_mlp_slot_attention_ratio0.30_k41_ortho0_seed2021_slot_learned_linear_cycle0.01_cw0.2_iTransformer_Solar_M_ft96_sl48_ll336_pl512_dm8_nh2_el1_dl512_df1_fctimeF_ebTrue_dtvr_projection_0,./results/Solar_pl336_mlp_slot_attention_ratio0.30_k41_ortho0_seed2021_slot_learned_linear_cycle0.01_cw0.2_iTransformer_Solar_M_ft96_sl48_ll336_pl512_dm8_nh2_el1_dl512_df1_fctimeF_ebTrue_dtvr_projection_0/,./results/Solar_pl336_mlp_slot_attention_ratio0.30_k41_ortho0_seed2021_slot_learned_linear_cycle0.01_cw0.2_iTransformer_Solar_M_ft96_sl48_ll336_pl512_dm8_nh2_el1_dl512_df1_fctimeF_ebTrue_dtvr_projection_0/weight_matrices,./results/Solar_pl336_mlp_slot_attention_ratio0.30_k41_ortho0_seed2021_slot_learned_linear_cycle0.01_cw0.2_iTransformer_Solar_M_ft96_sl48_ll336_pl512_dm8_nh2_el1_dl512_df1_fctimeF_ebTrue_dtvr_projection_0/slot_diagnostics,./results/attention_weight_heatmaps/Solar_pl336_mlp_slot_attention_ratio0.30_k41_ortho0_seed2021_slot_learned_linear_cycle0.01_cw0.2_iTransformer_Solar_M_ft96_sl48_ll336_pl512_dm8_nh2_el1_dl512_df1_fctimeF_ebTrue_dtvr_projection_0,0.0,0.35
Solar,720,mlp_slot_attention,mlp_slot_attention,,,0,mlp_slot_attention,slot_learned_linear,assignment_transpose,feature,,mse,1.0,True,1,137,137,137,14,14,0.1,14,0.1,0.10218978102189781,0.10218978102189781,14,14,0.10218978102189781,0.10218978102189781,41,False,8,0.0,1.0,scalar,1.0,1.0,1.0,4,False,False,ratio,target,14,,137,14,0,0.10218978102189781,89.78102189781022,0.010442751345303427,98.95572486546965,test,False,0.27433206260136717,0.289805189716553,0.5237671835857676,2.1377577149987927,32012.19919954443,0.0,0.0,0.0,0.0,0.0,0.0,0.0,True,0.01,0.2,0,1.0,row_l1,1e-08,True,0.6794727742141676,0.006794727586368861,0.009999999776482582,0.0,206.72097659111023,11240,0.018391545960063187,54.37280814627964,20.579107522964478,20.672097659111024,1739.9298606809484,700.2081360816956,3847772,221.73388671875,330.0,221.73388671875,1.0,0,softmax,1.5,0,0,,,,,,,,,,,,,0.9999999403953552,,,0.02631579153239727,64.76530456542969,114.2589111328125,0.5175824761390686,10,0.0,0.0,0.0,0.0,none,persistence,1.0,0.0,none,1.0,0.0,success,2026-07-07 23:14:58,c2426e68ca13f74aaec08045c5c724d8ad328124,true,,,0,0,0,Solar,./dataset/Solar/,solar_AL.txt,none,t,2021,0,iTransformer,Solar_pl720_mlp_slot_attention_ratio0.10_k14_ortho0_seed2021_slot_learned_linear_cycle0.01_cw0.2,Solar_pl720_mlp_slot_attention_ratio0.10_k14_ortho0_seed2021_slot_learned_linear_cycle0.01_cw0.2_iTransformer_Solar_M_ft96_sl48_ll720_pl512_dm8_nh2_el1_dl512_df1_fctimeF_ebTrue_dtvr_projection_0,96,48,2,512,512,32,0.0005,10,3,0,True,./checkpoints/Solar_pl720_mlp_slot_attention_ratio0.10_k14_ortho0_seed2021_slot_learned_linear_cycle0.01_cw0.2_iTransformer_Solar_M_ft96_sl48_ll720_pl512_dm8_nh2_el1_dl512_df1_fctimeF_ebTrue_dtvr_projection_0,./results/Solar_pl720_mlp_slot_attention_ratio0.10_k14_ortho0_seed2021_slot_learned_linear_cycle0.01_cw0.2_iTransformer_Solar_M_ft96_sl48_ll720_pl512_dm8_nh2_el1_dl512_df1_fctimeF_ebTrue_dtvr_projection_0/,./results/Solar_pl720_mlp_slot_attention_ratio0.10_k14_ortho0_seed2021_slot_learned_linear_cycle0.01_cw0.2_iTransformer_Solar_M_ft96_sl48_ll720_pl512_dm8_nh2_el1_dl512_df1_fctimeF_ebTrue_dtvr_projection_0/weight_matrices,./results/Solar_pl720_mlp_slot_attention_ratio0.10_k14_ortho0_seed2021_slot_learned_linear_cycle0.01_cw0.2_iTransformer_Solar_M_ft96_sl48_ll720_pl512_dm8_nh2_el1_dl512_df1_fctimeF_ebTrue_dtvr_projection_0/slot_diagnostics,./results/attention_weight_heatmaps/Solar_pl720_mlp_slot_attention_ratio0.10_k14_ortho0_seed2021_slot_learned_linear_cycle0.01_cw0.2_iTransformer_Solar_M_ft96_sl48_ll720_pl512_dm8_nh2_el1_dl512_df1_fctimeF_ebTrue_dtvr_projection_0,0.0,0.35
Solar,720,mlp_slot_attention,mlp_slot_attention,,,0,mlp_slot_attention,slot_learned_linear,assignment_transpose,feature,,mse,1.0,True,1,137,137,137,27,27,0.2,27,0.2,0.19708029197080293,0.19708029197080293,27,27,0.19708029197080293,0.19708029197080293,41,False,8,0.0,1.0,scalar,1.0,1.0,1.0,4,False,False,ratio,target,27,,137,27,0,0.19708029197080293,80.2919708029197,0.03884064148329693,96.11593585167032,test,False,0.2717738445061957,0.28701925926203953,0.5213193306469612,2.158704320577689,34870.62626876865,0.0,0.0,0.0,0.0,0.0,0.0,0.0,True,0.01,0.2,0,1.0,row_l1,1e-08,True,0.6645904401867415,0.006645904252806089,0.009999999776482582,0.0,186.9149329662323,10116,0.018477158260797974,54.1208764835688,20.65583562850952,20.76832588513692,1731.8680474742016,647.6953794956207,3856222,248.0732421875,370.0,248.0732421875,1.0,0,softmax,1.5,0,0,,,,,,,,,,,,,0.9999999403953552,,,0.01346801407635212,61.28394317626953,115.96895599365234,0.49240267276763916,6,0.0,0.0,0.0,0.0,none,persistence,1.0,0.0,none,1.0,0.0,success,2026-07-07 23:25:52,c2426e68ca13f74aaec08045c5c724d8ad328124,true,,,0,0,0,Solar,./dataset/Solar/,solar_AL.txt,none,t,2021,0,iTransformer,Solar_pl720_mlp_slot_attention_ratio0.20_k27_ortho0_seed2021_slot_learned_linear_cycle0.01_cw0.2,Solar_pl720_mlp_slot_attention_ratio0.20_k27_ortho0_seed2021_slot_learned_linear_cycle0.01_cw0.2_iTransformer_Solar_M_ft96_sl48_ll720_pl512_dm8_nh2_el1_dl512_df1_fctimeF_ebTrue_dtvr_projection_0,96,48,2,512,512,32,0.0005,10,3,0,True,./checkpoints/Solar_pl720_mlp_slot_attention_ratio0.20_k27_ortho0_seed2021_slot_learned_linear_cycle0.01_cw0.2_iTransformer_Solar_M_ft96_sl48_ll720_pl512_dm8_nh2_el1_dl512_df1_fctimeF_ebTrue_dtvr_projection_0,./results/Solar_pl720_mlp_slot_attention_ratio0.20_k27_ortho0_seed2021_slot_learned_linear_cycle0.01_cw0.2_iTransformer_Solar_M_ft96_sl48_ll720_pl512_dm8_nh2_el1_dl512_df1_fctimeF_ebTrue_dtvr_projection_0/,./results/Solar_pl720_mlp_slot_attention_ratio0.20_k27_ortho0_seed2021_slot_learned_linear_cycle0.01_cw0.2_iTransformer_Solar_M_ft96_sl48_ll720_pl512_dm8_nh2_el1_dl512_df1_fctimeF_ebTrue_dtvr_projection_0/weight_matrices,./results/Solar_pl720_mlp_slot_attention_ratio0.20_k27_ortho0_seed2021_slot_learned_linear_cycle0.01_cw0.2_iTransformer_Solar_M_ft96_sl48_ll720_pl512_dm8_nh2_el1_dl512_df1_fctimeF_ebTrue_dtvr_projection_0/slot_diagnostics,./results/attention_weight_heatmaps/Solar_pl720_mlp_slot_attention_ratio0.20_k27_ortho0_seed2021_slot_learned_linear_cycle0.01_cw0.2_iTransformer_Solar_M_ft96_sl48_ll720_pl512_dm8_nh2_el1_dl512_df1_fctimeF_ebTrue_dtvr_projection_0,0.0,0.35
Solar,720,mlp_slot_attention,mlp_slot_attention,,,0,mlp_slot_attention,slot_learned_linear,assignment_transpose,feature,,mse,1.0,True,1,137,137,137,41,41,0.3,41,0.3,0.29927007299270075,0.29927007299270075,41,41,0.29927007299270075,0.29927007299270075,41,False,8,0.0,1.0,scalar,1.0,1.0,1.0,4,False,False,ratio,target,41,,137,41,0,0.29927007299270075,70.07299270072993,0.08956257658905643,91.04374234109436,test,False,0.2723197655194102,0.2862205012201122,0.5218426635676794,2.1765966897538944,35072.06469147743,0.0,0.0,0.0,0.0,0.0,0.0,0.0,True,0.01,0.2,0,1.0,row_l1,1e-08,True,0.6789767259592687,0.006789767108377056,0.009999999776482582,0.0,207.11884808540344,11240,0.018426943779840162,54.26835898278701,20.7112557888031,20.711884808540344,1736.587487449184,698.3625209331512,3865322,278.265625,388.0,278.265625,1.0,0,softmax,1.5,0,0,,,,,,,,,,,,,0.9998401403427124,,,0.01045296248048544,55.67136001586914,116.76545715332031,0.3161585330963135,4,0.0,0.0,0.0,0.0,none,persistence,1.0,0.0,none,1.0,0.0,success,2026-07-07 23:37:38,c2426e68ca13f74aaec08045c5c724d8ad328124,true,,,0,0,0,Solar,./dataset/Solar/,solar_AL.txt,none,t,2021,0,iTransformer,Solar_pl720_mlp_slot_attention_ratio0.30_k41_ortho0_seed2021_slot_learned_linear_cycle0.01_cw0.2,Solar_pl720_mlp_slot_attention_ratio0.30_k41_ortho0_seed2021_slot_learned_linear_cycle0.01_cw0.2_iTransformer_Solar_M_ft96_sl48_ll720_pl512_dm8_nh2_el1_dl512_df1_fctimeF_ebTrue_dtvr_projection_0,96,48,2,512,512,32,0.0005,10,3,0,True,./checkpoints/Solar_pl720_mlp_slot_attention_ratio0.30_k41_ortho0_seed2021_slot_learned_linear_cycle0.01_cw0.2_iTransformer_Solar_M_ft96_sl48_ll720_pl512_dm8_nh2_el1_dl512_df1_fctimeF_ebTrue_dtvr_projection_0,./results/Solar_pl720_mlp_slot_attention_ratio0.30_k41_ortho0_seed2021_slot_learned_linear_cycle0.01_cw0.2_iTransformer_Solar_M_ft96_sl48_ll720_pl512_dm8_nh2_el1_dl512_df1_fctimeF_ebTrue_dtvr_projection_0/,./results/Solar_pl720_mlp_slot_attention_ratio0.30_k41_ortho0_seed2021_slot_learned_linear_cycle0.01_cw0.2_iTransformer_Solar_M_ft96_sl48_ll720_pl512_dm8_nh2_el1_dl512_df1_fctimeF_ebTrue_dtvr_projection_0/weight_matrices,./results/Solar_pl720_mlp_slot_attention_ratio0.30_k41_ortho0_seed2021_slot_learned_linear_cycle0.01_cw0.2_iTransformer_Solar_M_ft96_sl48_ll720_pl512_dm8_nh2_el1_dl512_df1_fctimeF_ebTrue_dtvr_projection_0/slot_diagnostics,./results/attention_weight_heatmaps/Solar_pl720_mlp_slot_attention_ratio0.30_k41_ortho0_seed2021_slot_learned_linear_cycle0.01_cw0.2_iTransformer_Solar_M_ft96_sl48_ll720_pl512_dm8_nh2_el1_dl512_df1_fctimeF_ebTrue_dtvr_projection_0,0.0,0.35
