dataset,pred_len,method_family,method_name,selection_id,selected_recipe,manual_override,variate_reduction_type,variate_expansion_type,expansion_weight_source,variate_decode_stage,loss_variant,forecast_loss_type,huber_delta,compute_reducer_aux_losses,variate_token_split_factor,num_variates,target_variate_tokens,source_variate_tokens,reduced_variate_k,reduced_variate_tokens,k_ratio,num_latents_K,target_k_ratio,actual_k_ratio,source_k_ratio,logical_k,executed_k,logical_k_ratio,executed_k_ratio,k_budget_max,k_budget_exception,lowrank_reducer_rank,decoder_residual_gate_init,backbone_residual_gate_init,backbone_residual_gate_type,backbone_residual_gate,backbone_residual_gate_abs_mean,backbone_residual_gate_max,local_temporal_rank,zero_init_projector,skip_backbone,k_selection_mode,k_ratio_denominator,target_k_value,variate_anchor_map_path,original_encoder_tokens,reduced_encoder_tokens,num_extra_tokens,token_ratio,token_reduction_percent,attention_score_ratio,attention_score_reduction_percent,eval_split,skip_epoch_test_eval,mse,mae,rmse,mape,mspe,orthogonal_loss_weight,reconstruction_loss_weight,coverage_loss_weight,assignment_entropy_loss_weight,wcomp_entropy_loss_weight,lambda_orth,lambda_entropy,use_cycle_slot_loss,cycle_loss_weight,cycle_warmup_ratio,cycle_topr,cycle_topr_multiplier,cycle_b_norm,cycle_eps,export_slot_diagnostics,cycle_loss,weighted_cycle_loss,cycle_current_weight,mae_loss_weight,train_time_sec,train_iter_count,avg_train_iter_time_sec,throughput_iter_per_sec,last_epoch_time_sec,avg_epoch_time_sec,throughput_samples_per_sec,elapsed_sec,parameter_count,peak_gpu_allocated_mb,peak_gpu_reserved_mb,gpu_memory_footprint_mb,expansion_temperature,expansion_topk,normalization,entmax_alpha,sparse_compress_topk,sparse_expand_topk,avg_comp_entropy,std_comp_entropy,avg_effective_support,std_effective_support,avg_top1_mass,avg_top5_mass,avg_top10_mass,avg_pairwise_overlap_top5,avg_pairwise_overlap_top10,avg_pairwise_cosine_between_latents,w_comp_density,w_exp_density,w_eff_density,avg_w_eff_entropy,avg_w_eff_top5_mass,cycle_topr_jaccard,cycle_a_effective_support,cycle_b_effective_support,cycle_slot_overlap,cycle_topr_size,residual_gate_mean,residual_gate_abs_mean,residual_gate_max,hybrid_linear_gate,local_temporal_branch,local_temporal_init,local_temporal_gate_init,local_temporal_gate,output_calibration,output_calibration_scale_abs_mean,output_calibration_bias_abs_mean,status,timestamp,git_commit,git_dirty,error,command,returncode,gpu,cuda_visible_devices,data,root_path,data_path,target,freq,seed,itr,model,model_id,setting,seq_len,label_len,e_layers,d_model,d_ff,batch_size,learning_rate,train_epochs,patience,num_workers,use_norm,checkpoint_dir,result_dir,weight_matrix_dir,slot_diagnostic_dir,plot_dir,group_attention_entropy_loss_weight,group_attention_entropy_target,baseline_mse,baseline_mae,mse_ratio,mae_ratio,k_label,pass_1pct,exact_win
Weather,96,mlp_slot_attention,mlp_slot_attention,,,0,mlp_slot_attention,slot_learned_linear,assignment_transpose,feature,,mse,1.0,True,1,21,21,21,2,2,0.1,2.0,0.1,0.0952380952380952,0.0952380952380952,2,2,0.0952380952380952,0.0952380952380952,6,False,8,0.0,1.0,scalar,1.0,1.0,1.0,4,False,False,ratio,target,2,,26,7,5,0.2692307692307692,73.07692307692308,0.0724852071005917,92.75147928994085,test,False,0.2023425980550516,0.2522031668006287,0.4498250749514211,13.86202837496804,17648318.021165065,0.0,0.0,0.0,0.0,0.0,0.0,0.0,True,0.01,0.2,0,1.0,row_l1,1e-08,True,0.71365876462031,0.0071365874903487,0.0099999997764825,0.0,151.9387242794037,11460,0.0132581783838921,75.42514296043409,15.08490824699402,15.193872427940368,2413.604574733891,631.1077268123627,5097612,133.86767578125,182.0,133.86767578125,1.0,0,softmax,1.5,0,0,,,,,,,,,,,,,1.0,,,0.3345588445663452,18.035032272338867,17.069520950317383,0.0909090936183929,11.0,0.0,0.0,0.0,0.0,none,persistence,1.0,0.0,none,1.0,0.0,success,2026-07-07 16:30:12,c2426e68ca13f74aaec08045c5c724d8ad328124,True,,,0,0,0,custom,./dataset/weather/,weather.csv,OT,t,2021,0,iTransformer,Weather_pl96_mlp_slot_attention_ratio0.10_k2_ortho0_seed2021_slot_learned_linear_cycle0.01_cw0.2,Weather_pl96_mlp_slot_attention_ratio0.10_k2_ortho0_seed2021_slot_learned_linear_cycle0.01_cw0.2_iTransformer_custom_M_ft96_sl48_ll96_pl512_dm8_nh3_el1_dl512_df1_fctimeF_ebTrue_dtvr_projection_0,96,48,3,512,512,32,0.0001,10,3,0,True,./checkpoints/Weather_pl96_mlp_slot_attention_ratio0.10_k2_ortho0_seed2021_slot_learned_linear_cycle0.01_cw0.2_iTransformer_custom_M_ft96_sl48_ll96_pl512_dm8_nh3_el1_dl512_df1_fctimeF_ebTrue_dtvr_projection_0,./results/Weather_pl96_mlp_slot_attention_ratio0.10_k2_ortho0_seed2021_slot_learned_linear_cycle0.01_cw0.2_iTransformer_custom_M_ft96_sl48_ll96_pl512_dm8_nh3_el1_dl512_df1_fctimeF_ebTrue_dtvr_projection_0/,./results/Weather_pl96_mlp_slot_attention_ratio0.10_k2_ortho0_seed2021_slot_learned_linear_cycle0.01_cw0.2_iTransformer_custom_M_ft96_sl48_ll96_pl512_dm8_nh3_el1_dl512_df1_fctimeF_ebTrue_dtvr_projection_0/weight_matrices,./results/Weather_pl96_mlp_slot_attention_ratio0.10_k2_ortho0_seed2021_slot_learned_linear_cycle0.01_cw0.2_iTransformer_custom_M_ft96_sl48_ll96_pl512_dm8_nh3_el1_dl512_df1_fctimeF_ebTrue_dtvr_projection_0/slot_diagnostics,./results/attention_weight_heatmaps/Weather_pl96_mlp_slot_attention_ratio0.10_k2_ortho0_seed2021_slot_learned_linear_cycle0.01_cw0.2_iTransformer_custom_M_ft96_sl48_ll96_pl512_dm8_nh3_el1_dl512_df1_fctimeF_ebTrue_dtvr_projection_0,0.0,0.35,0.1750777445955917,0.2131934152613869,1.15572997882991,1.1829782195262162,0.095,False,False
Weather,96,mlp_slot_attention,mlp_slot_attention,,,0,mlp_slot_attention,slot_learned_linear,assignment_transpose,feature,,mse,1.0,True,1,21,21,21,4,4,0.2,4.0,0.2,0.1904761904761904,0.1904761904761904,4,4,0.1904761904761904,0.1904761904761904,6,False,8,0.0,1.0,scalar,1.0,1.0,1.0,4,False,False,ratio,target,4,,26,9,5,0.3461538461538461,65.38461538461539,0.1198224852071005,88.01775147928994,test,False,0.1933420763117361,0.2413652697451312,0.4397068072155992,15.272182758827492,24623521.4417949,0.0,0.0,0.0,0.0,0.0,0.0,0.0,True,0.01,0.2,0,1.0,row_l1,1e-08,True,0.8928605311308023,0.0089286051123333,0.0099999997764825,0.0,136.64031314849854,10314,0.0132480427718148,75.48284808737893,15.120421648025513,15.182257016499838,2415.4511387961256,567.3270251750946,5098680,136.07421875,180.0,136.07421875,1.0,0,softmax,1.5,0,0,,,,,,,,,,,,,1.0,,,0.2121212184429168,16.416711807250977,15.887187957763672,0.3333333432674408,6.0,0.0,0.0,0.0,0.0,none,persistence,1.0,0.0,none,1.0,0.0,success,2026-07-07 16:39:46,c2426e68ca13f74aaec08045c5c724d8ad328124,True,,,0,0,0,custom,./dataset/weather/,weather.csv,OT,t,2021,0,iTransformer,Weather_pl96_mlp_slot_attention_ratio0.20_k4_ortho0_seed2021_slot_learned_linear_cycle0.01_cw0.2,Weather_pl96_mlp_slot_attention_ratio0.20_k4_ortho0_seed2021_slot_learned_linear_cycle0.01_cw0.2_iTransformer_custom_M_ft96_sl48_ll96_pl512_dm8_nh3_el1_dl512_df1_fctimeF_ebTrue_dtvr_projection_0,96,48,3,512,512,32,0.0001,10,3,0,True,./checkpoints/Weather_pl96_mlp_slot_attention_ratio0.20_k4_ortho0_seed2021_slot_learned_linear_cycle0.01_cw0.2_iTransformer_custom_M_ft96_sl48_ll96_pl512_dm8_nh3_el1_dl512_df1_fctimeF_ebTrue_dtvr_projection_0,./results/Weather_pl96_mlp_slot_attention_ratio0.20_k4_ortho0_seed2021_slot_learned_linear_cycle0.01_cw0.2_iTransformer_custom_M_ft96_sl48_ll96_pl512_dm8_nh3_el1_dl512_df1_fctimeF_ebTrue_dtvr_projection_0/,./results/Weather_pl96_mlp_slot_attention_ratio0.20_k4_ortho0_seed2021_slot_learned_linear_cycle0.01_cw0.2_iTransformer_custom_M_ft96_sl48_ll96_pl512_dm8_nh3_el1_dl512_df1_fctimeF_ebTrue_dtvr_projection_0/weight_matrices,./results/Weather_pl96_mlp_slot_attention_ratio0.20_k4_ortho0_seed2021_slot_learned_linear_cycle0.01_cw0.2_iTransformer_custom_M_ft96_sl48_ll96_pl512_dm8_nh3_el1_dl512_df1_fctimeF_ebTrue_dtvr_projection_0/slot_diagnostics,./results/attention_weight_heatmaps/Weather_pl96_mlp_slot_attention_ratio0.20_k4_ortho0_seed2021_slot_learned_linear_cycle0.01_cw0.2_iTransformer_custom_M_ft96_sl48_ll96_pl512_dm8_nh3_el1_dl512_df1_fctimeF_ebTrue_dtvr_projection_0,0.0,0.35,0.1750777445955917,0.2131934152613869,1.1043212645806741,1.1321422354869828,0.190,False,False
Weather,96,mlp_slot_attention,mlp_slot_attention,,,0,mlp_slot_attention,slot_learned_linear,assignment_transpose,feature,,mse,1.0,True,1,21,21,21,6,6,0.3,6.0,0.3,0.2857142857142857,0.2857142857142857,6,6,0.2857142857142857,0.2857142857142857,6,False,8,0.0,1.0,scalar,1.0,1.0,1.0,4,False,False,ratio,target,6,,26,11,5,0.4230769230769231,57.692307692307686,0.1789940828402366,82.10059171597634,test,False,0.1898107809359806,0.238021852147951,0.4356727911357108,13.310677308727156,17071530.98352626,0.0,0.0,0.0,0.0,0.0,0.0,0.0,True,0.01,0.2,0,1.0,row_l1,1e-08,True,0.8003590664522394,0.0080035904749096,0.0099999997764825,0.0,106.30651450157166,8022,0.013251871665616,75.46103865423413,15.163944005966188,15.186644928795952,2414.753236935492,450.6229031085968,5099748,140.76318359375,184.0,140.76318359375,1.0,0,softmax,1.5,0,0,,,,,,,,,,,,,1.0,,,0.071428582072258,16.500797271728516,16.844589233398438,0.1833333373069763,4.0,0.0,0.0,0.0,0.0,none,persistence,1.0,0.0,none,1.0,0.0,success,2026-07-07 16:47:23,c2426e68ca13f74aaec08045c5c724d8ad328124,True,,,0,0,0,custom,./dataset/weather/,weather.csv,OT,t,2021,0,iTransformer,Weather_pl96_mlp_slot_attention_ratio0.30_k6_ortho0_seed2021_slot_learned_linear_cycle0.01_cw0.2,Weather_pl96_mlp_slot_attention_ratio0.30_k6_ortho0_seed2021_slot_learned_linear_cycle0.01_cw0.2_iTransformer_custom_M_ft96_sl48_ll96_pl512_dm8_nh3_el1_dl512_df1_fctimeF_ebTrue_dtvr_projection_0,96,48,3,512,512,32,0.0001,10,3,0,True,./checkpoints/Weather_pl96_mlp_slot_attention_ratio0.30_k6_ortho0_seed2021_slot_learned_linear_cycle0.01_cw0.2_iTransformer_custom_M_ft96_sl48_ll96_pl512_dm8_nh3_el1_dl512_df1_fctimeF_ebTrue_dtvr_projection_0,./results/Weather_pl96_mlp_slot_attention_ratio0.30_k6_ortho0_seed2021_slot_learned_linear_cycle0.01_cw0.2_iTransformer_custom_M_ft96_sl48_ll96_pl512_dm8_nh3_el1_dl512_df1_fctimeF_ebTrue_dtvr_projection_0/,./results/Weather_pl96_mlp_slot_attention_ratio0.30_k6_ortho0_seed2021_slot_learned_linear_cycle0.01_cw0.2_iTransformer_custom_M_ft96_sl48_ll96_pl512_dm8_nh3_el1_dl512_df1_fctimeF_ebTrue_dtvr_projection_0/weight_matrices,./results/Weather_pl96_mlp_slot_attention_ratio0.30_k6_ortho0_seed2021_slot_learned_linear_cycle0.01_cw0.2_iTransformer_custom_M_ft96_sl48_ll96_pl512_dm8_nh3_el1_dl512_df1_fctimeF_ebTrue_dtvr_projection_0/slot_diagnostics,./results/attention_weight_heatmaps/Weather_pl96_mlp_slot_attention_ratio0.30_k6_ortho0_seed2021_slot_learned_linear_cycle0.01_cw0.2_iTransformer_custom_M_ft96_sl48_ll96_pl512_dm8_nh3_el1_dl512_df1_fctimeF_ebTrue_dtvr_projection_0,0.0,0.35,0.1750777445955917,0.2131934152613869,1.0841513944243482,1.1164596798457544,0.286,False,False
Weather,192,mlp_slot_attention,mlp_slot_attention,,,0,mlp_slot_attention,slot_learned_linear,assignment_transpose,feature,,mse,1.0,True,1,21,21,21,2,2,0.1,2.0,0.1,0.0952380952380952,0.0952380952380952,2,2,0.0952380952380952,0.0952380952380952,6,False,8,0.0,1.0,scalar,1.0,1.0,1.0,4,False,False,ratio,target,2,,26,7,5,0.2692307692307692,73.07692307692308,0.0724852071005917,92.75147928994085,test,False,0.2521890269959838,0.2891844047544807,0.5021842560216158,13.178118575937098,15786079.765232762,0.0,0.0,0.0,0.0,0.0,0.0,0.0,True,0.01,0.2,0,1.0,row_l1,1e-08,True,0.7051662276006017,0.0070516621255603,0.0099999997764825,0.0,152.40426301956177,11430,0.013333706300924,74.99790211598548,15.163270711898804,15.240426301956177,2399.9328677115354,624.7717387676239,5146860,135.41650390625,180.0,135.41650390625,1.0,0,softmax,1.5,0,0,,,,,,,,,,,,,1.0,,,0.4666666686534881,13.332311630249023,17.14388656616211,0.4545454680919647,11.0,0.0,0.0,0.0,0.0,none,persistence,1.0,0.0,none,1.0,0.0,success,2026-07-07 16:57:54,c2426e68ca13f74aaec08045c5c724d8ad328124,True,,,0,0,0,custom,./dataset/weather/,weather.csv,OT,t,2021,0,iTransformer,Weather_pl192_mlp_slot_attention_ratio0.10_k2_ortho0_seed2021_slot_learned_linear_cycle0.01_cw0.2,Weather_pl192_mlp_slot_attention_ratio0.10_k2_ortho0_seed2021_slot_learned_linear_cycle0.01_cw0.2_iTransformer_custom_M_ft96_sl48_ll192_pl512_dm8_nh3_el1_dl512_df1_fctimeF_ebTrue_dtvr_projection_0,96,48,3,512,512,32,0.0001,10,3,0,True,./checkpoints/Weather_pl192_mlp_slot_attention_ratio0.10_k2_ortho0_seed2021_slot_learned_linear_cycle0.01_cw0.2_iTransformer_custom_M_ft96_sl48_ll192_pl512_dm8_nh3_el1_dl512_df1_fctimeF_ebTrue_dtvr_projection_0,./results/Weather_pl192_mlp_slot_attention_ratio0.10_k2_ortho0_seed2021_slot_learned_linear_cycle0.01_cw0.2_iTransformer_custom_M_ft96_sl48_ll192_pl512_dm8_nh3_el1_dl512_df1_fctimeF_ebTrue_dtvr_projection_0/,./results/Weather_pl192_mlp_slot_attention_ratio0.10_k2_ortho0_seed2021_slot_learned_linear_cycle0.01_cw0.2_iTransformer_custom_M_ft96_sl48_ll192_pl512_dm8_nh3_el1_dl512_df1_fctimeF_ebTrue_dtvr_projection_0/weight_matrices,./results/Weather_pl192_mlp_slot_attention_ratio0.10_k2_ortho0_seed2021_slot_learned_linear_cycle0.01_cw0.2_iTransformer_custom_M_ft96_sl48_ll192_pl512_dm8_nh3_el1_dl512_df1_fctimeF_ebTrue_dtvr_projection_0/slot_diagnostics,./results/attention_weight_heatmaps/Weather_pl192_mlp_slot_attention_ratio0.10_k2_ortho0_seed2021_slot_learned_linear_cycle0.01_cw0.2_iTransformer_custom_M_ft96_sl48_ll192_pl512_dm8_nh3_el1_dl512_df1_fctimeF_ebTrue_dtvr_projection_0,0.0,0.35,0.2239325756811893,0.2570122605346858,1.1261828531594391,1.1251774687824787,0.095,False,False
Weather,192,mlp_slot_attention,mlp_slot_attention,,,0,mlp_slot_attention,slot_learned_linear,assignment_transpose,feature,,mse,1.0,True,1,21,21,21,4,4,0.2,4.0,0.2,0.1904761904761904,0.1904761904761904,4,4,0.1904761904761904,0.1904761904761904,6,False,8,0.0,1.0,scalar,1.0,1.0,1.0,4,False,False,ratio,target,4,,26,9,5,0.3461538461538461,65.38461538461539,0.1198224852071005,88.01775147928994,test,False,0.2459443556137594,0.2811905948186805,0.4959277725775795,14.164314114150136,19857907.62259254,0.0,0.0,0.0,0.0,0.0,0.0,0.0,True,0.01,0.2,0,1.0,row_l1,1e-08,True,0.8403648138046265,0.0084036479566379,0.0099999997764825,0.0,153.5276403427124,11430,0.0134319895312959,74.44913485601262,15.188512325286863,15.35276403427124,2382.372315392404,627.4139969348907,5147928,137.623046875,180.0,137.623046875,1.0,0,softmax,1.5,0,0,,,,,,,,,,,,,1.0,,,0.2666666805744171,15.714401245117188,15.934799194335938,0.2777777910232544,6.0,0.0,0.0,0.0,0.0,none,persistence,1.0,0.0,none,1.0,0.0,success,2026-07-07 17:08:28,c2426e68ca13f74aaec08045c5c724d8ad328124,True,,,0,0,0,custom,./dataset/weather/,weather.csv,OT,t,2021,0,iTransformer,Weather_pl192_mlp_slot_attention_ratio0.20_k4_ortho0_seed2021_slot_learned_linear_cycle0.01_cw0.2,Weather_pl192_mlp_slot_attention_ratio0.20_k4_ortho0_seed2021_slot_learned_linear_cycle0.01_cw0.2_iTransformer_custom_M_ft96_sl48_ll192_pl512_dm8_nh3_el1_dl512_df1_fctimeF_ebTrue_dtvr_projection_0,96,48,3,512,512,32,0.0001,10,3,0,True,./checkpoints/Weather_pl192_mlp_slot_attention_ratio0.20_k4_ortho0_seed2021_slot_learned_linear_cycle0.01_cw0.2_iTransformer_custom_M_ft96_sl48_ll192_pl512_dm8_nh3_el1_dl512_df1_fctimeF_ebTrue_dtvr_projection_0,./results/Weather_pl192_mlp_slot_attention_ratio0.20_k4_ortho0_seed2021_slot_learned_linear_cycle0.01_cw0.2_iTransformer_custom_M_ft96_sl48_ll192_pl512_dm8_nh3_el1_dl512_df1_fctimeF_ebTrue_dtvr_projection_0/,./results/Weather_pl192_mlp_slot_attention_ratio0.20_k4_ortho0_seed2021_slot_learned_linear_cycle0.01_cw0.2_iTransformer_custom_M_ft96_sl48_ll192_pl512_dm8_nh3_el1_dl512_df1_fctimeF_ebTrue_dtvr_projection_0/weight_matrices,./results/Weather_pl192_mlp_slot_attention_ratio0.20_k4_ortho0_seed2021_slot_learned_linear_cycle0.01_cw0.2_iTransformer_custom_M_ft96_sl48_ll192_pl512_dm8_nh3_el1_dl512_df1_fctimeF_ebTrue_dtvr_projection_0/slot_diagnostics,./results/attention_weight_heatmaps/Weather_pl192_mlp_slot_attention_ratio0.20_k4_ortho0_seed2021_slot_learned_linear_cycle0.01_cw0.2_iTransformer_custom_M_ft96_sl48_ll192_pl512_dm8_nh3_el1_dl512_df1_fctimeF_ebTrue_dtvr_projection_0,0.0,0.35,0.2239325756811893,0.2570122605346858,1.0982964620739597,1.0940746337691996,0.190,False,False
Weather,192,mlp_slot_attention,mlp_slot_attention,,,0,mlp_slot_attention,slot_learned_linear,assignment_transpose,feature,,mse,1.0,True,1,21,21,21,6,6,0.3,6.0,0.3,0.2857142857142857,0.2857142857142857,6,6,0.2857142857142857,0.2857142857142857,6,False,8,0.0,1.0,scalar,1.0,1.0,1.0,4,False,False,ratio,target,6,,26,11,5,0.4230769230769231,57.692307692307686,0.1789940828402366,82.10059171597634,test,False,0.2395971068259668,0.2766617624019946,0.4894865747147381,13.396999531885932,17134351.786895044,0.0,0.0,0.0,0.0,0.0,0.0,0.0,True,0.01,0.2,0,1.0,row_l1,1e-08,True,0.8690057416704801,0.0086900572180878,0.0099999997764825,0.0,154.7056827545166,11430,0.0135350553591003,73.88222459892995,15.503154277801514,15.47056827545166,2364.2311871657585,626.5821566581726,5148996,142.31201171875,184.0,142.31201171875,1.0,0,softmax,1.5,0,0,,,,,,,,,,,,,1.0,,,0.2349206507205963,15.759608268737791,16.89794921875,0.2333333492279052,4.0,0.0,0.0,0.0,0.0,none,persistence,1.0,0.0,none,1.0,0.0,success,2026-07-07 17:19:01,c2426e68ca13f74aaec08045c5c724d8ad328124,True,,,0,0,0,custom,./dataset/weather/,weather.csv,OT,t,2021,0,iTransformer,Weather_pl192_mlp_slot_attention_ratio0.30_k6_ortho0_seed2021_slot_learned_linear_cycle0.01_cw0.2,Weather_pl192_mlp_slot_attention_ratio0.30_k6_ortho0_seed2021_slot_learned_linear_cycle0.01_cw0.2_iTransformer_custom_M_ft96_sl48_ll192_pl512_dm8_nh3_el1_dl512_df1_fctimeF_ebTrue_dtvr_projection_0,96,48,3,512,512,32,0.0001,10,3,0,True,./checkpoints/Weather_pl192_mlp_slot_attention_ratio0.30_k6_ortho0_seed2021_slot_learned_linear_cycle0.01_cw0.2_iTransformer_custom_M_ft96_sl48_ll192_pl512_dm8_nh3_el1_dl512_df1_fctimeF_ebTrue_dtvr_projection_0,./results/Weather_pl192_mlp_slot_attention_ratio0.30_k6_ortho0_seed2021_slot_learned_linear_cycle0.01_cw0.2_iTransformer_custom_M_ft96_sl48_ll192_pl512_dm8_nh3_el1_dl512_df1_fctimeF_ebTrue_dtvr_projection_0/,./results/Weather_pl192_mlp_slot_attention_ratio0.30_k6_ortho0_seed2021_slot_learned_linear_cycle0.01_cw0.2_iTransformer_custom_M_ft96_sl48_ll192_pl512_dm8_nh3_el1_dl512_df1_fctimeF_ebTrue_dtvr_projection_0/weight_matrices,./results/Weather_pl192_mlp_slot_attention_ratio0.30_k6_ortho0_seed2021_slot_learned_linear_cycle0.01_cw0.2_iTransformer_custom_M_ft96_sl48_ll192_pl512_dm8_nh3_el1_dl512_df1_fctimeF_ebTrue_dtvr_projection_0/slot_diagnostics,./results/attention_weight_heatmaps/Weather_pl192_mlp_slot_attention_ratio0.30_k6_ortho0_seed2021_slot_learned_linear_cycle0.01_cw0.2_iTransformer_custom_M_ft96_sl48_ll192_pl512_dm8_nh3_el1_dl512_df1_fctimeF_ebTrue_dtvr_projection_0,0.0,0.35,0.2239325756811893,0.2570122605346858,1.0699519982616505,1.0764535583883437,0.286,False,False
Weather,336,mlp_slot_attention,mlp_slot_attention,,,0,mlp_slot_attention,slot_learned_linear,assignment_transpose,feature,,mse,1.0,True,1,21,21,21,2,2,0.1,2.0,0.1,0.0952380952380952,0.0952380952380952,2,2,0.0952380952380952,0.0952380952380952,6,False,8,0.0,1.0,scalar,1.0,1.0,1.0,4,False,False,ratio,target,2,,26,7,5,0.2692307692307692,73.07692307692308,0.0724852071005917,92.75147928994085,test,False,0.3033076709215665,0.320478822189291,0.5507337568386076,14.7652022779445,21134237.203815117,0.0,0.0,0.0,0.0,0.0,0.0,0.0,True,0.01,0.2,0,1.0,row_l1,1e-08,True,0.719332974871802,0.0071933295907284,0.0099999997764825,0.0,155.8852562904358,11390,0.0136861506839715,73.06656364460059,15.457979917526243,15.58852562904358,2338.1300366272185,622.5699832439423,5220732,137.73876953125,184.0,137.73876953125,1.0,0,softmax,1.5,0,0,,,,,,,,,,,,,1.0,,,0.4327731132507324,17.760887145996094,17.233022689819336,0.5454545617103577,11.0,0.0,0.0,0.0,0.0,none,persistence,1.0,0.0,none,1.0,0.0,success,2026-07-07 17:29:31,c2426e68ca13f74aaec08045c5c724d8ad328124,True,,,0,0,0,custom,./dataset/weather/,weather.csv,OT,t,2021,0,iTransformer,Weather_pl336_mlp_slot_attention_ratio0.10_k2_ortho0_seed2021_slot_learned_linear_cycle0.01_cw0.2,Weather_pl336_mlp_slot_attention_ratio0.10_k2_ortho0_seed2021_slot_learned_linear_cycle0.01_cw0.2_iTransformer_custom_M_ft96_sl48_ll336_pl512_dm8_nh3_el1_dl512_df1_fctimeF_ebTrue_dtvr_projection_0,96,48,3,512,512,32,0.0001,10,3,0,True,./checkpoints/Weather_pl336_mlp_slot_attention_ratio0.10_k2_ortho0_seed2021_slot_learned_linear_cycle0.01_cw0.2_iTransformer_custom_M_ft96_sl48_ll336_pl512_dm8_nh3_el1_dl512_df1_fctimeF_ebTrue_dtvr_projection_0,./results/Weather_pl336_mlp_slot_attention_ratio0.10_k2_ortho0_seed2021_slot_learned_linear_cycle0.01_cw0.2_iTransformer_custom_M_ft96_sl48_ll336_pl512_dm8_nh3_el1_dl512_df1_fctimeF_ebTrue_dtvr_projection_0/,./results/Weather_pl336_mlp_slot_attention_ratio0.10_k2_ortho0_seed2021_slot_learned_linear_cycle0.01_cw0.2_iTransformer_custom_M_ft96_sl48_ll336_pl512_dm8_nh3_el1_dl512_df1_fctimeF_ebTrue_dtvr_projection_0/weight_matrices,./results/Weather_pl336_mlp_slot_attention_ratio0.10_k2_ortho0_seed2021_slot_learned_linear_cycle0.01_cw0.2_iTransformer_custom_M_ft96_sl48_ll336_pl512_dm8_nh3_el1_dl512_df1_fctimeF_ebTrue_dtvr_projection_0/slot_diagnostics,./results/attention_weight_heatmaps/Weather_pl336_mlp_slot_attention_ratio0.10_k2_ortho0_seed2021_slot_learned_linear_cycle0.01_cw0.2_iTransformer_custom_M_ft96_sl48_ll336_pl512_dm8_nh3_el1_dl512_df1_fctimeF_ebTrue_dtvr_projection_0,0.0,0.35,0.2828812395188482,0.2999313715297887,1.0722085050159622,1.068507174006843,0.095,False,False
Weather,336,mlp_slot_attention,mlp_slot_attention,,,0,mlp_slot_attention,slot_learned_linear,assignment_transpose,feature,,mse,1.0,True,1,21,21,21,4,4,0.2,4.0,0.2,0.1904761904761904,0.1904761904761904,4,4,0.1904761904761904,0.1904761904761904,6,False,8,0.0,1.0,scalar,1.0,1.0,1.0,4,False,False,ratio,target,4,,26,9,5,0.3461538461538461,65.38461538461539,0.1198224852071005,88.01775147928994,test,False,0.2988458766959982,0.3170591928725804,0.5466679766512744,13.803918300248244,19495292.653549064,0.0,0.0,0.0,0.0,0.0,0.0,0.0,True,0.01,0.2,0,1.0,row_l1,1e-08,True,0.7659855873256111,0.0076598557022165,0.0099999997764825,0.0,110.16456055641174,7973,0.0138172031301156,72.37354698943571,15.612103700637816,15.737794365201678,2315.9535036619422,454.32499980926514,5221800,139.9453125,186.0,139.9453125,1.0,0,softmax,1.5,0,0,,,,,,,,,,,,,1.0,,,0.3000000119209289,16.156723022460938,15.977506637573242,0.3333333432674408,6.0,0.0,0.0,0.0,0.0,none,persistence,1.0,0.0,none,1.0,0.0,success,2026-07-07 17:37:12,c2426e68ca13f74aaec08045c5c724d8ad328124,True,,,0,0,0,custom,./dataset/weather/,weather.csv,OT,t,2021,0,iTransformer,Weather_pl336_mlp_slot_attention_ratio0.20_k4_ortho0_seed2021_slot_learned_linear_cycle0.01_cw0.2,Weather_pl336_mlp_slot_attention_ratio0.20_k4_ortho0_seed2021_slot_learned_linear_cycle0.01_cw0.2_iTransformer_custom_M_ft96_sl48_ll336_pl512_dm8_nh3_el1_dl512_df1_fctimeF_ebTrue_dtvr_projection_0,96,48,3,512,512,32,0.0001,10,3,0,True,./checkpoints/Weather_pl336_mlp_slot_attention_ratio0.20_k4_ortho0_seed2021_slot_learned_linear_cycle0.01_cw0.2_iTransformer_custom_M_ft96_sl48_ll336_pl512_dm8_nh3_el1_dl512_df1_fctimeF_ebTrue_dtvr_projection_0,./results/Weather_pl336_mlp_slot_attention_ratio0.20_k4_ortho0_seed2021_slot_learned_linear_cycle0.01_cw0.2_iTransformer_custom_M_ft96_sl48_ll336_pl512_dm8_nh3_el1_dl512_df1_fctimeF_ebTrue_dtvr_projection_0/,./results/Weather_pl336_mlp_slot_attention_ratio0.20_k4_ortho0_seed2021_slot_learned_linear_cycle0.01_cw0.2_iTransformer_custom_M_ft96_sl48_ll336_pl512_dm8_nh3_el1_dl512_df1_fctimeF_ebTrue_dtvr_projection_0/weight_matrices,./results/Weather_pl336_mlp_slot_attention_ratio0.20_k4_ortho0_seed2021_slot_learned_linear_cycle0.01_cw0.2_iTransformer_custom_M_ft96_sl48_ll336_pl512_dm8_nh3_el1_dl512_df1_fctimeF_ebTrue_dtvr_projection_0/slot_diagnostics,./results/attention_weight_heatmaps/Weather_pl336_mlp_slot_attention_ratio0.20_k4_ortho0_seed2021_slot_learned_linear_cycle0.01_cw0.2_iTransformer_custom_M_ft96_sl48_ll336_pl512_dm8_nh3_el1_dl512_df1_fctimeF_ebTrue_dtvr_projection_0,0.0,0.35,0.2828812395188482,0.2999313715297887,1.056435828704315,1.0571058014219448,0.190,False,False
Weather,336,mlp_slot_attention,mlp_slot_attention,,,0,mlp_slot_attention,slot_learned_linear,assignment_transpose,feature,,mse,1.0,True,1,21,21,21,6,6,0.3,6.0,0.3,0.2857142857142857,0.2857142857142857,6,6,0.2857142857142857,0.2857142857142857,6,False,8,0.0,1.0,scalar,1.0,1.0,1.0,4,False,False,ratio,target,6,,26,11,5,0.4230769230769231,57.692307692307686,0.1789940828402366,82.10059171597634,test,False,0.2907441118352094,0.3108188132213693,0.5392069285860572,14.58334629868692,21100117.08516492,0.0,0.0,0.0,0.0,0.0,0.0,0.0,True,0.01,0.2,0,1.0,row_l1,1e-08,True,0.8381167413688104,0.0083811672304653,0.0099999997764825,0.0,155.5509123802185,11390,0.0136567965215292,73.22361422194058,15.45530080795288,15.55509123802185,2343.1556551020985,618.8948056697845,5222868,144.63427734375,188.0,144.63427734375,1.0,0,softmax,1.5,0,0,,,,,,,,,,,,,1.0,,,0.1349206417798996,15.109952926635742,16.752685546875,0.2166666835546493,4.0,0.0,0.0,0.0,0.0,none,persistence,1.0,0.0,none,1.0,0.0,success,2026-07-07 17:47:37,c2426e68ca13f74aaec08045c5c724d8ad328124,True,,,0,0,0,custom,./dataset/weather/,weather.csv,OT,t,2021,0,iTransformer,Weather_pl336_mlp_slot_attention_ratio0.30_k6_ortho0_seed2021_slot_learned_linear_cycle0.01_cw0.2,Weather_pl336_mlp_slot_attention_ratio0.30_k6_ortho0_seed2021_slot_learned_linear_cycle0.01_cw0.2_iTransformer_custom_M_ft96_sl48_ll336_pl512_dm8_nh3_el1_dl512_df1_fctimeF_ebTrue_dtvr_projection_0,96,48,3,512,512,32,0.0001,10,3,0,True,./checkpoints/Weather_pl336_mlp_slot_attention_ratio0.30_k6_ortho0_seed2021_slot_learned_linear_cycle0.01_cw0.2_iTransformer_custom_M_ft96_sl48_ll336_pl512_dm8_nh3_el1_dl512_df1_fctimeF_ebTrue_dtvr_projection_0,./results/Weather_pl336_mlp_slot_attention_ratio0.30_k6_ortho0_seed2021_slot_learned_linear_cycle0.01_cw0.2_iTransformer_custom_M_ft96_sl48_ll336_pl512_dm8_nh3_el1_dl512_df1_fctimeF_ebTrue_dtvr_projection_0/,./results/Weather_pl336_mlp_slot_attention_ratio0.30_k6_ortho0_seed2021_slot_learned_linear_cycle0.01_cw0.2_iTransformer_custom_M_ft96_sl48_ll336_pl512_dm8_nh3_el1_dl512_df1_fctimeF_ebTrue_dtvr_projection_0/weight_matrices,./results/Weather_pl336_mlp_slot_attention_ratio0.30_k6_ortho0_seed2021_slot_learned_linear_cycle0.01_cw0.2_iTransformer_custom_M_ft96_sl48_ll336_pl512_dm8_nh3_el1_dl512_df1_fctimeF_ebTrue_dtvr_projection_0/slot_diagnostics,./results/attention_weight_heatmaps/Weather_pl336_mlp_slot_attention_ratio0.30_k6_ortho0_seed2021_slot_learned_linear_cycle0.01_cw0.2_iTransformer_custom_M_ft96_sl48_ll336_pl512_dm8_nh3_el1_dl512_df1_fctimeF_ebTrue_dtvr_projection_0,0.0,0.35,0.2828812395188482,0.2999313715297887,1.0277956655228715,1.0362997762989898,0.286,False,False
Weather,720,mlp_slot_attention,mlp_slot_attention,,,0,mlp_slot_attention,slot_learned_linear,assignment_transpose,feature,,mse,1.0,True,1,21,21,21,2,2,0.1,2.0,0.1,0.0952380952380952,0.0952380952380952,2,2,0.0952380952380952,0.0952380952380952,6,False,8,0.0,1.0,scalar,1.0,1.0,1.0,4,False,False,ratio,target,2,,26,7,5,0.2692307692307692,73.07692307692308,0.0724852071005917,92.75147928994085,test,False,0.3703907875622385,0.3626745239702868,0.6085973936538329,15.012344878269603,24445610.79759648,0.0,0.0,0.0,0.0,0.0,0.0,0.0,True,0.01,0.2,0,1.0,row_l1,1e-08,True,0.6956908094110802,0.0069569079325217,0.0099999997764825,0.0,162.79772973060608,11270,0.0144452289024495,69.22700960664092,16.203898429870605,16.27977297306061,2215.2643074125094,617.2131240367889,5417724,145.92822265625,208.0,145.92822265625,1.0,0,softmax,1.5,0,0,,,,,,,,,,,,,1.0,,,0.2986111044883728,16.006484985351562,17.25867462158203,0.3636363744735718,11.0,0.0,0.0,0.0,0.0,none,persistence,1.0,0.0,none,1.0,0.0,success,2026-07-07 17:58:01,c2426e68ca13f74aaec08045c5c724d8ad328124,True,,,0,0,0,custom,./dataset/weather/,weather.csv,OT,t,2021,0,iTransformer,Weather_pl720_mlp_slot_attention_ratio0.10_k2_ortho0_seed2021_slot_learned_linear_cycle0.01_cw0.2,Weather_pl720_mlp_slot_attention_ratio0.10_k2_ortho0_seed2021_slot_learned_linear_cycle0.01_cw0.2_iTransformer_custom_M_ft96_sl48_ll720_pl512_dm8_nh3_el1_dl512_df1_fctimeF_ebTrue_dtvr_projection_0,96,48,3,512,512,32,0.0001,10,3,0,True,./checkpoints/Weather_pl720_mlp_slot_attention_ratio0.10_k2_ortho0_seed2021_slot_learned_linear_cycle0.01_cw0.2_iTransformer_custom_M_ft96_sl48_ll720_pl512_dm8_nh3_el1_dl512_df1_fctimeF_ebTrue_dtvr_projection_0,./results/Weather_pl720_mlp_slot_attention_ratio0.10_k2_ortho0_seed2021_slot_learned_linear_cycle0.01_cw0.2_iTransformer_custom_M_ft96_sl48_ll720_pl512_dm8_nh3_el1_dl512_df1_fctimeF_ebTrue_dtvr_projection_0/,./results/Weather_pl720_mlp_slot_attention_ratio0.10_k2_ortho0_seed2021_slot_learned_linear_cycle0.01_cw0.2_iTransformer_custom_M_ft96_sl48_ll720_pl512_dm8_nh3_el1_dl512_df1_fctimeF_ebTrue_dtvr_projection_0/weight_matrices,./results/Weather_pl720_mlp_slot_attention_ratio0.10_k2_ortho0_seed2021_slot_learned_linear_cycle0.01_cw0.2_iTransformer_custom_M_ft96_sl48_ll720_pl512_dm8_nh3_el1_dl512_df1_fctimeF_ebTrue_dtvr_projection_0/slot_diagnostics,./results/attention_weight_heatmaps/Weather_pl720_mlp_slot_attention_ratio0.10_k2_ortho0_seed2021_slot_learned_linear_cycle0.01_cw0.2_iTransformer_custom_M_ft96_sl48_ll720_pl512_dm8_nh3_el1_dl512_df1_fctimeF_ebTrue_dtvr_projection_0,0.0,0.35,0.3591463810237258,0.3516300952631229,1.0313087006653419,1.031409224796016,0.095,False,False
Weather,720,mlp_slot_attention,mlp_slot_attention,,,0,mlp_slot_attention,slot_learned_linear,assignment_transpose,feature,,mse,1.0,True,1,21,21,21,4,4,0.2,4.0,0.2,0.1904761904761904,0.1904761904761904,4,4,0.1904761904761904,0.1904761904761904,6,False,8,0.0,1.0,scalar,1.0,1.0,1.0,4,False,False,ratio,target,4,,26,9,5,0.3461538461538461,65.38461538461539,0.1198224852071005,88.01775147928994,test,False,0.3636608751440902,0.3574870943966166,0.6030430126815916,14.884977243640533,24622862.6021635,0.0,0.0,0.0,0.0,0.0,0.0,0.0,True,0.01,0.2,0,1.0,row_l1,1e-08,True,0.8455615679881376,0.0084556155005914,0.0099999997764825,0.0,146.97738814353943,10143,0.0144905243166261,69.01061536142046,16.33309292793274,16.330820904837715,2208.339691565455,564.6611406803131,5418792,148.134765625,208.0,148.134765625,1.0,0,softmax,1.5,0,0,,,,,,,,,,,,,1.0,,,0.2060606181621551,16.167831420898438,15.921392440795898,0.3611111342906952,6.0,0.0,0.0,0.0,0.0,none,persistence,1.0,0.0,none,1.0,0.0,success,2026-07-07 18:07:33,c2426e68ca13f74aaec08045c5c724d8ad328124,True,,,0,0,0,custom,./dataset/weather/,weather.csv,OT,t,2021,0,iTransformer,Weather_pl720_mlp_slot_attention_ratio0.20_k4_ortho0_seed2021_slot_learned_linear_cycle0.01_cw0.2,Weather_pl720_mlp_slot_attention_ratio0.20_k4_ortho0_seed2021_slot_learned_linear_cycle0.01_cw0.2_iTransformer_custom_M_ft96_sl48_ll720_pl512_dm8_nh3_el1_dl512_df1_fctimeF_ebTrue_dtvr_projection_0,96,48,3,512,512,32,0.0001,10,3,0,True,./checkpoints/Weather_pl720_mlp_slot_attention_ratio0.20_k4_ortho0_seed2021_slot_learned_linear_cycle0.01_cw0.2_iTransformer_custom_M_ft96_sl48_ll720_pl512_dm8_nh3_el1_dl512_df1_fctimeF_ebTrue_dtvr_projection_0,./results/Weather_pl720_mlp_slot_attention_ratio0.20_k4_ortho0_seed2021_slot_learned_linear_cycle0.01_cw0.2_iTransformer_custom_M_ft96_sl48_ll720_pl512_dm8_nh3_el1_dl512_df1_fctimeF_ebTrue_dtvr_projection_0/,./results/Weather_pl720_mlp_slot_attention_ratio0.20_k4_ortho0_seed2021_slot_learned_linear_cycle0.01_cw0.2_iTransformer_custom_M_ft96_sl48_ll720_pl512_dm8_nh3_el1_dl512_df1_fctimeF_ebTrue_dtvr_projection_0/weight_matrices,./results/Weather_pl720_mlp_slot_attention_ratio0.20_k4_ortho0_seed2021_slot_learned_linear_cycle0.01_cw0.2_iTransformer_custom_M_ft96_sl48_ll720_pl512_dm8_nh3_el1_dl512_df1_fctimeF_ebTrue_dtvr_projection_0/slot_diagnostics,./results/attention_weight_heatmaps/Weather_pl720_mlp_slot_attention_ratio0.20_k4_ortho0_seed2021_slot_learned_linear_cycle0.01_cw0.2_iTransformer_custom_M_ft96_sl48_ll720_pl512_dm8_nh3_el1_dl512_df1_fctimeF_ebTrue_dtvr_projection_0,0.0,0.35,0.3591463810237258,0.3516300952631229,1.0125700671338969,1.0166567060453426,0.190,False,False
Weather,720,mlp_slot_attention,mlp_slot_attention,,,0,mlp_slot_attention,slot_learned_linear,assignment_transpose,feature,,mse,1.0,True,1,21,21,21,6,6,0.3,6.0,0.3,0.2857142857142857,0.2857142857142857,6,6,0.2857142857142857,0.2857142857142857,6,False,8,0.0,1.0,scalar,1.0,1.0,1.0,4,False,False,ratio,target,6,,26,11,5,0.4230769230769231,57.692307692307686,0.1789940828402366,82.10059171597634,test,False,0.3642833279542209,0.3571704051292951,0.6035588852417143,14.43092623426061,22618270.023274746,0.0,0.0,0.0,0.0,0.0,0.0,0.0,True,0.01,0.2,0,1.0,row_l1,1e-08,True,0.8531873137314127,0.0085318729499588,0.0099999997764825,0.0,163.95274329185486,11270,0.0145477145778043,68.73931947535696,16.256399393081665,16.395274329185487,2199.658223211423,620.2819104194641,5419860,152.82373046875,212.0,152.82373046875,1.0,0,softmax,1.5,0,0,,,,,,,,,,,,,1.0,,,0.2904762029647827,15.42546844482422,17.113819122314453,0.25,4.0,0.0,0.0,0.0,0.0,none,persistence,1.0,0.0,none,1.0,0.0,success,2026-07-07 18:17:59,c2426e68ca13f74aaec08045c5c724d8ad328124,True,,,0,0,0,custom,./dataset/weather/,weather.csv,OT,t,2021,0,iTransformer,Weather_pl720_mlp_slot_attention_ratio0.30_k6_ortho0_seed2021_slot_learned_linear_cycle0.01_cw0.2,Weather_pl720_mlp_slot_attention_ratio0.30_k6_ortho0_seed2021_slot_learned_linear_cycle0.01_cw0.2_iTransformer_custom_M_ft96_sl48_ll720_pl512_dm8_nh3_el1_dl512_df1_fctimeF_ebTrue_dtvr_projection_0,96,48,3,512,512,32,0.0001,10,3,0,True,./checkpoints/Weather_pl720_mlp_slot_attention_ratio0.30_k6_ortho0_seed2021_slot_learned_linear_cycle0.01_cw0.2_iTransformer_custom_M_ft96_sl48_ll720_pl512_dm8_nh3_el1_dl512_df1_fctimeF_ebTrue_dtvr_projection_0,./results/Weather_pl720_mlp_slot_attention_ratio0.30_k6_ortho0_seed2021_slot_learned_linear_cycle0.01_cw0.2_iTransformer_custom_M_ft96_sl48_ll720_pl512_dm8_nh3_el1_dl512_df1_fctimeF_ebTrue_dtvr_projection_0/,./results/Weather_pl720_mlp_slot_attention_ratio0.30_k6_ortho0_seed2021_slot_learned_linear_cycle0.01_cw0.2_iTransformer_custom_M_ft96_sl48_ll720_pl512_dm8_nh3_el1_dl512_df1_fctimeF_ebTrue_dtvr_projection_0/weight_matrices,./results/Weather_pl720_mlp_slot_attention_ratio0.30_k6_ortho0_seed2021_slot_learned_linear_cycle0.01_cw0.2_iTransformer_custom_M_ft96_sl48_ll720_pl512_dm8_nh3_el1_dl512_df1_fctimeF_ebTrue_dtvr_projection_0/slot_diagnostics,./results/attention_weight_heatmaps/Weather_pl720_mlp_slot_attention_ratio0.30_k6_ortho0_seed2021_slot_learned_linear_cycle0.01_cw0.2_iTransformer_custom_M_ft96_sl48_ll720_pl512_dm8_nh3_el1_dl512_df1_fctimeF_ebTrue_dtvr_projection_0,0.0,0.35,0.3591463810237258,0.3516300952631229,1.0143032122886844,1.015756074183657,0.286,False,False
Electricity,96,mlp_slot_attention,mlp_slot_attention,,,0,mlp_slot_attention,slot_learned_linear,assignment_transpose,feature,,mse,1.0,True,1,321,321,321,32,32,0.1,32.0,0.1,0.0996884735202492,0.0996884735202492,32,32,0.0996884735202492,0.0996884735202492,96,False,8,0.0,1.0,scalar,1.0,1.0,1.0,4,False,False,ratio,target,32,,325,36,4,0.1107692307692307,88.92307692307693,0.0122698224852071,98.77301775147929,test,False,0.1814876151172741,0.2866364748900168,0.4260136325486241,2.5948977358926437,210873.65858561744,0.0,0.0,0.0,0.0,0.0,0.0,0.0,True,0.01,0.2,0,1.0,row_l1,1e-08,True,0.6854589484592732,0.0068545893402622,0.0099999997764825,0.0,187.30763459205627,11380,0.0164593703507958,60.75566553805931,18.61595344543457,18.730763459205622,972.090648608949,481.782995223999,5123232,212.666015625,274.0,212.666015625,1.0,0,softmax,1.5,0,0,,,,,,,,,,,,,1.0,,,0.0684236586093902,243.61697387695312,256.8222045898437,0.1827346086502075,11.0,0.0,0.0,0.0,0.0,none,persistence,1.0,0.0,none,1.0,0.0,success,2026-07-07 18:26:08,c2426e68ca13f74aaec08045c5c724d8ad328124,True,,,0,0,0,custom,./dataset/electricity/,electricity.csv,OT,h,2021,0,iTransformer,Electricity_pl96_mlp_slot_attention_ratio0.10_k32_ortho0_seed2021_slot_learned_linear_cycle0.01_cw0.2,Electricity_pl96_mlp_slot_attention_ratio0.10_k32_ortho0_seed2021_slot_learned_linear_cycle0.01_cw0.2_iTransformer_custom_M_ft96_sl48_ll96_pl512_dm8_nh3_el1_dl512_df1_fctimeF_ebTrue_dtvr_projection_0,96,48,3,512,512,16,0.0005,10,3,0,True,./checkpoints/Electricity_pl96_mlp_slot_attention_ratio0.10_k32_ortho0_seed2021_slot_learned_linear_cycle0.01_cw0.2_iTransformer_custom_M_ft96_sl48_ll96_pl512_dm8_nh3_el1_dl512_df1_fctimeF_ebTrue_dtvr_projection_0,./results/Electricity_pl96_mlp_slot_attention_ratio0.10_k32_ortho0_seed2021_slot_learned_linear_cycle0.01_cw0.2_iTransformer_custom_M_ft96_sl48_ll96_pl512_dm8_nh3_el1_dl512_df1_fctimeF_ebTrue_dtvr_projection_0/,./results/Electricity_pl96_mlp_slot_attention_ratio0.10_k32_ortho0_seed2021_slot_learned_linear_cycle0.01_cw0.2_iTransformer_custom_M_ft96_sl48_ll96_pl512_dm8_nh3_el1_dl512_df1_fctimeF_ebTrue_dtvr_projection_0/weight_matrices,./results/Electricity_pl96_mlp_slot_attention_ratio0.10_k32_ortho0_seed2021_slot_learned_linear_cycle0.01_cw0.2_iTransformer_custom_M_ft96_sl48_ll96_pl512_dm8_nh3_el1_dl512_df1_fctimeF_ebTrue_dtvr_projection_0/slot_diagnostics,./results/attention_weight_heatmaps/Electricity_pl96_mlp_slot_attention_ratio0.10_k32_ortho0_seed2021_slot_learned_linear_cycle0.01_cw0.2_iTransformer_custom_M_ft96_sl48_ll96_pl512_dm8_nh3_el1_dl512_df1_fctimeF_ebTrue_dtvr_projection_0,0.0,0.35,0.148602604129379,0.2403112655844399,1.2212949845701504,1.1927716921340057,0.100,False,False
Electricity,96,mlp_slot_attention,mlp_slot_attention,,,0,mlp_slot_attention,slot_learned_linear,assignment_transpose,feature,,mse,1.0,True,1,321,321,321,64,64,0.2,64.0,0.2,0.1993769470404984,0.1993769470404984,64,64,0.1993769470404984,0.1993769470404984,96,False,8,0.0,1.0,scalar,1.0,1.0,1.0,4,False,False,ratio,target,64,,325,68,4,0.2092307692307692,79.07692307692308,0.0437775147928994,95.62224852071006,test,False,0.1802937694388951,0.2854218049961684,0.4246101381725301,2.550813082370479,151020.83750583188,0.0,0.0,0.0,0.0,0.0,0.0,0.0,True,0.01,0.2,0,1.0,row_l1,1e-08,True,0.4604478984390285,0.0046044788777546,0.0099999997764825,0.0,186.6032280921936,11380,0.0163974717128465,60.985011440303545,18.469330072402958,18.66032280921936,975.7601830448568,474.7381730079651,5149920,266.6875,330.0,266.6875,1.0,0,softmax,1.5,0,0,,,,,,,,,,,,,1.0,,,0.1340909153223037,232.7198181152344,258.3991394042969,0.1213624402880668,6.0,0.0,0.0,0.0,0.0,none,persistence,1.0,0.0,none,1.0,0.0,success,2026-07-07 18:34:09,c2426e68ca13f74aaec08045c5c724d8ad328124,True,,,0,0,0,custom,./dataset/electricity/,electricity.csv,OT,h,2021,0,iTransformer,Electricity_pl96_mlp_slot_attention_ratio0.20_k64_ortho0_seed2021_slot_learned_linear_cycle0.01_cw0.2,Electricity_pl96_mlp_slot_attention_ratio0.20_k64_ortho0_seed2021_slot_learned_linear_cycle0.01_cw0.2_iTransformer_custom_M_ft96_sl48_ll96_pl512_dm8_nh3_el1_dl512_df1_fctimeF_ebTrue_dtvr_projection_0,96,48,3,512,512,16,0.0005,10,3,0,True,./checkpoints/Electricity_pl96_mlp_slot_attention_ratio0.20_k64_ortho0_seed2021_slot_learned_linear_cycle0.01_cw0.2_iTransformer_custom_M_ft96_sl48_ll96_pl512_dm8_nh3_el1_dl512_df1_fctimeF_ebTrue_dtvr_projection_0,./results/Electricity_pl96_mlp_slot_attention_ratio0.20_k64_ortho0_seed2021_slot_learned_linear_cycle0.01_cw0.2_iTransformer_custom_M_ft96_sl48_ll96_pl512_dm8_nh3_el1_dl512_df1_fctimeF_ebTrue_dtvr_projection_0/,./results/Electricity_pl96_mlp_slot_attention_ratio0.20_k64_ortho0_seed2021_slot_learned_linear_cycle0.01_cw0.2_iTransformer_custom_M_ft96_sl48_ll96_pl512_dm8_nh3_el1_dl512_df1_fctimeF_ebTrue_dtvr_projection_0/weight_matrices,./results/Electricity_pl96_mlp_slot_attention_ratio0.20_k64_ortho0_seed2021_slot_learned_linear_cycle0.01_cw0.2_iTransformer_custom_M_ft96_sl48_ll96_pl512_dm8_nh3_el1_dl512_df1_fctimeF_ebTrue_dtvr_projection_0/slot_diagnostics,./results/attention_weight_heatmaps/Electricity_pl96_mlp_slot_attention_ratio0.20_k64_ortho0_seed2021_slot_learned_linear_cycle0.01_cw0.2_iTransformer_custom_M_ft96_sl48_ll96_pl512_dm8_nh3_el1_dl512_df1_fctimeF_ebTrue_dtvr_projection_0,0.0,0.35,0.148602604129379,0.2403112655844399,1.2132611705910925,1.1877171230488057,0.199,False,False
Electricity,96,mlp_slot_attention,mlp_slot_attention,,,0,mlp_slot_attention,slot_learned_linear,assignment_transpose,feature,,mse,1.0,True,1,321,321,321,96,96,0.3,96.0,0.3,0.2990654205607476,0.2990654205607476,96,96,0.2990654205607476,0.2990654205607476,96,False,8,0.0,1.0,scalar,1.0,1.0,1.0,4,False,False,ratio,target,96,,325,100,4,0.3076923076923077,69.23076923076923,0.0946745562130177,90.53254437869822,test,False,0.1778030218675076,0.2829742837468065,0.4216669561010296,2.722816894256233,314886.98135013774,0.0,0.0,0.0,0.0,0.0,0.0,0.0,True,0.01,0.2,0,1.0,row_l1,1e-08,True,0.4493224064055143,0.0044932239635737,0.0099999997764825,0.0,192.1154909133911,11380,0.0168818533315809,59.23520246022375,19.211004734039307,19.211549091339112,947.76323936358,480.61856150627136,5176608,321.9697265625,410.0,321.9697265625,1.0,0,softmax,1.5,0,0,,,,,,,,,,,,,1.0,,,0.1545634865760803,226.3335418701172,258.3783569335937,0.1188048273324966,4.0,0.0,0.0,0.0,0.0,none,persistence,1.0,0.0,none,1.0,0.0,success,2026-07-07 18:42:17,c2426e68ca13f74aaec08045c5c724d8ad328124,True,,,0,0,0,custom,./dataset/electricity/,electricity.csv,OT,h,2021,0,iTransformer,Electricity_pl96_mlp_slot_attention_ratio0.30_k96_ortho0_seed2021_slot_learned_linear_cycle0.01_cw0.2,Electricity_pl96_mlp_slot_attention_ratio0.30_k96_ortho0_seed2021_slot_learned_linear_cycle0.01_cw0.2_iTransformer_custom_M_ft96_sl48_ll96_pl512_dm8_nh3_el1_dl512_df1_fctimeF_ebTrue_dtvr_projection_0,96,48,3,512,512,16,0.0005,10,3,0,True,./checkpoints/Electricity_pl96_mlp_slot_attention_ratio0.30_k96_ortho0_seed2021_slot_learned_linear_cycle0.01_cw0.2_iTransformer_custom_M_ft96_sl48_ll96_pl512_dm8_nh3_el1_dl512_df1_fctimeF_ebTrue_dtvr_projection_0,./results/Electricity_pl96_mlp_slot_attention_ratio0.30_k96_ortho0_seed2021_slot_learned_linear_cycle0.01_cw0.2_iTransformer_custom_M_ft96_sl48_ll96_pl512_dm8_nh3_el1_dl512_df1_fctimeF_ebTrue_dtvr_projection_0/,./results/Electricity_pl96_mlp_slot_attention_ratio0.30_k96_ortho0_seed2021_slot_learned_linear_cycle0.01_cw0.2_iTransformer_custom_M_ft96_sl48_ll96_pl512_dm8_nh3_el1_dl512_df1_fctimeF_ebTrue_dtvr_projection_0/weight_matrices,./results/Electricity_pl96_mlp_slot_attention_ratio0.30_k96_ortho0_seed2021_slot_learned_linear_cycle0.01_cw0.2_iTransformer_custom_M_ft96_sl48_ll96_pl512_dm8_nh3_el1_dl512_df1_fctimeF_ebTrue_dtvr_projection_0/slot_diagnostics,./results/attention_weight_heatmaps/Electricity_pl96_mlp_slot_attention_ratio0.30_k96_ortho0_seed2021_slot_learned_linear_cycle0.01_cw0.2_iTransformer_custom_M_ft96_sl48_ll96_pl512_dm8_nh3_el1_dl512_df1_fctimeF_ebTrue_dtvr_projection_0,0.0,0.35,0.148602604129379,0.2403112655844399,1.1965000405558546,1.1775323269119724,0.299,False,False
Electricity,192,mlp_slot_attention,mlp_slot_attention,,,0,mlp_slot_attention,slot_learned_linear,assignment_transpose,feature,,mse,1.0,True,1,321,321,321,32,32,0.1,32.0,0.1,0.0996884735202492,0.0996884735202492,32,32,0.0996884735202492,0.0996884735202492,96,False,8,0.0,1.0,scalar,1.0,1.0,1.0,4,False,False,ratio,target,32,,325,36,4,0.1107692307692307,88.92307692307693,0.0122698224852071,98.77301775147929,test,False,0.1994820980522358,0.30215654263018,0.446634188181151,2.6629037145861143,189678.89682348663,0.0,0.0,0.0,0.0,0.0,0.0,0.0,True,0.01,0.2,0,1.0,row_l1,1e-08,True,0.5003251480761349,0.0050032513611867,0.0099999997764825,0.0,195.48171854019165,11320,0.0172687030512536,57.908228373143615,19.37111639976501,19.548171854019166,926.5316539702978,490.9005596637726,5172480,226.02685546875,304.0,226.02685546875,1.0,0,softmax,1.5,0,0,,,,,,,,,,,,,1.0,,,0.1568948775529861,217.4112243652344,253.8411865234375,0.0978739038109779,11.0,0.0,0.0,0.0,0.0,none,persistence,1.0,0.0,none,1.0,0.0,success,2026-07-07 18:50:34,c2426e68ca13f74aaec08045c5c724d8ad328124,True,,,0,0,0,custom,./dataset/electricity/,electricity.csv,OT,h,2021,0,iTransformer,Electricity_pl192_mlp_slot_attention_ratio0.10_k32_ortho0_seed2021_slot_learned_linear_cycle0.01_cw0.2,Electricity_pl192_mlp_slot_attention_ratio0.10_k32_ortho0_seed2021_slot_learned_linear_cycle0.01_cw0.2_iTransformer_custom_M_ft96_sl48_ll192_pl512_dm8_nh3_el1_dl512_df1_fctimeF_ebTrue_dtvr_projection_0,96,48,3,512,512,16,0.0005,10,3,0,True,./checkpoints/Electricity_pl192_mlp_slot_attention_ratio0.10_k32_ortho0_seed2021_slot_learned_linear_cycle0.01_cw0.2_iTransformer_custom_M_ft96_sl48_ll192_pl512_dm8_nh3_el1_dl512_df1_fctimeF_ebTrue_dtvr_projection_0,./results/Electricity_pl192_mlp_slot_attention_ratio0.10_k32_ortho0_seed2021_slot_learned_linear_cycle0.01_cw0.2_iTransformer_custom_M_ft96_sl48_ll192_pl512_dm8_nh3_el1_dl512_df1_fctimeF_ebTrue_dtvr_projection_0/,./results/Electricity_pl192_mlp_slot_attention_ratio0.10_k32_ortho0_seed2021_slot_learned_linear_cycle0.01_cw0.2_iTransformer_custom_M_ft96_sl48_ll192_pl512_dm8_nh3_el1_dl512_df1_fctimeF_ebTrue_dtvr_projection_0/weight_matrices,./results/Electricity_pl192_mlp_slot_attention_ratio0.10_k32_ortho0_seed2021_slot_learned_linear_cycle0.01_cw0.2_iTransformer_custom_M_ft96_sl48_ll192_pl512_dm8_nh3_el1_dl512_df1_fctimeF_ebTrue_dtvr_projection_0/slot_diagnostics,./results/attention_weight_heatmaps/Electricity_pl192_mlp_slot_attention_ratio0.10_k32_ortho0_seed2021_slot_learned_linear_cycle0.01_cw0.2_iTransformer_custom_M_ft96_sl48_ll192_pl512_dm8_nh3_el1_dl512_df1_fctimeF_ebTrue_dtvr_projection_0,0.0,0.35,0.1663616587502261,0.2576493011312059,1.1990869744316293,1.1727434978614948,0.100,False,False
Electricity,192,mlp_slot_attention,mlp_slot_attention,,,0,mlp_slot_attention,slot_learned_linear,assignment_transpose,feature,,mse,1.0,True,1,321,321,321,64,64,0.2,64.0,0.2,0.1993769470404984,0.1993769470404984,64,64,0.1993769470404984,0.1993769470404984,96,False,8,0.0,1.0,scalar,1.0,1.0,1.0,4,False,False,ratio,target,64,,325,68,4,0.2092307692307692,79.07692307692308,0.0437775147928994,95.62224852071006,test,False,0.1967890362255419,0.299947643600931,0.4436091029561295,2.582377667983861,115494.14212764804,0.0,0.0,0.0,0.0,0.0,0.0,0.0,True,0.01,0.2,0,1.0,row_l1,1e-08,True,0.4801882205024204,0.0048018821001763,0.0099999997764825,0.0,195.43861722946167,11320,0.0172648955149701,57.92099923992684,19.485597610473636,19.54386172294617,926.7359878388291,488.73059821128845,5199168,279.35107421875,372.0,279.35107421875,1.0,0,softmax,1.5,0,0,,,,,,,,,,,,,0.9999903440475464,,,0.1285984814167022,219.51495361328125,258.8659362792969,0.0929232910275459,6.0,0.0,0.0,0.0,0.0,none,persistence,1.0,0.0,none,1.0,0.0,success,2026-07-07 18:58:50,c2426e68ca13f74aaec08045c5c724d8ad328124,True,,,0,0,0,custom,./dataset/electricity/,electricity.csv,OT,h,2021,0,iTransformer,Electricity_pl192_mlp_slot_attention_ratio0.20_k64_ortho0_seed2021_slot_learned_linear_cycle0.01_cw0.2,Electricity_pl192_mlp_slot_attention_ratio0.20_k64_ortho0_seed2021_slot_learned_linear_cycle0.01_cw0.2_iTransformer_custom_M_ft96_sl48_ll192_pl512_dm8_nh3_el1_dl512_df1_fctimeF_ebTrue_dtvr_projection_0,96,48,3,512,512,16,0.0005,10,3,0,True,./checkpoints/Electricity_pl192_mlp_slot_attention_ratio0.20_k64_ortho0_seed2021_slot_learned_linear_cycle0.01_cw0.2_iTransformer_custom_M_ft96_sl48_ll192_pl512_dm8_nh3_el1_dl512_df1_fctimeF_ebTrue_dtvr_projection_0,./results/Electricity_pl192_mlp_slot_attention_ratio0.20_k64_ortho0_seed2021_slot_learned_linear_cycle0.01_cw0.2_iTransformer_custom_M_ft96_sl48_ll192_pl512_dm8_nh3_el1_dl512_df1_fctimeF_ebTrue_dtvr_projection_0/,./results/Electricity_pl192_mlp_slot_attention_ratio0.20_k64_ortho0_seed2021_slot_learned_linear_cycle0.01_cw0.2_iTransformer_custom_M_ft96_sl48_ll192_pl512_dm8_nh3_el1_dl512_df1_fctimeF_ebTrue_dtvr_projection_0/weight_matrices,./results/Electricity_pl192_mlp_slot_attention_ratio0.20_k64_ortho0_seed2021_slot_learned_linear_cycle0.01_cw0.2_iTransformer_custom_M_ft96_sl48_ll192_pl512_dm8_nh3_el1_dl512_df1_fctimeF_ebTrue_dtvr_projection_0/slot_diagnostics,./results/attention_weight_heatmaps/Electricity_pl192_mlp_slot_attention_ratio0.20_k64_ortho0_seed2021_slot_learned_linear_cycle0.01_cw0.2_iTransformer_custom_M_ft96_sl48_ll192_pl512_dm8_nh3_el1_dl512_df1_fctimeF_ebTrue_dtvr_projection_0,0.0,0.35,0.1663616587502261,0.2576493011312059,1.1828989786703148,1.1641702200782802,0.199,False,False
Electricity,192,mlp_slot_attention,mlp_slot_attention,,,0,mlp_slot_attention,slot_learned_linear,assignment_transpose,feature,,mse,1.0,True,1,321,321,321,96,96,0.3,96.0,0.3,0.2990654205607476,0.2990654205607476,96,96,0.2990654205607476,0.2990654205607476,96,False,8,0.0,1.0,scalar,1.0,1.0,1.0,4,False,False,ratio,target,96,,325,100,4,0.3076923076923077,69.23076923076923,0.0946745562130177,90.53254437869822,test,False,0.1951050883414644,0.2978564245170867,0.441707016405065,2.718304882881345,229368.53773055383,0.0,0.0,0.0,0.0,0.0,0.0,0.0,True,0.01,0.2,0,1.0,row_l1,1e-08,True,0.4256144859186331,0.0042561447667862,0.0099999997764825,0.0,199.69277477264404,11320,0.0176407044852159,56.687078502906,20.03829598426819,19.96927747726441,906.993256046496,491.2759730815888,5225856,334.47412109375,420.0,334.47412109375,1.0,0,softmax,1.5,0,0,,,,,,,,,,,,,1.0,,,0.1733134984970092,197.9906005859375,257.9332580566406,0.0955043882131576,4.0,0.0,0.0,0.0,0.0,none,persistence,1.0,0.0,none,1.0,0.0,success,2026-07-07 19:07:08,c2426e68ca13f74aaec08045c5c724d8ad328124,True,,,0,0,0,custom,./dataset/electricity/,electricity.csv,OT,h,2021,0,iTransformer,Electricity_pl192_mlp_slot_attention_ratio0.30_k96_ortho0_seed2021_slot_learned_linear_cycle0.01_cw0.2,Electricity_pl192_mlp_slot_attention_ratio0.30_k96_ortho0_seed2021_slot_learned_linear_cycle0.01_cw0.2_iTransformer_custom_M_ft96_sl48_ll192_pl512_dm8_nh3_el1_dl512_df1_fctimeF_ebTrue_dtvr_projection_0,96,48,3,512,512,16,0.0005,10,3,0,True,./checkpoints/Electricity_pl192_mlp_slot_attention_ratio0.30_k96_ortho0_seed2021_slot_learned_linear_cycle0.01_cw0.2_iTransformer_custom_M_ft96_sl48_ll192_pl512_dm8_nh3_el1_dl512_df1_fctimeF_ebTrue_dtvr_projection_0,./results/Electricity_pl192_mlp_slot_attention_ratio0.30_k96_ortho0_seed2021_slot_learned_linear_cycle0.01_cw0.2_iTransformer_custom_M_ft96_sl48_ll192_pl512_dm8_nh3_el1_dl512_df1_fctimeF_ebTrue_dtvr_projection_0/,./results/Electricity_pl192_mlp_slot_attention_ratio0.30_k96_ortho0_seed2021_slot_learned_linear_cycle0.01_cw0.2_iTransformer_custom_M_ft96_sl48_ll192_pl512_dm8_nh3_el1_dl512_df1_fctimeF_ebTrue_dtvr_projection_0/weight_matrices,./results/Electricity_pl192_mlp_slot_attention_ratio0.30_k96_ortho0_seed2021_slot_learned_linear_cycle0.01_cw0.2_iTransformer_custom_M_ft96_sl48_ll192_pl512_dm8_nh3_el1_dl512_df1_fctimeF_ebTrue_dtvr_projection_0/slot_diagnostics,./results/attention_weight_heatmaps/Electricity_pl192_mlp_slot_attention_ratio0.30_k96_ortho0_seed2021_slot_learned_linear_cycle0.01_cw0.2_iTransformer_custom_M_ft96_sl48_ll192_pl512_dm8_nh3_el1_dl512_df1_fctimeF_ebTrue_dtvr_projection_0,0.0,0.35,0.1663616587502261,0.2576493011312059,1.1727767672381377,1.156053686966555,0.299,False,False
Electricity,336,mlp_slot_attention,mlp_slot_attention,,,0,mlp_slot_attention,slot_learned_linear,assignment_transpose,feature,,mse,1.0,True,1,321,321,321,32,32,0.1,32.0,0.1,0.0996884735202492,0.0996884735202492,32,32,0.0996884735202492,0.0996884735202492,96,False,8,0.0,1.0,scalar,1.0,1.0,1.0,4,False,False,ratio,target,32,,325,36,4,0.1107692307692307,88.92307692307693,0.0122698224852071,98.77301775147929,test,False,0.2106069844471358,0.3135322428485529,0.458919365953471,2.664849344999439,118653.59605499872,0.0,0.0,0.0,0.0,0.0,0.0,0.0,True,0.01,0.2,0,1.0,row_l1,1e-08,True,0.593794810432254,0.0059379479712669,0.0099999997764825,0.0,211.0935256481171,11230,0.0187972863444449,53.19916830950031,20.951817989349365,21.109352564811708,851.1866929520049,511.69807720184326,5246352,247.4423828125,328.0,247.4423828125,1.0,0,softmax,1.5,0,0,,,,,,,,,,,,,0.9999903440475464,,,0.1665063798427581,216.8877410888672,254.92214965820312,0.1030058711767196,11.0,0.0,0.0,0.0,0.0,none,persistence,1.0,0.0,none,1.0,0.0,success,2026-07-07 19:15:47,c2426e68ca13f74aaec08045c5c724d8ad328124,True,,,0,0,0,custom,./dataset/electricity/,electricity.csv,OT,h,2021,0,iTransformer,Electricity_pl336_mlp_slot_attention_ratio0.10_k32_ortho0_seed2021_slot_learned_linear_cycle0.01_cw0.2,Electricity_pl336_mlp_slot_attention_ratio0.10_k32_ortho0_seed2021_slot_learned_linear_cycle0.01_cw0.2_iTransformer_custom_M_ft96_sl48_ll336_pl512_dm8_nh3_el1_dl512_df1_fctimeF_ebTrue_dtvr_projection_0,96,48,3,512,512,16,0.0005,10,3,0,True,./checkpoints/Electricity_pl336_mlp_slot_attention_ratio0.10_k32_ortho0_seed2021_slot_learned_linear_cycle0.01_cw0.2_iTransformer_custom_M_ft96_sl48_ll336_pl512_dm8_nh3_el1_dl512_df1_fctimeF_ebTrue_dtvr_projection_0,./results/Electricity_pl336_mlp_slot_attention_ratio0.10_k32_ortho0_seed2021_slot_learned_linear_cycle0.01_cw0.2_iTransformer_custom_M_ft96_sl48_ll336_pl512_dm8_nh3_el1_dl512_df1_fctimeF_ebTrue_dtvr_projection_0/,./results/Electricity_pl336_mlp_slot_attention_ratio0.10_k32_ortho0_seed2021_slot_learned_linear_cycle0.01_cw0.2_iTransformer_custom_M_ft96_sl48_ll336_pl512_dm8_nh3_el1_dl512_df1_fctimeF_ebTrue_dtvr_projection_0/weight_matrices,./results/Electricity_pl336_mlp_slot_attention_ratio0.10_k32_ortho0_seed2021_slot_learned_linear_cycle0.01_cw0.2_iTransformer_custom_M_ft96_sl48_ll336_pl512_dm8_nh3_el1_dl512_df1_fctimeF_ebTrue_dtvr_projection_0/slot_diagnostics,./results/attention_weight_heatmaps/Electricity_pl336_mlp_slot_attention_ratio0.10_k32_ortho0_seed2021_slot_learned_linear_cycle0.01_cw0.2_iTransformer_custom_M_ft96_sl48_ll336_pl512_dm8_nh3_el1_dl512_df1_fctimeF_ebTrue_dtvr_projection_0,0.0,0.35,0.179433447456862,0.2719583035766379,1.1737331441384045,1.152868799095886,0.100,False,False
Electricity,336,mlp_slot_attention,mlp_slot_attention,,,0,mlp_slot_attention,slot_learned_linear,assignment_transpose,feature,,mse,1.0,True,1,321,321,321,64,64,0.2,64.0,0.2,0.1993769470404984,0.1993769470404984,64,64,0.1993769470404984,0.1993769470404984,96,False,8,0.0,1.0,scalar,1.0,1.0,1.0,4,False,False,ratio,target,64,,325,68,4,0.2092307692307692,79.07692307692308,0.0437775147928994,95.62224852071006,test,False,0.2087067834214757,0.3122816501136713,0.4568443754950648,2.731935889218013,166289.77636011428,0.0,0.0,0.0,0.0,0.0,0.0,0.0,True,0.01,0.2,0,1.0,row_l1,1e-08,True,0.4780941551164761,0.0047809414379796,0.0099999997764825,0.0,211.1383640766144,11230,0.0188012790807314,53.18787066061118,20.96281599998474,21.11383640766144,851.0059305697789,509.0213098526001,5273040,299.2724609375,386.0,299.2724609375,1.0,0,softmax,1.5,0,0,,,,,,,,,,,,,0.9999903440475464,,,0.1497361958026886,219.68484497070312,259.846435546875,0.0757275149226188,6.0,0.0,0.0,0.0,0.0,none,persistence,1.0,0.0,none,1.0,0.0,success,2026-07-07 19:24:23,c2426e68ca13f74aaec08045c5c724d8ad328124,True,,,0,0,0,custom,./dataset/electricity/,electricity.csv,OT,h,2021,0,iTransformer,Electricity_pl336_mlp_slot_attention_ratio0.20_k64_ortho0_seed2021_slot_learned_linear_cycle0.01_cw0.2,Electricity_pl336_mlp_slot_attention_ratio0.20_k64_ortho0_seed2021_slot_learned_linear_cycle0.01_cw0.2_iTransformer_custom_M_ft96_sl48_ll336_pl512_dm8_nh3_el1_dl512_df1_fctimeF_ebTrue_dtvr_projection_0,96,48,3,512,512,16,0.0005,10,3,0,True,./checkpoints/Electricity_pl336_mlp_slot_attention_ratio0.20_k64_ortho0_seed2021_slot_learned_linear_cycle0.01_cw0.2_iTransformer_custom_M_ft96_sl48_ll336_pl512_dm8_nh3_el1_dl512_df1_fctimeF_ebTrue_dtvr_projection_0,./results/Electricity_pl336_mlp_slot_attention_ratio0.20_k64_ortho0_seed2021_slot_learned_linear_cycle0.01_cw0.2_iTransformer_custom_M_ft96_sl48_ll336_pl512_dm8_nh3_el1_dl512_df1_fctimeF_ebTrue_dtvr_projection_0/,./results/Electricity_pl336_mlp_slot_attention_ratio0.20_k64_ortho0_seed2021_slot_learned_linear_cycle0.01_cw0.2_iTransformer_custom_M_ft96_sl48_ll336_pl512_dm8_nh3_el1_dl512_df1_fctimeF_ebTrue_dtvr_projection_0/weight_matrices,./results/Electricity_pl336_mlp_slot_attention_ratio0.20_k64_ortho0_seed2021_slot_learned_linear_cycle0.01_cw0.2_iTransformer_custom_M_ft96_sl48_ll336_pl512_dm8_nh3_el1_dl512_df1_fctimeF_ebTrue_dtvr_projection_0/slot_diagnostics,./results/attention_weight_heatmaps/Electricity_pl336_mlp_slot_attention_ratio0.20_k64_ortho0_seed2021_slot_learned_linear_cycle0.01_cw0.2_iTransformer_custom_M_ft96_sl48_ll336_pl512_dm8_nh3_el1_dl512_df1_fctimeF_ebTrue_dtvr_projection_0,0.0,0.35,0.179433447456862,0.2719583035766379,1.1631431395846719,1.1482703267623167,0.199,False,False
Electricity,336,mlp_slot_attention,mlp_slot_attention,,,0,mlp_slot_attention,slot_learned_linear,assignment_transpose,feature,,mse,1.0,True,1,321,321,321,96,96,0.3,96.0,0.3,0.2990654205607476,0.2990654205607476,96,96,0.2990654205607476,0.2990654205607476,96,False,8,0.0,1.0,scalar,1.0,1.0,1.0,4,False,False,ratio,target,96,,325,100,4,0.3076923076923077,69.23076923076923,0.0946745562130177,90.53254437869822,test,False,0.2110030527650829,0.3139028711163223,0.4593506860396345,2.758661749124747,172328.53972492449,0.0,0.0,0.0,0.0,0.0,0.0,0.0,True,0.01,0.2,0,1.0,row_l1,1e-08,True,0.4142689189259112,0.0041426890923617,0.0099999997764825,0.0,215.7732753753662,11230,0.019214004931021,52.04537021771545,21.59488248825073,21.577327537536625,832.7259234834472,512.1904368400574,5299728,357.41015625,456.0,357.41015625,1.0,0,softmax,1.5,0,0,,,,,,,,,,,,,1.0,,,0.1979166716337204,189.0468597412109,257.6893920898437,0.0856359675526619,4.0,0.0,0.0,0.0,0.0,none,persistence,1.0,0.0,none,1.0,0.0,success,2026-07-07 19:33:02,c2426e68ca13f74aaec08045c5c724d8ad328124,True,,,0,0,0,custom,./dataset/electricity/,electricity.csv,OT,h,2021,0,iTransformer,Electricity_pl336_mlp_slot_attention_ratio0.30_k96_ortho0_seed2021_slot_learned_linear_cycle0.01_cw0.2,Electricity_pl336_mlp_slot_attention_ratio0.30_k96_ortho0_seed2021_slot_learned_linear_cycle0.01_cw0.2_iTransformer_custom_M_ft96_sl48_ll336_pl512_dm8_nh3_el1_dl512_df1_fctimeF_ebTrue_dtvr_projection_0,96,48,3,512,512,16,0.0005,10,3,0,True,./checkpoints/Electricity_pl336_mlp_slot_attention_ratio0.30_k96_ortho0_seed2021_slot_learned_linear_cycle0.01_cw0.2_iTransformer_custom_M_ft96_sl48_ll336_pl512_dm8_nh3_el1_dl512_df1_fctimeF_ebTrue_dtvr_projection_0,./results/Electricity_pl336_mlp_slot_attention_ratio0.30_k96_ortho0_seed2021_slot_learned_linear_cycle0.01_cw0.2_iTransformer_custom_M_ft96_sl48_ll336_pl512_dm8_nh3_el1_dl512_df1_fctimeF_ebTrue_dtvr_projection_0/,./results/Electricity_pl336_mlp_slot_attention_ratio0.30_k96_ortho0_seed2021_slot_learned_linear_cycle0.01_cw0.2_iTransformer_custom_M_ft96_sl48_ll336_pl512_dm8_nh3_el1_dl512_df1_fctimeF_ebTrue_dtvr_projection_0/weight_matrices,./results/Electricity_pl336_mlp_slot_attention_ratio0.30_k96_ortho0_seed2021_slot_learned_linear_cycle0.01_cw0.2_iTransformer_custom_M_ft96_sl48_ll336_pl512_dm8_nh3_el1_dl512_df1_fctimeF_ebTrue_dtvr_projection_0/slot_diagnostics,./results/attention_weight_heatmaps/Electricity_pl336_mlp_slot_attention_ratio0.30_k96_ortho0_seed2021_slot_learned_linear_cycle0.01_cw0.2_iTransformer_custom_M_ft96_sl48_ll336_pl512_dm8_nh3_el1_dl512_df1_fctimeF_ebTrue_dtvr_projection_0,0.0,0.35,0.179433447456862,0.2719583035766379,1.1759404712759065,1.1542316119348215,0.299,False,False
Electricity,720,mlp_slot_attention,mlp_slot_attention,,,0,mlp_slot_attention,slot_learned_linear,assignment_transpose,feature,,mse,1.0,True,1,321,321,321,32,32,0.1,32.0,0.1,0.0996884735202492,0.0996884735202492,32,32,0.0996884735202492,0.0996884735202492,96,False,8,0.0,1.0,scalar,1.0,1.0,1.0,4,False,False,ratio,target,32,,325,36,4,0.1107692307692307,88.92307692307693,0.0122698224852071,98.77301775147929,test,False,0.2396709061122694,0.3368448843387931,0.4895619532932164,2.7425103587974893,99407.24448597764,0.0,0.0,0.0,0.0,0.0,0.0,0.0,True,0.01,0.2,0,1.0,row_l1,1e-08,True,0.5428135978080013,0.0054281358594401,0.0099999997764825,0.0,200.3255307674408,8792,0.0227849784767334,43.88856460940413,25.0691339969635,25.0406913459301,702.217033750466,452.1237144470215,5443344,304.8935546875,402.0,304.8935546875,1.0,0,softmax,1.5,0,0,,,,,,,,,,,,,0.9999903440475464,,,0.1568489670753479,207.63851928710935,256.1917724609375,0.1354472041130066,11.0,0.0,0.0,0.0,0.0,none,persistence,1.0,0.0,none,1.0,0.0,success,2026-07-07 19:40:41,c2426e68ca13f74aaec08045c5c724d8ad328124,True,,,0,0,0,custom,./dataset/electricity/,electricity.csv,OT,h,2021,0,iTransformer,Electricity_pl720_mlp_slot_attention_ratio0.10_k32_ortho0_seed2021_slot_learned_linear_cycle0.01_cw0.2,Electricity_pl720_mlp_slot_attention_ratio0.10_k32_ortho0_seed2021_slot_learned_linear_cycle0.01_cw0.2_iTransformer_custom_M_ft96_sl48_ll720_pl512_dm8_nh3_el1_dl512_df1_fctimeF_ebTrue_dtvr_projection_0,96,48,3,512,512,16,0.0005,10,3,0,True,./checkpoints/Electricity_pl720_mlp_slot_attention_ratio0.10_k32_ortho0_seed2021_slot_learned_linear_cycle0.01_cw0.2_iTransformer_custom_M_ft96_sl48_ll720_pl512_dm8_nh3_el1_dl512_df1_fctimeF_ebTrue_dtvr_projection_0,./results/Electricity_pl720_mlp_slot_attention_ratio0.10_k32_ortho0_seed2021_slot_learned_linear_cycle0.01_cw0.2_iTransformer_custom_M_ft96_sl48_ll720_pl512_dm8_nh3_el1_dl512_df1_fctimeF_ebTrue_dtvr_projection_0/,./results/Electricity_pl720_mlp_slot_attention_ratio0.10_k32_ortho0_seed2021_slot_learned_linear_cycle0.01_cw0.2_iTransformer_custom_M_ft96_sl48_ll720_pl512_dm8_nh3_el1_dl512_df1_fctimeF_ebTrue_dtvr_projection_0/weight_matrices,./results/Electricity_pl720_mlp_slot_attention_ratio0.10_k32_ortho0_seed2021_slot_learned_linear_cycle0.01_cw0.2_iTransformer_custom_M_ft96_sl48_ll720_pl512_dm8_nh3_el1_dl512_df1_fctimeF_ebTrue_dtvr_projection_0/slot_diagnostics,./results/attention_weight_heatmaps/Electricity_pl720_mlp_slot_attention_ratio0.10_k32_ortho0_seed2021_slot_learned_linear_cycle0.01_cw0.2_iTransformer_custom_M_ft96_sl48_ll720_pl512_dm8_nh3_el1_dl512_df1_fctimeF_ebTrue_dtvr_projection_0,0.0,0.35,0.2165507796779447,0.3030539701321824,1.106765380705205,1.1115013084694856,0.100,False,False
Electricity,720,mlp_slot_attention,mlp_slot_attention,,,0,mlp_slot_attention,slot_learned_linear,assignment_transpose,feature,,mse,1.0,True,1,321,321,321,64,64,0.2,64.0,0.2,0.1993769470404984,0.1993769470404984,64,64,0.1993769470404984,0.1993769470404984,96,False,8,0.0,1.0,scalar,1.0,1.0,1.0,4,False,False,ratio,target,64,,325,68,4,0.2092307692307692,79.07692307692308,0.0437775147928994,95.62224852071006,test,False,0.2386682078066964,0.3362991674237212,0.4885368029193875,2.869381224541576,134612.38568851486,0.0,0.0,0.0,0.0,0.0,0.0,0.0,True,0.01,0.2,0,1.0,row_l1,1e-08,True,0.4879627222630845,0.0048796271073129,0.0099999997764825,0.0,252.548593044281,10990,0.0229798537801893,43.51637784841292,25.035359144210812,25.254859304428106,696.2620455746068,561.6212992668152,5470032,357.15966796875,480.0,357.15966796875,1.0,0,softmax,1.5,0,0,,,,,,,,,,,,,0.9999903440475464,,,0.1477746218442917,192.23895263671875,257.92596435546875,0.1204530522227287,6.0,0.0,0.0,0.0,0.0,none,persistence,1.0,0.0,none,1.0,0.0,success,2026-07-07 19:50:10,c2426e68ca13f74aaec08045c5c724d8ad328124,True,,,0,0,0,custom,./dataset/electricity/,electricity.csv,OT,h,2021,0,iTransformer,Electricity_pl720_mlp_slot_attention_ratio0.20_k64_ortho0_seed2021_slot_learned_linear_cycle0.01_cw0.2,Electricity_pl720_mlp_slot_attention_ratio0.20_k64_ortho0_seed2021_slot_learned_linear_cycle0.01_cw0.2_iTransformer_custom_M_ft96_sl48_ll720_pl512_dm8_nh3_el1_dl512_df1_fctimeF_ebTrue_dtvr_projection_0,96,48,3,512,512,16,0.0005,10,3,0,True,./checkpoints/Electricity_pl720_mlp_slot_attention_ratio0.20_k64_ortho0_seed2021_slot_learned_linear_cycle0.01_cw0.2_iTransformer_custom_M_ft96_sl48_ll720_pl512_dm8_nh3_el1_dl512_df1_fctimeF_ebTrue_dtvr_projection_0,./results/Electricity_pl720_mlp_slot_attention_ratio0.20_k64_ortho0_seed2021_slot_learned_linear_cycle0.01_cw0.2_iTransformer_custom_M_ft96_sl48_ll720_pl512_dm8_nh3_el1_dl512_df1_fctimeF_ebTrue_dtvr_projection_0/,./results/Electricity_pl720_mlp_slot_attention_ratio0.20_k64_ortho0_seed2021_slot_learned_linear_cycle0.01_cw0.2_iTransformer_custom_M_ft96_sl48_ll720_pl512_dm8_nh3_el1_dl512_df1_fctimeF_ebTrue_dtvr_projection_0/weight_matrices,./results/Electricity_pl720_mlp_slot_attention_ratio0.20_k64_ortho0_seed2021_slot_learned_linear_cycle0.01_cw0.2_iTransformer_custom_M_ft96_sl48_ll720_pl512_dm8_nh3_el1_dl512_df1_fctimeF_ebTrue_dtvr_projection_0/slot_diagnostics,./results/attention_weight_heatmaps/Electricity_pl720_mlp_slot_attention_ratio0.20_k64_ortho0_seed2021_slot_learned_linear_cycle0.01_cw0.2_iTransformer_custom_M_ft96_sl48_ll720_pl512_dm8_nh3_el1_dl512_df1_fctimeF_ebTrue_dtvr_projection_0,0.0,0.35,0.2165507796779447,0.3030539701321824,1.102135065787548,1.109700583288971,0.199,False,False
Electricity,720,mlp_slot_attention,mlp_slot_attention,,,0,mlp_slot_attention,slot_learned_linear,assignment_transpose,feature,,mse,1.0,True,1,321,321,321,96,96,0.3,96.0,0.3,0.2990654205607476,0.2990654205607476,96,96,0.2990654205607476,0.2990654205607476,96,False,8,0.0,1.0,scalar,1.0,1.0,1.0,4,False,False,ratio,target,96,,325,100,4,0.3076923076923077,69.23076923076923,0.0946745562130177,90.53254437869822,test,False,0.2342433529170062,0.3325329161674145,0.4839869346552716,2.79480285117123,133415.31121633307,0.0,0.0,0.0,0.0,0.0,0.0,0.0,True,0.01,0.2,0,1.0,row_l1,1e-08,True,0.4609033541586098,0.0046090334353017,0.0099999997764825,0.0,255.9484114646912,10990,0.0232892094144395,42.93834033627555,25.61972188949585,25.594841146469115,687.0134453804088,566.7662003040314,5496720,413.39208984375,534.0,413.39208984375,1.0,0,softmax,1.5,0,0,,,,,,,,,,,,,0.9999903440475464,,,0.2002976387739181,180.9290008544922,258.1036071777344,0.0972587764263153,4.0,0.0,0.0,0.0,0.0,none,persistence,1.0,0.0,none,1.0,0.0,success,2026-07-07 19:59:44,c2426e68ca13f74aaec08045c5c724d8ad328124,True,,,0,0,0,custom,./dataset/electricity/,electricity.csv,OT,h,2021,0,iTransformer,Electricity_pl720_mlp_slot_attention_ratio0.30_k96_ortho0_seed2021_slot_learned_linear_cycle0.01_cw0.2,Electricity_pl720_mlp_slot_attention_ratio0.30_k96_ortho0_seed2021_slot_learned_linear_cycle0.01_cw0.2_iTransformer_custom_M_ft96_sl48_ll720_pl512_dm8_nh3_el1_dl512_df1_fctimeF_ebTrue_dtvr_projection_0,96,48,3,512,512,16,0.0005,10,3,0,True,./checkpoints/Electricity_pl720_mlp_slot_attention_ratio0.30_k96_ortho0_seed2021_slot_learned_linear_cycle0.01_cw0.2_iTransformer_custom_M_ft96_sl48_ll720_pl512_dm8_nh3_el1_dl512_df1_fctimeF_ebTrue_dtvr_projection_0,./results/Electricity_pl720_mlp_slot_attention_ratio0.30_k96_ortho0_seed2021_slot_learned_linear_cycle0.01_cw0.2_iTransformer_custom_M_ft96_sl48_ll720_pl512_dm8_nh3_el1_dl512_df1_fctimeF_ebTrue_dtvr_projection_0/,./results/Electricity_pl720_mlp_slot_attention_ratio0.30_k96_ortho0_seed2021_slot_learned_linear_cycle0.01_cw0.2_iTransformer_custom_M_ft96_sl48_ll720_pl512_dm8_nh3_el1_dl512_df1_fctimeF_ebTrue_dtvr_projection_0/weight_matrices,./results/Electricity_pl720_mlp_slot_attention_ratio0.30_k96_ortho0_seed2021_slot_learned_linear_cycle0.01_cw0.2_iTransformer_custom_M_ft96_sl48_ll720_pl512_dm8_nh3_el1_dl512_df1_fctimeF_ebTrue_dtvr_projection_0/slot_diagnostics,./results/attention_weight_heatmaps/Electricity_pl720_mlp_slot_attention_ratio0.30_k96_ortho0_seed2021_slot_learned_linear_cycle0.01_cw0.2_iTransformer_custom_M_ft96_sl48_ll720_pl512_dm8_nh3_el1_dl512_df1_fctimeF_ebTrue_dtvr_projection_0,0.0,0.35,0.2165507796779447,0.3030539701321824,1.0817017295683442,1.0972729247611386,0.299,False,False
Traffic,96,mlp_slot_attention,mlp_slot_attention,,,0,mlp_slot_attention,slot_learned_linear,assignment_transpose,feature,,mse,1.0,True,1,862,862,862,86,86,0.1,86.0,0.1,0.099767981438515,0.099767981438515,86,86,0.099767981438515,0.099767981438515,258,False,8,0.0,1.0,scalar,1.0,1.0,1.0,4,False,False,ratio,target,86,,866,90,4,0.1039260969976905,89.60739030023095,0.0108006336371733,98.91993663628266,test,False,1.214050519353293,0.6646985780427949,1.1018396069089609,6.0307389255819,1004721.461021135,0.0,0.0,0.0,0.0,0.0,0.0,0.0,True,0.01,0.2,0,1.0,row_l1,1e-08,True,1.8407821686852055,0.0184078212827444,0.0099999997764825,0.0,117.0890612602234,4530,0.0258474748918815,38.68849874825068,19.55169415473938,19.514843543370564,619.0159799720109,279.3817245960236,6792778,519.57568359375,642.0,519.57568359375,1.0,0,softmax,1.5,0,0,,,,,,,,,,,,,0.9167155623435974,,,0.0056478409096598,3.3983190059661865,704.4480590820312,0.1306553930044174,11.0,0.0,0.0,0.0,0.0,none,persistence,1.0,0.0,none,1.0,0.0,success,2026-07-07 20:04:31,c2426e68ca13f74aaec08045c5c724d8ad328124,True,,,0,0,0,custom,./dataset/traffic/,traffic.csv,OT,h,2021,0,iTransformer,Traffic_pl96_mlp_slot_attention_ratio0.10_k86_ortho0_seed2021_slot_learned_linear_cycle0.01_cw0.2,Traffic_pl96_mlp_slot_attention_ratio0.10_k86_ortho0_seed2021_slot_learned_linear_cycle0.01_cw0.2_iTransformer_custom_M_ft96_sl48_ll96_pl512_dm8_nh4_el1_dl512_df1_fctimeF_ebTrue_dtvr_projection_0,96,48,4,512,512,16,0.001,10,3,0,True,./checkpoints/Traffic_pl96_mlp_slot_attention_ratio0.10_k86_ortho0_seed2021_slot_learned_linear_cycle0.01_cw0.2_iTransformer_custom_M_ft96_sl48_ll96_pl512_dm8_nh4_el1_dl512_df1_fctimeF_ebTrue_dtvr_projection_0,./results/Traffic_pl96_mlp_slot_attention_ratio0.10_k86_ortho0_seed2021_slot_learned_linear_cycle0.01_cw0.2_iTransformer_custom_M_ft96_sl48_ll96_pl512_dm8_nh4_el1_dl512_df1_fctimeF_ebTrue_dtvr_projection_0/,./results/Traffic_pl96_mlp_slot_attention_ratio0.10_k86_ortho0_seed2021_slot_learned_linear_cycle0.01_cw0.2_iTransformer_custom_M_ft96_sl48_ll96_pl512_dm8_nh4_el1_dl512_df1_fctimeF_ebTrue_dtvr_projection_0/weight_matrices,./results/Traffic_pl96_mlp_slot_attention_ratio0.10_k86_ortho0_seed2021_slot_learned_linear_cycle0.01_cw0.2_iTransformer_custom_M_ft96_sl48_ll96_pl512_dm8_nh4_el1_dl512_df1_fctimeF_ebTrue_dtvr_projection_0/slot_diagnostics,./results/attention_weight_heatmaps/Traffic_pl96_mlp_slot_attention_ratio0.10_k86_ortho0_seed2021_slot_learned_linear_cycle0.01_cw0.2_iTransformer_custom_M_ft96_sl48_ll96_pl512_dm8_nh4_el1_dl512_df1_fctimeF_ebTrue_dtvr_projection_0,0.0,0.35,0.3919391415692028,0.2678930599663593,3.0975485492278496,2.4812086514158462,0.100,False,False
Traffic,96,mlp_slot_attention,mlp_slot_attention,,,0,mlp_slot_attention,slot_learned_linear,assignment_transpose,feature,,mse,1.0,True,1,862,862,862,172,172,0.2,172.0,0.2,0.1995359628770301,0.1995359628770301,172,172,0.1995359628770301,0.1995359628770301,258,False,8,0.0,1.0,scalar,1.0,1.0,1.0,4,False,False,ratio,target,172,,866,176,4,0.2032332563510392,79.67667436489607,0.0413037564870472,95.86962435129529,test,False,1.1873017133546455,0.6453790126882494,1.0896337519344037,6.917764907121055,1387380.183331764,0.0,0.0,0.0,0.0,0.0,0.0,0.0,True,0.01,0.2,0,1.0,row_l1,1e-08,True,1.8034753442600076,0.0180347530405647,0.0099999997764825,0.0,300.3572566509247,7550,0.0397824180994602,25.13673245049848,30.136451482772827,30.035725665092468,402.18771920797576,561.8185248374939,6911028,779.138671875,956.0,779.138671875,1.0,0,softmax,1.5,0,0,,,,,,,,,,,,,0.8370877504348755,,,0.0089852008968591,1.667827844619751,694.0186157226562,0.1114284396171569,6.0,0.0,0.0,0.0,0.0,none,persistence,1.0,0.0,none,1.0,0.0,success,2026-07-07 20:14:00,c2426e68ca13f74aaec08045c5c724d8ad328124,True,,,0,0,0,custom,./dataset/traffic/,traffic.csv,OT,h,2021,0,iTransformer,Traffic_pl96_mlp_slot_attention_ratio0.20_k172_ortho0_seed2021_slot_learned_linear_cycle0.01_cw0.2,Traffic_pl96_mlp_slot_attention_ratio0.20_k172_ortho0_seed2021_slot_learned_linear_cycle0.01_cw0.2_iTransformer_custom_M_ft96_sl48_ll96_pl512_dm8_nh4_el1_dl512_df1_fctimeF_ebTrue_dtvr_projection_0,96,48,4,512,512,16,0.001,10,3,0,True,./checkpoints/Traffic_pl96_mlp_slot_attention_ratio0.20_k172_ortho0_seed2021_slot_learned_linear_cycle0.01_cw0.2_iTransformer_custom_M_ft96_sl48_ll96_pl512_dm8_nh4_el1_dl512_df1_fctimeF_ebTrue_dtvr_projection_0,./results/Traffic_pl96_mlp_slot_attention_ratio0.20_k172_ortho0_seed2021_slot_learned_linear_cycle0.01_cw0.2_iTransformer_custom_M_ft96_sl48_ll96_pl512_dm8_nh4_el1_dl512_df1_fctimeF_ebTrue_dtvr_projection_0/,./results/Traffic_pl96_mlp_slot_attention_ratio0.20_k172_ortho0_seed2021_slot_learned_linear_cycle0.01_cw0.2_iTransformer_custom_M_ft96_sl48_ll96_pl512_dm8_nh4_el1_dl512_df1_fctimeF_ebTrue_dtvr_projection_0/weight_matrices,./results/Traffic_pl96_mlp_slot_attention_ratio0.20_k172_ortho0_seed2021_slot_learned_linear_cycle0.01_cw0.2_iTransformer_custom_M_ft96_sl48_ll96_pl512_dm8_nh4_el1_dl512_df1_fctimeF_ebTrue_dtvr_projection_0/slot_diagnostics,./results/attention_weight_heatmaps/Traffic_pl96_mlp_slot_attention_ratio0.20_k172_ortho0_seed2021_slot_learned_linear_cycle0.01_cw0.2_iTransformer_custom_M_ft96_sl48_ll96_pl512_dm8_nh4_el1_dl512_df1_fctimeF_ebTrue_dtvr_projection_0,0.0,0.35,0.3919391415692028,0.2678930599663593,3.0293012037559137,2.409091944260493,0.200,False,False
Traffic,96,mlp_slot_attention,mlp_slot_attention,,,0,mlp_slot_attention,slot_learned_linear,assignment_transpose,feature,,mse,1.0,True,1,862,862,862,258,258,0.3,258.0,0.3,0.2993039443155452,0.2993039443155452,258,258,0.2993039443155452,0.2993039443155452,258,False,8,0.0,1.0,scalar,1.0,1.0,1.0,4,False,False,ratio,target,259,,866,262,4,0.302540415704388,69.7459584295612,0.0915307031345839,90.8469296865416,test,False,1.408457856456559,0.79940018234596,1.186784671478596,3.232623876896168,103043.02318001723,0.0,0.0,0.0,0.0,0.0,0.0,0.0,True,0.01,0.2,0,1.0,row_l1,1e-08,True,1.5183238248951387,0.0151832379302046,0.0099999997764825,0.0,445.6717176437378,7550,0.0590293665753295,16.940720492466472,45.32760977745056,44.56717176437378,271.05152787946355,714.1903808116913,7029278,1105.53173828125,1280.0,1105.53173828125,1.0,0,softmax,1.5,0,0,,,,,,,,,,,,,0.9999179244041444,,,0.0166112966835498,12.106951713562012,744.1185913085938,0.1316019594669342,4.0,0.0,0.0,0.0,0.0,none,persistence,1.0,0.0,none,1.0,0.0,success,2026-07-07 20:26:02,c2426e68ca13f74aaec08045c5c724d8ad328124,True,,,0,0,0,custom,./dataset/traffic/,traffic.csv,OT,h,2021,0,iTransformer,Traffic_pl96_mlp_slot_attention_ratio0.30_k258_ortho0_seed2021_slot_learned_linear_cycle0.01_cw0.2,Traffic_pl96_mlp_slot_attention_ratio0.30_k258_ortho0_seed2021_slot_learned_linear_cycle0.01_cw0.2_iTransformer_custom_M_ft96_sl48_ll96_pl512_dm8_nh4_el1_dl512_df1_fctimeF_ebTrue_dtvr_projection_0,96,48,4,512,512,16,0.001,10,3,0,True,./checkpoints/Traffic_pl96_mlp_slot_attention_ratio0.30_k258_ortho0_seed2021_slot_learned_linear_cycle0.01_cw0.2_iTransformer_custom_M_ft96_sl48_ll96_pl512_dm8_nh4_el1_dl512_df1_fctimeF_ebTrue_dtvr_projection_0,./results/Traffic_pl96_mlp_slot_attention_ratio0.30_k258_ortho0_seed2021_slot_learned_linear_cycle0.01_cw0.2_iTransformer_custom_M_ft96_sl48_ll96_pl512_dm8_nh4_el1_dl512_df1_fctimeF_ebTrue_dtvr_projection_0/,./results/Traffic_pl96_mlp_slot_attention_ratio0.30_k258_ortho0_seed2021_slot_learned_linear_cycle0.01_cw0.2_iTransformer_custom_M_ft96_sl48_ll96_pl512_dm8_nh4_el1_dl512_df1_fctimeF_ebTrue_dtvr_projection_0/weight_matrices,./results/Traffic_pl96_mlp_slot_attention_ratio0.30_k258_ortho0_seed2021_slot_learned_linear_cycle0.01_cw0.2_iTransformer_custom_M_ft96_sl48_ll96_pl512_dm8_nh4_el1_dl512_df1_fctimeF_ebTrue_dtvr_projection_0/slot_diagnostics,./results/attention_weight_heatmaps/Traffic_pl96_mlp_slot_attention_ratio0.30_k258_ortho0_seed2021_slot_learned_linear_cycle0.01_cw0.2_iTransformer_custom_M_ft96_sl48_ll96_pl512_dm8_nh4_el1_dl512_df1_fctimeF_ebTrue_dtvr_projection_0,0.0,0.35,0.3919391415692028,0.2678930599663593,3.5935626404077188,2.9840272176007274,0.299,False,False
Traffic,192,mlp_slot_attention,mlp_slot_attention,,,0,mlp_slot_attention,slot_learned_linear,assignment_transpose,feature,,mse,1.0,True,1,862,862,862,86,86,0.1,86.0,0.1,0.099767981438515,0.099767981438515,86,86,0.099767981438515,0.099767981438515,258,False,8,0.0,1.0,scalar,1.0,1.0,1.0,4,False,False,ratio,target,86,,866,90,4,0.1039260969976905,89.60739030023095,0.0108006336371733,98.91993663628266,test,False,0.7256309973875853,0.428151203380847,0.8518397721329906,4.789449427163744,505089.7025496713,0.0,0.0,0.0,0.0,0.0,0.0,0.0,True,0.01,0.2,0,1.0,row_l1,1e-08,True,1.8470225590411748,0.0184702251121421,0.0099999997764825,0.0,85.22649550437927,2996,0.0284467608492587,35.153387245003564,21.155691623687744,21.306623876094815,562.454195920057,209.08969855308533,6842026,555.40576171875,698.0,555.40576171875,1.0,0,softmax,1.5,0,0,,,,,,,,,,,,,0.9999932646751404,,,0.0117386495694518,427.8838195800781,700.166259765625,0.1358288824558258,11.0,0.0,0.0,0.0,0.0,none,persistence,1.0,0.0,none,1.0,0.0,success,2026-07-07 20:29:39,c2426e68ca13f74aaec08045c5c724d8ad328124,True,,,0,0,0,custom,./dataset/traffic/,traffic.csv,OT,h,2021,0,iTransformer,Traffic_pl192_mlp_slot_attention_ratio0.10_k86_ortho0_seed2021_slot_learned_linear_cycle0.01_cw0.2,Traffic_pl192_mlp_slot_attention_ratio0.10_k86_ortho0_seed2021_slot_learned_linear_cycle0.01_cw0.2_iTransformer_custom_M_ft96_sl48_ll192_pl512_dm8_nh4_el1_dl512_df1_fctimeF_ebTrue_dtvr_projection_0,96,48,4,512,512,16,0.001,10,3,0,True,./checkpoints/Traffic_pl192_mlp_slot_attention_ratio0.10_k86_ortho0_seed2021_slot_learned_linear_cycle0.01_cw0.2_iTransformer_custom_M_ft96_sl48_ll192_pl512_dm8_nh4_el1_dl512_df1_fctimeF_ebTrue_dtvr_projection_0,./results/Traffic_pl192_mlp_slot_attention_ratio0.10_k86_ortho0_seed2021_slot_learned_linear_cycle0.01_cw0.2_iTransformer_custom_M_ft96_sl48_ll192_pl512_dm8_nh4_el1_dl512_df1_fctimeF_ebTrue_dtvr_projection_0/,./results/Traffic_pl192_mlp_slot_attention_ratio0.10_k86_ortho0_seed2021_slot_learned_linear_cycle0.01_cw0.2_iTransformer_custom_M_ft96_sl48_ll192_pl512_dm8_nh4_el1_dl512_df1_fctimeF_ebTrue_dtvr_projection_0/weight_matrices,./results/Traffic_pl192_mlp_slot_attention_ratio0.10_k86_ortho0_seed2021_slot_learned_linear_cycle0.01_cw0.2_iTransformer_custom_M_ft96_sl48_ll192_pl512_dm8_nh4_el1_dl512_df1_fctimeF_ebTrue_dtvr_projection_0/slot_diagnostics,./results/attention_weight_heatmaps/Traffic_pl192_mlp_slot_attention_ratio0.10_k86_ortho0_seed2021_slot_learned_linear_cycle0.01_cw0.2_iTransformer_custom_M_ft96_sl48_ll192_pl512_dm8_nh4_el1_dl512_df1_fctimeF_ebTrue_dtvr_projection_0,0.0,0.35,0.4114040378899173,0.2764971711498309,1.7637916271053913,1.548483124078099,0.100,False,False
Traffic,192,mlp_slot_attention,mlp_slot_attention,,,0,mlp_slot_attention,slot_learned_linear,assignment_transpose,feature,,mse,1.0,True,1,862,862,862,172,172,0.2,172.0,0.2,0.1995359628770301,0.1995359628770301,172,172,0.1995359628770301,0.1995359628770301,258,False,8,0.0,1.0,scalar,1.0,1.0,1.0,4,False,False,ratio,target,172,,866,176,4,0.2032332563510392,79.67667436489607,0.0413037564870472,95.86962435129529,test,False,1.4118837532918271,0.8023945211956655,1.1882271471784456,3.20064597418646,84652.82715275658,0.0,0.0,0.0,0.0,0.0,0.0,0.0,True,0.01,0.2,0,1.0,row_l1,1e-08,True,1.616994986228535,0.016169949483191,0.0099999997764825,0.0,187.5249078273773,4494,0.0417278388578943,23.964816471937,31.33502435684204,31.254151304562885,383.437063550992,362.1524457931519,6960276,816.94482421875,1068.0,816.94482421875,1.0,0,softmax,1.5,0,0,,,,,,,,,,,,,0.9259815216064452,,,0.0052854125387966,3.52649450302124,718.8796997070312,0.2090756744146347,6.0,0.0,0.0,0.0,0.0,none,persistence,1.0,0.0,none,1.0,0.0,success,2026-07-07 20:35:49,c2426e68ca13f74aaec08045c5c724d8ad328124,True,,,0,0,0,custom,./dataset/traffic/,traffic.csv,OT,h,2021,0,iTransformer,Traffic_pl192_mlp_slot_attention_ratio0.20_k172_ortho0_seed2021_slot_learned_linear_cycle0.01_cw0.2,Traffic_pl192_mlp_slot_attention_ratio0.20_k172_ortho0_seed2021_slot_learned_linear_cycle0.01_cw0.2_iTransformer_custom_M_ft96_sl48_ll192_pl512_dm8_nh4_el1_dl512_df1_fctimeF_ebTrue_dtvr_projection_0,96,48,4,512,512,16,0.001,10,3,0,True,./checkpoints/Traffic_pl192_mlp_slot_attention_ratio0.20_k172_ortho0_seed2021_slot_learned_linear_cycle0.01_cw0.2_iTransformer_custom_M_ft96_sl48_ll192_pl512_dm8_nh4_el1_dl512_df1_fctimeF_ebTrue_dtvr_projection_0,./results/Traffic_pl192_mlp_slot_attention_ratio0.20_k172_ortho0_seed2021_slot_learned_linear_cycle0.01_cw0.2_iTransformer_custom_M_ft96_sl48_ll192_pl512_dm8_nh4_el1_dl512_df1_fctimeF_ebTrue_dtvr_projection_0/,./results/Traffic_pl192_mlp_slot_attention_ratio0.20_k172_ortho0_seed2021_slot_learned_linear_cycle0.01_cw0.2_iTransformer_custom_M_ft96_sl48_ll192_pl512_dm8_nh4_el1_dl512_df1_fctimeF_ebTrue_dtvr_projection_0/weight_matrices,./results/Traffic_pl192_mlp_slot_attention_ratio0.20_k172_ortho0_seed2021_slot_learned_linear_cycle0.01_cw0.2_iTransformer_custom_M_ft96_sl48_ll192_pl512_dm8_nh4_el1_dl512_df1_fctimeF_ebTrue_dtvr_projection_0/slot_diagnostics,./results/attention_weight_heatmaps/Traffic_pl192_mlp_slot_attention_ratio0.20_k172_ortho0_seed2021_slot_learned_linear_cycle0.01_cw0.2_iTransformer_custom_M_ft96_sl48_ll192_pl512_dm8_nh4_el1_dl512_df1_fctimeF_ebTrue_dtvr_projection_0,0.0,0.35,0.4114040378899173,0.2764971711498309,3.4318665430056288,2.90199902537468,0.200,False,False
Traffic,192,mlp_slot_attention,mlp_slot_attention,,,0,mlp_slot_attention,slot_learned_linear,assignment_transpose,feature,,mse,1.0,True,1,862,862,862,258,258,0.3,258.0,0.3,0.2993039443155452,0.2993039443155452,258,258,0.2993039443155452,0.2993039443155452,258,False,8,0.0,1.0,scalar,1.0,1.0,1.0,4,False,False,ratio,target,259,,866,262,4,0.302540415704388,69.7459584295612,0.0915307031345839,90.8469296865416,test,False,0.7063600633874265,0.4255915902839732,0.8404522969136479,5.045535500543211,735341.0149797192,0.0,0.0,0.0,0.0,0.0,0.0,0.0,True,0.01,0.2,0,1.0,row_l1,1e-08,True,1.6181524603643789,0.016181524233701,0.0099999997764825,0.0,178.90662050247192,2996,0.0597151603813324,16.7461661932103,45.75496816635132,44.72665512561798,267.9386590913648,307.9862062931061,7078526,1138.0234375,1406.0,1138.0234375,1.0,0,softmax,1.5,0,0,,,,,,,,,,,,,0.9999919533729552,,,0.0049833892844617,427.7947998046875,704.0474853515625,0.107901245355606,4.0,0.0,0.0,0.0,0.0,none,persistence,1.0,0.0,none,1.0,0.0,success,2026-07-07 20:41:06,c2426e68ca13f74aaec08045c5c724d8ad328124,True,,,0,0,0,custom,./dataset/traffic/,traffic.csv,OT,h,2021,0,iTransformer,Traffic_pl192_mlp_slot_attention_ratio0.30_k258_ortho0_seed2021_slot_learned_linear_cycle0.01_cw0.2,Traffic_pl192_mlp_slot_attention_ratio0.30_k258_ortho0_seed2021_slot_learned_linear_cycle0.01_cw0.2_iTransformer_custom_M_ft96_sl48_ll192_pl512_dm8_nh4_el1_dl512_df1_fctimeF_ebTrue_dtvr_projection_0,96,48,4,512,512,16,0.001,10,3,0,True,./checkpoints/Traffic_pl192_mlp_slot_attention_ratio0.30_k258_ortho0_seed2021_slot_learned_linear_cycle0.01_cw0.2_iTransformer_custom_M_ft96_sl48_ll192_pl512_dm8_nh4_el1_dl512_df1_fctimeF_ebTrue_dtvr_projection_0,./results/Traffic_pl192_mlp_slot_attention_ratio0.30_k258_ortho0_seed2021_slot_learned_linear_cycle0.01_cw0.2_iTransformer_custom_M_ft96_sl48_ll192_pl512_dm8_nh4_el1_dl512_df1_fctimeF_ebTrue_dtvr_projection_0/,./results/Traffic_pl192_mlp_slot_attention_ratio0.30_k258_ortho0_seed2021_slot_learned_linear_cycle0.01_cw0.2_iTransformer_custom_M_ft96_sl48_ll192_pl512_dm8_nh4_el1_dl512_df1_fctimeF_ebTrue_dtvr_projection_0/weight_matrices,./results/Traffic_pl192_mlp_slot_attention_ratio0.30_k258_ortho0_seed2021_slot_learned_linear_cycle0.01_cw0.2_iTransformer_custom_M_ft96_sl48_ll192_pl512_dm8_nh4_el1_dl512_df1_fctimeF_ebTrue_dtvr_projection_0/slot_diagnostics,./results/attention_weight_heatmaps/Traffic_pl192_mlp_slot_attention_ratio0.30_k258_ortho0_seed2021_slot_learned_linear_cycle0.01_cw0.2_iTransformer_custom_M_ft96_sl48_ll192_pl512_dm8_nh4_el1_dl512_df1_fctimeF_ebTrue_dtvr_projection_0,0.0,0.35,0.4114040378899173,0.2764971711498309,1.7169497582238922,1.5392258391437559,0.299,False,False
Traffic,336,mlp_slot_attention,mlp_slot_attention,,,0,mlp_slot_attention,slot_learned_linear,assignment_transpose,feature,,mse,1.0,True,1,862,862,862,86,86,0.1,86.0,0.1,0.099767981438515,0.099767981438515,86,86,0.099767981438515,0.099767981438515,258,False,8,0.0,1.0,scalar,1.0,1.0,1.0,4,False,False,ratio,target,86,,866,90,4,0.1039260969976905,89.60739030023095,0.0108006336371733,98.91993663628266,test,False,1.208877317846298,0.6792189308588499,1.099489571504113,5.424886345341772,683086.4344320185,0.0,0.0,0.0,0.0,0.0,0.0,0.0,True,0.01,0.2,0,1.0,row_l1,1e-08,True,1.8461503571755176,0.0184615031614698,0.0099999997764825,0.0,94.39031863212584,2960,0.0318886211595019,31.35914829926806,23.279808521270752,23.597579658031464,501.746372788289,223.44040369987488,6915898,607.8837890625,754.0,607.8837890625,1.0,0,softmax,1.5,0,0,,,,,,,,,,,,,0.9999892711639404,,,0.0060908086597919,171.26844787597656,700.866943359375,0.1127471700310707,11.0,0.0,0.0,0.0,0.0,none,persistence,1.0,0.0,none,1.0,0.0,success,2026-07-07 20:44:58,c2426e68ca13f74aaec08045c5c724d8ad328124,True,,,0,0,0,custom,./dataset/traffic/,traffic.csv,OT,h,2021,0,iTransformer,Traffic_pl336_mlp_slot_attention_ratio0.10_k86_ortho0_seed2021_slot_learned_linear_cycle0.01_cw0.2,Traffic_pl336_mlp_slot_attention_ratio0.10_k86_ortho0_seed2021_slot_learned_linear_cycle0.01_cw0.2_iTransformer_custom_M_ft96_sl48_ll336_pl512_dm8_nh4_el1_dl512_df1_fctimeF_ebTrue_dtvr_projection_0,96,48,4,512,512,16,0.001,10,3,0,True,./checkpoints/Traffic_pl336_mlp_slot_attention_ratio0.10_k86_ortho0_seed2021_slot_learned_linear_cycle0.01_cw0.2_iTransformer_custom_M_ft96_sl48_ll336_pl512_dm8_nh4_el1_dl512_df1_fctimeF_ebTrue_dtvr_projection_0,./results/Traffic_pl336_mlp_slot_attention_ratio0.10_k86_ortho0_seed2021_slot_learned_linear_cycle0.01_cw0.2_iTransformer_custom_M_ft96_sl48_ll336_pl512_dm8_nh4_el1_dl512_df1_fctimeF_ebTrue_dtvr_projection_0/,./results/Traffic_pl336_mlp_slot_attention_ratio0.10_k86_ortho0_seed2021_slot_learned_linear_cycle0.01_cw0.2_iTransformer_custom_M_ft96_sl48_ll336_pl512_dm8_nh4_el1_dl512_df1_fctimeF_ebTrue_dtvr_projection_0/weight_matrices,./results/Traffic_pl336_mlp_slot_attention_ratio0.10_k86_ortho0_seed2021_slot_learned_linear_cycle0.01_cw0.2_iTransformer_custom_M_ft96_sl48_ll336_pl512_dm8_nh4_el1_dl512_df1_fctimeF_ebTrue_dtvr_projection_0/slot_diagnostics,./results/attention_weight_heatmaps/Traffic_pl336_mlp_slot_attention_ratio0.10_k86_ortho0_seed2021_slot_learned_linear_cycle0.01_cw0.2_iTransformer_custom_M_ft96_sl48_ll336_pl512_dm8_nh4_el1_dl512_df1_fctimeF_ebTrue_dtvr_projection_0,0.0,0.35,0.4222271319784993,0.2820451640756566,2.86309719648205,2.408192081877547,0.100,False,False
Traffic,336,mlp_slot_attention,mlp_slot_attention,,,0,mlp_slot_attention,slot_learned_linear,assignment_transpose,feature,,mse,1.0,True,1,862,862,862,172,172,0.2,172.0,0.2,0.1995359628770301,0.1995359628770301,172,172,0.1995359628770301,0.1995359628770301,258,False,8,0.0,1.0,scalar,1.0,1.0,1.0,4,False,False,ratio,target,172,,866,176,4,0.2032332563510392,79.67667436489607,0.0413037564870472,95.86962435129529,test,False,1.4276972422101044,0.8056554314756901,1.1948628549796434,3.239623292835709,98752.1049837842,0.0,0.0,0.0,0.0,0.0,0.0,0.0,True,0.01,0.2,0,1.0,row_l1,1e-08,True,1.4286855887722325,0.0142868555503318,0.0099999997764825,0.0,335.1388988494873,7400,0.0452890403850658,22.080397188758983,33.807528257369995,33.51388988494873,353.2863550201437,619.5939197540283,7034148,868.822265625,1058.0,868.822265625,1.0,0,softmax,1.5,0,0,,,,,,,,,,,,,0.9999555945396424,,,0.0117336148396134,20.673015594482425,756.301513671875,0.108640469610691,6.0,0.0,0.0,0.0,0.0,none,persistence,1.0,0.0,none,1.0,0.0,success,2026-07-07 20:55:25,c2426e68ca13f74aaec08045c5c724d8ad328124,True,,,0,0,0,custom,./dataset/traffic/,traffic.csv,OT,h,2021,0,iTransformer,Traffic_pl336_mlp_slot_attention_ratio0.20_k172_ortho0_seed2021_slot_learned_linear_cycle0.01_cw0.2,Traffic_pl336_mlp_slot_attention_ratio0.20_k172_ortho0_seed2021_slot_learned_linear_cycle0.01_cw0.2_iTransformer_custom_M_ft96_sl48_ll336_pl512_dm8_nh4_el1_dl512_df1_fctimeF_ebTrue_dtvr_projection_0,96,48,4,512,512,16,0.001,10,3,0,True,./checkpoints/Traffic_pl336_mlp_slot_attention_ratio0.20_k172_ortho0_seed2021_slot_learned_linear_cycle0.01_cw0.2_iTransformer_custom_M_ft96_sl48_ll336_pl512_dm8_nh4_el1_dl512_df1_fctimeF_ebTrue_dtvr_projection_0,./results/Traffic_pl336_mlp_slot_attention_ratio0.20_k172_ortho0_seed2021_slot_learned_linear_cycle0.01_cw0.2_iTransformer_custom_M_ft96_sl48_ll336_pl512_dm8_nh4_el1_dl512_df1_fctimeF_ebTrue_dtvr_projection_0/,./results/Traffic_pl336_mlp_slot_attention_ratio0.20_k172_ortho0_seed2021_slot_learned_linear_cycle0.01_cw0.2_iTransformer_custom_M_ft96_sl48_ll336_pl512_dm8_nh4_el1_dl512_df1_fctimeF_ebTrue_dtvr_projection_0/weight_matrices,./results/Traffic_pl336_mlp_slot_attention_ratio0.20_k172_ortho0_seed2021_slot_learned_linear_cycle0.01_cw0.2_iTransformer_custom_M_ft96_sl48_ll336_pl512_dm8_nh4_el1_dl512_df1_fctimeF_ebTrue_dtvr_projection_0/slot_diagnostics,./results/attention_weight_heatmaps/Traffic_pl336_mlp_slot_attention_ratio0.20_k172_ortho0_seed2021_slot_learned_linear_cycle0.01_cw0.2_iTransformer_custom_M_ft96_sl48_ll336_pl512_dm8_nh4_el1_dl512_df1_fctimeF_ebTrue_dtvr_projection_0,0.0,0.35,0.4222271319784993,0.2820451640756566,3.3813488856580767,2.856476671443935,0.200,False,False
Traffic,336,mlp_slot_attention,mlp_slot_attention,,,0,mlp_slot_attention,slot_learned_linear,assignment_transpose,feature,,mse,1.0,True,1,862,862,862,258,258,0.3,258.0,0.3,0.2993039443155452,0.2993039443155452,258,258,0.2993039443155452,0.2993039443155452,258,False,8,0.0,1.0,scalar,1.0,1.0,1.0,4,False,False,ratio,target,259,,866,262,4,0.302540415704388,69.7459584295612,0.0915307031345839,90.8469296865416,test,False,0.7463639002296234,0.4207789057270832,0.8639235499913308,4.678759682797993,609925.9019597722,0.0,0.0,0.0,0.0,0.0,0.0,0.0,True,0.01,0.2,0,1.0,row_l1,1e-08,True,1.6506958450819995,0.0165069580707397,0.0099999997764825,0.0,184.7588784694672,2960,0.0624185400234686,16.02088096940447,46.74613165855408,46.18971961736679,256.3340955104716,319.13700771331787,7152398,1191.79443359375,1442.0,1191.79443359375,1.0,0,softmax,1.5,0,0,,,,,,,,,,,,,0.9999919533729552,,,0.0062753786332905,273.9194030761719,703.1074829101562,0.1395424306392669,4.0,0.0,0.0,0.0,0.0,none,persistence,1.0,0.0,none,1.0,0.0,success,2026-07-07 21:00:58,c2426e68ca13f74aaec08045c5c724d8ad328124,True,,,0,0,0,custom,./dataset/traffic/,traffic.csv,OT,h,2021,0,iTransformer,Traffic_pl336_mlp_slot_attention_ratio0.30_k258_ortho0_seed2021_slot_learned_linear_cycle0.01_cw0.2,Traffic_pl336_mlp_slot_attention_ratio0.30_k258_ortho0_seed2021_slot_learned_linear_cycle0.01_cw0.2_iTransformer_custom_M_ft96_sl48_ll336_pl512_dm8_nh4_el1_dl512_df1_fctimeF_ebTrue_dtvr_projection_0,96,48,4,512,512,16,0.001,10,3,0,True,./checkpoints/Traffic_pl336_mlp_slot_attention_ratio0.30_k258_ortho0_seed2021_slot_learned_linear_cycle0.01_cw0.2_iTransformer_custom_M_ft96_sl48_ll336_pl512_dm8_nh4_el1_dl512_df1_fctimeF_ebTrue_dtvr_projection_0,./results/Traffic_pl336_mlp_slot_attention_ratio0.30_k258_ortho0_seed2021_slot_learned_linear_cycle0.01_cw0.2_iTransformer_custom_M_ft96_sl48_ll336_pl512_dm8_nh4_el1_dl512_df1_fctimeF_ebTrue_dtvr_projection_0/,./results/Traffic_pl336_mlp_slot_attention_ratio0.30_k258_ortho0_seed2021_slot_learned_linear_cycle0.01_cw0.2_iTransformer_custom_M_ft96_sl48_ll336_pl512_dm8_nh4_el1_dl512_df1_fctimeF_ebTrue_dtvr_projection_0/weight_matrices,./results/Traffic_pl336_mlp_slot_attention_ratio0.30_k258_ortho0_seed2021_slot_learned_linear_cycle0.01_cw0.2_iTransformer_custom_M_ft96_sl48_ll336_pl512_dm8_nh4_el1_dl512_df1_fctimeF_ebTrue_dtvr_projection_0/slot_diagnostics,./results/attention_weight_heatmaps/Traffic_pl336_mlp_slot_attention_ratio0.30_k258_ortho0_seed2021_slot_learned_linear_cycle0.01_cw0.2_iTransformer_custom_M_ft96_sl48_ll336_pl512_dm8_nh4_el1_dl512_df1_fctimeF_ebTrue_dtvr_projection_0,0.0,0.35,0.4222271319784993,0.2820451640756566,1.7676834189509874,1.491884844422336,0.299,False,False
Traffic,720,mlp_slot_attention,mlp_slot_attention,,,0,mlp_slot_attention,slot_learned_linear,assignment_transpose,feature,,mse,1.0,True,1,862,862,862,86,86,0.1,86.0,0.1,0.099767981438515,0.099767981438515,86,86,0.099767981438515,0.099767981438515,258,False,8,0.0,1.0,scalar,1.0,1.0,1.0,4,False,False,ratio,target,86,,866,90,4,0.1039260969976905,89.60739030023095,0.0108006336371733,98.91993663628266,test,False,1.3376899337074517,0.714372121108282,1.1565854632094643,6.047941085157094,827168.9388265576,0.0,0.0,0.0,0.0,0.0,0.0,0.0,True,0.01,0.2,0,1.0,row_l1,1e-08,True,1.8730108356675623,0.0187301078795679,0.0099999997764825,0.0,244.15299797058103,5728,0.0426244759026852,23.46069901910518,30.229417085647583,30.519124746322632,375.3711843056829,482.2793521881104,7112890,753.17578125,1034.0,753.17578125,1.0,0,softmax,1.5,0,0,,,,,,,,,,,,,0.5714735984802246,,,0.0066998889669775,1.957872986793518,682.7781372070312,0.0906354933977127,11.0,0.0,0.0,0.0,0.0,none,persistence,1.0,0.0,none,1.0,0.0,success,2026-07-07 21:09:08,c2426e68ca13f74aaec08045c5c724d8ad328124,True,,,0,0,0,custom,./dataset/traffic/,traffic.csv,OT,h,2021,0,iTransformer,Traffic_pl720_mlp_slot_attention_ratio0.10_k86_ortho0_seed2021_slot_learned_linear_cycle0.01_cw0.2,Traffic_pl720_mlp_slot_attention_ratio0.10_k86_ortho0_seed2021_slot_learned_linear_cycle0.01_cw0.2_iTransformer_custom_M_ft96_sl48_ll720_pl512_dm8_nh4_el1_dl512_df1_fctimeF_ebTrue_dtvr_projection_0,96,48,4,512,512,16,0.001,10,3,0,True,./checkpoints/Traffic_pl720_mlp_slot_attention_ratio0.10_k86_ortho0_seed2021_slot_learned_linear_cycle0.01_cw0.2_iTransformer_custom_M_ft96_sl48_ll720_pl512_dm8_nh4_el1_dl512_df1_fctimeF_ebTrue_dtvr_projection_0,./results/Traffic_pl720_mlp_slot_attention_ratio0.10_k86_ortho0_seed2021_slot_learned_linear_cycle0.01_cw0.2_iTransformer_custom_M_ft96_sl48_ll720_pl512_dm8_nh4_el1_dl512_df1_fctimeF_ebTrue_dtvr_projection_0/,./results/Traffic_pl720_mlp_slot_attention_ratio0.10_k86_ortho0_seed2021_slot_learned_linear_cycle0.01_cw0.2_iTransformer_custom_M_ft96_sl48_ll720_pl512_dm8_nh4_el1_dl512_df1_fctimeF_ebTrue_dtvr_projection_0/weight_matrices,./results/Traffic_pl720_mlp_slot_attention_ratio0.10_k86_ortho0_seed2021_slot_learned_linear_cycle0.01_cw0.2_iTransformer_custom_M_ft96_sl48_ll720_pl512_dm8_nh4_el1_dl512_df1_fctimeF_ebTrue_dtvr_projection_0/slot_diagnostics,./results/attention_weight_heatmaps/Traffic_pl720_mlp_slot_attention_ratio0.10_k86_ortho0_seed2021_slot_learned_linear_cycle0.01_cw0.2_iTransformer_custom_M_ft96_sl48_ll720_pl512_dm8_nh4_el1_dl512_df1_fctimeF_ebTrue_dtvr_projection_0,0.0,0.35,0.4583610683689545,0.3002002914816083,2.9184196172408945,2.37965165717385,0.100,False,False
Traffic,720,mlp_slot_attention,mlp_slot_attention,,,0,mlp_slot_attention,slot_learned_linear,assignment_transpose,feature,,mse,1.0,True,1,862,862,862,172,172,0.2,172.0,0.2,0.1995359628770301,0.1995359628770301,172,172,0.1995359628770301,0.1995359628770301,258,False,8,0.0,1.0,scalar,1.0,1.0,1.0,4,False,False,ratio,target,172,,866,176,4,0.2032332563510392,79.67667436489607,0.0413037564870472,95.86962435129529,test,False,0.7594268307798031,0.4419026308838147,0.8714509916110046,4.74867764587312,468159.7492692092,0.0,0.0,0.0,0.0,0.0,0.0,0.0,True,0.01,0.2,0,1.0,row_l1,1e-08,True,1.7291502672866736,0.0172915022726581,0.0099999997764825,0.0,154.02692699432373,2864,0.0537803516041633,18.59415139864178,38.63851833343506,38.50673174858093,297.5064223782685,291.7718346118927,7231140,1013.30322265625,1300.0,1013.30322265625,1.0,0,softmax,1.5,0,0,,,,,,,,,,,,,0.9999879002571106,,,0.0021141648758202,322.7688293457031,701.7608642578125,0.0945419147610664,6.0,0.0,0.0,0.0,0.0,none,persistence,1.0,0.0,none,1.0,0.0,success,2026-07-07 21:14:08,c2426e68ca13f74aaec08045c5c724d8ad328124,True,,,0,0,0,custom,./dataset/traffic/,traffic.csv,OT,h,2021,0,iTransformer,Traffic_pl720_mlp_slot_attention_ratio0.20_k172_ortho0_seed2021_slot_learned_linear_cycle0.01_cw0.2,Traffic_pl720_mlp_slot_attention_ratio0.20_k172_ortho0_seed2021_slot_learned_linear_cycle0.01_cw0.2_iTransformer_custom_M_ft96_sl48_ll720_pl512_dm8_nh4_el1_dl512_df1_fctimeF_ebTrue_dtvr_projection_0,96,48,4,512,512,16,0.001,10,3,0,True,./checkpoints/Traffic_pl720_mlp_slot_attention_ratio0.20_k172_ortho0_seed2021_slot_learned_linear_cycle0.01_cw0.2_iTransformer_custom_M_ft96_sl48_ll720_pl512_dm8_nh4_el1_dl512_df1_fctimeF_ebTrue_dtvr_projection_0,./results/Traffic_pl720_mlp_slot_attention_ratio0.20_k172_ortho0_seed2021_slot_learned_linear_cycle0.01_cw0.2_iTransformer_custom_M_ft96_sl48_ll720_pl512_dm8_nh4_el1_dl512_df1_fctimeF_ebTrue_dtvr_projection_0/,./results/Traffic_pl720_mlp_slot_attention_ratio0.20_k172_ortho0_seed2021_slot_learned_linear_cycle0.01_cw0.2_iTransformer_custom_M_ft96_sl48_ll720_pl512_dm8_nh4_el1_dl512_df1_fctimeF_ebTrue_dtvr_projection_0/weight_matrices,./results/Traffic_pl720_mlp_slot_attention_ratio0.20_k172_ortho0_seed2021_slot_learned_linear_cycle0.01_cw0.2_iTransformer_custom_M_ft96_sl48_ll720_pl512_dm8_nh4_el1_dl512_df1_fctimeF_ebTrue_dtvr_projection_0/slot_diagnostics,./results/attention_weight_heatmaps/Traffic_pl720_mlp_slot_attention_ratio0.20_k172_ortho0_seed2021_slot_learned_linear_cycle0.01_cw0.2_iTransformer_custom_M_ft96_sl48_ll720_pl512_dm8_nh4_el1_dl512_df1_fctimeF_ebTrue_dtvr_projection_0,0.0,0.35,0.4583610683689545,0.3002002914816083,1.6568310076642632,1.4720259887252234,0.200,False,False
Traffic,720,mlp_slot_attention,mlp_slot_attention,,,0,mlp_slot_attention,slot_learned_linear,assignment_transpose,feature,,mse,1.0,True,1,862,862,862,258,258,0.3,258.0,0.3,0.2993039443155452,0.2993039443155452,258,258,0.2993039443155452,0.2993039443155452,258,False,8,0.0,1.0,scalar,1.0,1.0,1.0,4,False,False,ratio,target,259,,866,262,4,0.302540415704388,69.7459584295612,0.0915307031345839,90.8469296865416,test,False,1.316203612334364,0.6972108152773476,1.1472591740031386,7.130262000395974,1126915.6559223016,0.0,0.0,0.0,0.0,0.0,0.0,0.0,True,0.01,0.2,0,1.0,row_l1,1e-08,True,1.6628180465884714,0.0166281800659883,0.0099999997764825,0.0,511.7364377975464,7160,0.0714715695247969,13.991577443294442,51.83555221557617,51.17364377975464,223.8652390927111,813.6664304733276,7349390,1337.02197265625,1670.0,1337.02197265625,1.0,0,softmax,1.5,0,0,,,,,,,,,,,,,0.777174711227417,,,0.0116279078647494,2.3100273609161377,719.5526733398438,0.0951874628663063,4.0,0.0,0.0,0.0,0.0,none,persistence,1.0,0.0,none,1.0,0.0,success,2026-07-07 21:27:49,c2426e68ca13f74aaec08045c5c724d8ad328124,True,,,0,0,0,custom,./dataset/traffic/,traffic.csv,OT,h,2021,0,iTransformer,Traffic_pl720_mlp_slot_attention_ratio0.30_k258_ortho0_seed2021_slot_learned_linear_cycle0.01_cw0.2,Traffic_pl720_mlp_slot_attention_ratio0.30_k258_ortho0_seed2021_slot_learned_linear_cycle0.01_cw0.2_iTransformer_custom_M_ft96_sl48_ll720_pl512_dm8_nh4_el1_dl512_df1_fctimeF_ebTrue_dtvr_projection_0,96,48,4,512,512,16,0.001,10,3,0,True,./checkpoints/Traffic_pl720_mlp_slot_attention_ratio0.30_k258_ortho0_seed2021_slot_learned_linear_cycle0.01_cw0.2_iTransformer_custom_M_ft96_sl48_ll720_pl512_dm8_nh4_el1_dl512_df1_fctimeF_ebTrue_dtvr_projection_0,./results/Traffic_pl720_mlp_slot_attention_ratio0.30_k258_ortho0_seed2021_slot_learned_linear_cycle0.01_cw0.2_iTransformer_custom_M_ft96_sl48_ll720_pl512_dm8_nh4_el1_dl512_df1_fctimeF_ebTrue_dtvr_projection_0/,./results/Traffic_pl720_mlp_slot_attention_ratio0.30_k258_ortho0_seed2021_slot_learned_linear_cycle0.01_cw0.2_iTransformer_custom_M_ft96_sl48_ll720_pl512_dm8_nh4_el1_dl512_df1_fctimeF_ebTrue_dtvr_projection_0/weight_matrices,./results/Traffic_pl720_mlp_slot_attention_ratio0.30_k258_ortho0_seed2021_slot_learned_linear_cycle0.01_cw0.2_iTransformer_custom_M_ft96_sl48_ll720_pl512_dm8_nh4_el1_dl512_df1_fctimeF_ebTrue_dtvr_projection_0/slot_diagnostics,./results/attention_weight_heatmaps/Traffic_pl720_mlp_slot_attention_ratio0.30_k258_ortho0_seed2021_slot_learned_linear_cycle0.01_cw0.2_iTransformer_custom_M_ft96_sl48_ll720_pl512_dm8_nh4_el1_dl512_df1_fctimeF_ebTrue_dtvr_projection_0,0.0,0.35,0.4583610683689545,0.3002002914816083,2.8715432072317606,2.322485470737999,0.299,False,False
Solar,96,mlp_slot_attention,mlp_slot_attention,,,0,mlp_slot_attention,slot_learned_linear,assignment_transpose,feature,,mse,1.0,True,1,137,137,137,14,14,0.1,14.0,0.1,0.1021897810218978,0.1021897810218978,14,14,0.1021897810218978,0.1021897810218978,41,False,8,0.0,1.0,scalar,1.0,1.0,1.0,4,False,False,ratio,target,14,,137,14,0,0.1021897810218978,89.78102189781022,0.0104427513453034,98.95572486546963,test,False,0.2250763887700261,0.2533164220136643,0.4744221630257446,1.9648606984802743,30288.41000730819,0.0,0.0,0.0,0.0,0.0,0.0,0.0,True,0.01,0.2,0,1.0,row_l1,1e-08,True,0.740503111014946,0.0074050309403766,0.0099999997764825,0.0,151.49841284751892,11430,0.0132544543173682,75.44633494942379,14.963935375213625,15.149841284751892,2414.282718381561,600.876984834671,3527660,151.4765625,222.0,151.4765625,1.0,0,softmax,1.5,0,0,,,,,,,,,,,,,0.9999999403953552,,,0.0472750514745712,29.395919799804688,112.35325622558594,0.9274725914001464,10.0,0.0,0.0,0.0,0.0,none,persistence,1.0,0.0,none,1.0,0.0,success,2026-07-07 21:37:59,c2426e68ca13f74aaec08045c5c724d8ad328124,True,,,0,0,0,Solar,./dataset/Solar/,solar_AL.txt,none,t,2021,0,iTransformer,Solar_pl96_mlp_slot_attention_ratio0.10_k14_ortho0_seed2021_slot_learned_linear_cycle0.01_cw0.2,Solar_pl96_mlp_slot_attention_ratio0.10_k14_ortho0_seed2021_slot_learned_linear_cycle0.01_cw0.2_iTransformer_Solar_M_ft96_sl48_ll96_pl512_dm8_nh2_el1_dl512_df1_fctimeF_ebTrue_dtvr_projection_0,96,48,2,512,512,32,0.0005,10,3,0,True,./checkpoints/Solar_pl96_mlp_slot_attention_ratio0.10_k14_ortho0_seed2021_slot_learned_linear_cycle0.01_cw0.2_iTransformer_Solar_M_ft96_sl48_ll96_pl512_dm8_nh2_el1_dl512_df1_fctimeF_ebTrue_dtvr_projection_0,./results/Solar_pl96_mlp_slot_attention_ratio0.10_k14_ortho0_seed2021_slot_learned_linear_cycle0.01_cw0.2_iTransformer_Solar_M_ft96_sl48_ll96_pl512_dm8_nh2_el1_dl512_df1_fctimeF_ebTrue_dtvr_projection_0/,./results/Solar_pl96_mlp_slot_attention_ratio0.10_k14_ortho0_seed2021_slot_learned_linear_cycle0.01_cw0.2_iTransformer_Solar_M_ft96_sl48_ll96_pl512_dm8_nh2_el1_dl512_df1_fctimeF_ebTrue_dtvr_projection_0/weight_matrices,./results/Solar_pl96_mlp_slot_attention_ratio0.10_k14_ortho0_seed2021_slot_learned_linear_cycle0.01_cw0.2_iTransformer_Solar_M_ft96_sl48_ll96_pl512_dm8_nh2_el1_dl512_df1_fctimeF_ebTrue_dtvr_projection_0/slot_diagnostics,./results/attention_weight_heatmaps/Solar_pl96_mlp_slot_attention_ratio0.10_k14_ortho0_seed2021_slot_learned_linear_cycle0.01_cw0.2_iTransformer_Solar_M_ft96_sl48_ll96_pl512_dm8_nh2_el1_dl512_df1_fctimeF_ebTrue_dtvr_projection_0,0.0,0.35,0.2023534970015841,0.2365948921205442,1.112293052035884,1.0706757856995515,0.102,False,False
Solar,96,mlp_slot_attention,mlp_slot_attention,,,0,mlp_slot_attention,slot_learned_linear,assignment_transpose,feature,,mse,1.0,True,1,137,137,137,27,27,0.2,27.0,0.2,0.1970802919708029,0.1970802919708029,27,27,0.1970802919708029,0.1970802919708029,41,False,8,0.0,1.0,scalar,1.0,1.0,1.0,4,False,False,ratio,target,27,,137,27,0,0.1970802919708029,80.2919708029197,0.0388406414832969,96.11593585167032,test,False,0.2189780253100272,0.2465998074040425,0.4679508791636439,1.9393096546891808,32451.937727938704,0.0,0.0,0.0,0.0,0.0,0.0,0.0,True,0.01,0.2,0,1.0,row_l1,1e-08,True,0.7022143758292377,0.0070221435925609,0.0099999997764825,0.0,149.19858241081238,11430,0.0130532443054079,76.60930697402974,15.1125648021698,14.919858241081238,2451.497823168952,591.9163243770599,3536110,175.4501953125,246.0,175.4501953125,1.0,0,softmax,1.5,0,0,,,,,,,,,,,,,0.9999999403953552,,,0.0417508445680141,28.7319450378418,114.3505859375,0.8418803215026855,6.0,0.0,0.0,0.0,0.0,none,persistence,1.0,0.0,none,1.0,0.0,success,2026-07-07 21:47:58,c2426e68ca13f74aaec08045c5c724d8ad328124,True,,,0,0,0,Solar,./dataset/Solar/,solar_AL.txt,none,t,2021,0,iTransformer,Solar_pl96_mlp_slot_attention_ratio0.20_k27_ortho0_seed2021_slot_learned_linear_cycle0.01_cw0.2,Solar_pl96_mlp_slot_attention_ratio0.20_k27_ortho0_seed2021_slot_learned_linear_cycle0.01_cw0.2_iTransformer_Solar_M_ft96_sl48_ll96_pl512_dm8_nh2_el1_dl512_df1_fctimeF_ebTrue_dtvr_projection_0,96,48,2,512,512,32,0.0005,10,3,0,True,./checkpoints/Solar_pl96_mlp_slot_attention_ratio0.20_k27_ortho0_seed2021_slot_learned_linear_cycle0.01_cw0.2_iTransformer_Solar_M_ft96_sl48_ll96_pl512_dm8_nh2_el1_dl512_df1_fctimeF_ebTrue_dtvr_projection_0,./results/Solar_pl96_mlp_slot_attention_ratio0.20_k27_ortho0_seed2021_slot_learned_linear_cycle0.01_cw0.2_iTransformer_Solar_M_ft96_sl48_ll96_pl512_dm8_nh2_el1_dl512_df1_fctimeF_ebTrue_dtvr_projection_0/,./results/Solar_pl96_mlp_slot_attention_ratio0.20_k27_ortho0_seed2021_slot_learned_linear_cycle0.01_cw0.2_iTransformer_Solar_M_ft96_sl48_ll96_pl512_dm8_nh2_el1_dl512_df1_fctimeF_ebTrue_dtvr_projection_0/weight_matrices,./results/Solar_pl96_mlp_slot_attention_ratio0.20_k27_ortho0_seed2021_slot_learned_linear_cycle0.01_cw0.2_iTransformer_Solar_M_ft96_sl48_ll96_pl512_dm8_nh2_el1_dl512_df1_fctimeF_ebTrue_dtvr_projection_0/slot_diagnostics,./results/attention_weight_heatmaps/Solar_pl96_mlp_slot_attention_ratio0.20_k27_ortho0_seed2021_slot_learned_linear_cycle0.01_cw0.2_iTransformer_Solar_M_ft96_sl48_ll96_pl512_dm8_nh2_el1_dl512_df1_fctimeF_ebTrue_dtvr_projection_0,0.0,0.35,0.2023534970015841,0.2365948921205442,1.0821558735321137,1.0422871144589243,0.197,False,False
Solar,96,mlp_slot_attention,mlp_slot_attention,,,0,mlp_slot_attention,slot_learned_linear,assignment_transpose,feature,,mse,1.0,True,1,137,137,137,41,41,0.3,41.0,0.3,0.2992700729927007,0.2992700729927007,41,41,0.2992700729927007,0.2992700729927007,41,False,8,0.0,1.0,scalar,1.0,1.0,1.0,4,False,False,ratio,target,41,,137,41,0,0.2992700729927007,70.07299270072993,0.0895625765890564,91.04374234109436,test,False,0.2219218077048773,0.248734251156689,0.4710857753157882,2.006680600294839,35433.75429148743,0.0,0.0,0.0,0.0,0.0,0.0,0.0,True,0.01,0.2,0,1.0,row_l1,1e-08,True,0.7250920937755915,0.0072509207708185,0.0099999997764825,0.0,137.53300881385803,10287,0.0133695935465984,74.79658947855044,15.059569835662842,15.281445423762005,2393.490863313614,553.228609085083,3545210,204.16845703125,266.0,204.16845703125,1.0,0,softmax,1.5,0,0,,,,,,,,,,,,,0.9999999403953552,,,0.0209059230983257,30.411510467529297,114.8786392211914,0.7859756350517273,4.0,0.0,0.0,0.0,0.0,none,persistence,1.0,0.0,none,1.0,0.0,success,2026-07-07 21:57:18,c2426e68ca13f74aaec08045c5c724d8ad328124,True,,,0,0,0,Solar,./dataset/Solar/,solar_AL.txt,none,t,2021,0,iTransformer,Solar_pl96_mlp_slot_attention_ratio0.30_k41_ortho0_seed2021_slot_learned_linear_cycle0.01_cw0.2,Solar_pl96_mlp_slot_attention_ratio0.30_k41_ortho0_seed2021_slot_learned_linear_cycle0.01_cw0.2_iTransformer_Solar_M_ft96_sl48_ll96_pl512_dm8_nh2_el1_dl512_df1_fctimeF_ebTrue_dtvr_projection_0,96,48,2,512,512,32,0.0005,10,3,0,True,./checkpoints/Solar_pl96_mlp_slot_attention_ratio0.30_k41_ortho0_seed2021_slot_learned_linear_cycle0.01_cw0.2_iTransformer_Solar_M_ft96_sl48_ll96_pl512_dm8_nh2_el1_dl512_df1_fctimeF_ebTrue_dtvr_projection_0,./results/Solar_pl96_mlp_slot_attention_ratio0.30_k41_ortho0_seed2021_slot_learned_linear_cycle0.01_cw0.2_iTransformer_Solar_M_ft96_sl48_ll96_pl512_dm8_nh2_el1_dl512_df1_fctimeF_ebTrue_dtvr_projection_0/,./results/Solar_pl96_mlp_slot_attention_ratio0.30_k41_ortho0_seed2021_slot_learned_linear_cycle0.01_cw0.2_iTransformer_Solar_M_ft96_sl48_ll96_pl512_dm8_nh2_el1_dl512_df1_fctimeF_ebTrue_dtvr_projection_0/weight_matrices,./results/Solar_pl96_mlp_slot_attention_ratio0.30_k41_ortho0_seed2021_slot_learned_linear_cycle0.01_cw0.2_iTransformer_Solar_M_ft96_sl48_ll96_pl512_dm8_nh2_el1_dl512_df1_fctimeF_ebTrue_dtvr_projection_0/slot_diagnostics,./results/attention_weight_heatmaps/Solar_pl96_mlp_slot_attention_ratio0.30_k41_ortho0_seed2021_slot_learned_linear_cycle0.01_cw0.2_iTransformer_Solar_M_ft96_sl48_ll96_pl512_dm8_nh2_el1_dl512_df1_fctimeF_ebTrue_dtvr_projection_0,0.0,0.35,0.2023534970015841,0.2365948921205442,1.0967035954072986,1.0513086268572522,0.299,False,False
Solar,192,mlp_slot_attention,mlp_slot_attention,,,0,mlp_slot_attention,slot_learned_linear,assignment_transpose,feature,,mse,1.0,True,1,137,137,137,14,14,0.1,14.0,0.1,0.1021897810218978,0.1021897810218978,14,14,0.1021897810218978,0.1021897810218978,41,False,8,0.0,1.0,scalar,1.0,1.0,1.0,4,False,False,ratio,target,14,,137,14,0,0.1021897810218978,89.78102189781022,0.0104427513453034,98.95572486546963,test,False,0.2540389861652307,0.2726402288449933,0.504022803219488,2.0369988882455035,30314.8031823254,0.0,0.0,0.0,0.0,0.0,0.0,0.0,True,0.01,0.2,0,1.0,row_l1,1e-08,True,0.7541251558483693,0.0075412513867935,0.0099999997764825,0.0,157.75246596336365,11400,0.0138379356108213,72.2651144017459,15.951936721801758,15.775246596336364,2312.483660855869,639.6533744335175,3576908,158.416015625,210.0,158.416015625,1.0,0,softmax,1.5,0,0,,,,,,,,,,,,,0.9999999403953552,,,0.0510344542562961,74.44463348388672,113.03379821777344,0.5263736844062805,10.0,0.0,0.0,0.0,0.0,none,persistence,1.0,0.0,none,1.0,0.0,success,2026-07-07 22:08:04,c2426e68ca13f74aaec08045c5c724d8ad328124,True,,,0,0,0,Solar,./dataset/Solar/,solar_AL.txt,none,t,2021,0,iTransformer,Solar_pl192_mlp_slot_attention_ratio0.10_k14_ortho0_seed2021_slot_learned_linear_cycle0.01_cw0.2,Solar_pl192_mlp_slot_attention_ratio0.10_k14_ortho0_seed2021_slot_learned_linear_cycle0.01_cw0.2_iTransformer_Solar_M_ft96_sl48_ll192_pl512_dm8_nh2_el1_dl512_df1_fctimeF_ebTrue_dtvr_projection_0,96,48,2,512,512,32,0.0005,10,3,0,True,./checkpoints/Solar_pl192_mlp_slot_attention_ratio0.10_k14_ortho0_seed2021_slot_learned_linear_cycle0.01_cw0.2_iTransformer_Solar_M_ft96_sl48_ll192_pl512_dm8_nh2_el1_dl512_df1_fctimeF_ebTrue_dtvr_projection_0,./results/Solar_pl192_mlp_slot_attention_ratio0.10_k14_ortho0_seed2021_slot_learned_linear_cycle0.01_cw0.2_iTransformer_Solar_M_ft96_sl48_ll192_pl512_dm8_nh2_el1_dl512_df1_fctimeF_ebTrue_dtvr_projection_0/,./results/Solar_pl192_mlp_slot_attention_ratio0.10_k14_ortho0_seed2021_slot_learned_linear_cycle0.01_cw0.2_iTransformer_Solar_M_ft96_sl48_ll192_pl512_dm8_nh2_el1_dl512_df1_fctimeF_ebTrue_dtvr_projection_0/weight_matrices,./results/Solar_pl192_mlp_slot_attention_ratio0.10_k14_ortho0_seed2021_slot_learned_linear_cycle0.01_cw0.2_iTransformer_Solar_M_ft96_sl48_ll192_pl512_dm8_nh2_el1_dl512_df1_fctimeF_ebTrue_dtvr_projection_0/slot_diagnostics,./results/attention_weight_heatmaps/Solar_pl192_mlp_slot_attention_ratio0.10_k14_ortho0_seed2021_slot_learned_linear_cycle0.01_cw0.2_iTransformer_Solar_M_ft96_sl48_ll192_pl512_dm8_nh2_el1_dl512_df1_fctimeF_ebTrue_dtvr_projection_0,0.0,0.35,0.2373350733906458,0.2625903849902797,1.0703811389355453,1.0382719415072474,0.102,False,False
Solar,192,mlp_slot_attention,mlp_slot_attention,,,0,mlp_slot_attention,slot_learned_linear,assignment_transpose,feature,,mse,1.0,True,1,137,137,137,27,27,0.2,27.0,0.2,0.1970802919708029,0.1970802919708029,27,27,0.1970802919708029,0.1970802919708029,41,False,8,0.0,1.0,scalar,1.0,1.0,1.0,4,False,False,ratio,target,27,,137,27,0,0.1970802919708029,80.2919708029197,0.0388406414832969,96.11593585167032,test,False,0.2513617077652786,0.269709723893318,0.5013598585500026,2.047989232817818,33906.647767346665,0.0,0.0,0.0,0.0,0.0,0.0,0.0,True,0.01,0.2,0,1.0,row_l1,1e-08,True,0.7421019815039216,0.0074210196516983,0.0099999997764825,0.0,158.97041726112366,11400,0.0139447734439582,71.71145547963457,15.659073114395142,15.897041726112366,2294.766575348306,641.7054169178009,3585358,182.3642578125,278.0,182.3642578125,1.0,0,softmax,1.5,0,0,,,,,,,,,,,,,0.9999999403953552,,,0.006734007038176,66.11791229248047,114.41259002685548,0.3385564982891083,6.0,0.0,0.0,0.0,0.0,none,persistence,1.0,0.0,none,1.0,0.0,success,2026-07-07 22:18:53,c2426e68ca13f74aaec08045c5c724d8ad328124,True,,,0,0,0,Solar,./dataset/Solar/,solar_AL.txt,none,t,2021,0,iTransformer,Solar_pl192_mlp_slot_attention_ratio0.20_k27_ortho0_seed2021_slot_learned_linear_cycle0.01_cw0.2,Solar_pl192_mlp_slot_attention_ratio0.20_k27_ortho0_seed2021_slot_learned_linear_cycle0.01_cw0.2_iTransformer_Solar_M_ft96_sl48_ll192_pl512_dm8_nh2_el1_dl512_df1_fctimeF_ebTrue_dtvr_projection_0,96,48,2,512,512,32,0.0005,10,3,0,True,./checkpoints/Solar_pl192_mlp_slot_attention_ratio0.20_k27_ortho0_seed2021_slot_learned_linear_cycle0.01_cw0.2_iTransformer_Solar_M_ft96_sl48_ll192_pl512_dm8_nh2_el1_dl512_df1_fctimeF_ebTrue_dtvr_projection_0,./results/Solar_pl192_mlp_slot_attention_ratio0.20_k27_ortho0_seed2021_slot_learned_linear_cycle0.01_cw0.2_iTransformer_Solar_M_ft96_sl48_ll192_pl512_dm8_nh2_el1_dl512_df1_fctimeF_ebTrue_dtvr_projection_0/,./results/Solar_pl192_mlp_slot_attention_ratio0.20_k27_ortho0_seed2021_slot_learned_linear_cycle0.01_cw0.2_iTransformer_Solar_M_ft96_sl48_ll192_pl512_dm8_nh2_el1_dl512_df1_fctimeF_ebTrue_dtvr_projection_0/weight_matrices,./results/Solar_pl192_mlp_slot_attention_ratio0.20_k27_ortho0_seed2021_slot_learned_linear_cycle0.01_cw0.2_iTransformer_Solar_M_ft96_sl48_ll192_pl512_dm8_nh2_el1_dl512_df1_fctimeF_ebTrue_dtvr_projection_0/slot_diagnostics,./results/attention_weight_heatmaps/Solar_pl192_mlp_slot_attention_ratio0.20_k27_ortho0_seed2021_slot_learned_linear_cycle0.01_cw0.2_iTransformer_Solar_M_ft96_sl48_ll192_pl512_dm8_nh2_el1_dl512_df1_fctimeF_ebTrue_dtvr_projection_0,0.0,0.35,0.2373350733906458,0.2625903849902797,1.0591005542259042,1.0271119557683037,0.197,False,False
Solar,192,mlp_slot_attention,mlp_slot_attention,,,0,mlp_slot_attention,slot_learned_linear,assignment_transpose,feature,,mse,1.0,True,1,137,137,137,41,41,0.3,41.0,0.3,0.2992700729927007,0.2992700729927007,41,41,0.2992700729927007,0.2992700729927007,41,False,8,0.0,1.0,scalar,1.0,1.0,1.0,4,False,False,ratio,target,41,,137,41,0,0.2992700729927007,70.07299270072993,0.0895625765890564,91.04374234109436,test,False,0.2512502272301375,0.2697155010933527,0.5012486680582179,2.047248310213477,34378.75036139161,0.0,0.0,0.0,0.0,0.0,0.0,0.0,True,0.01,0.2,0,1.0,row_l1,1e-08,True,0.7416398224077727,0.0074163980536947,0.0099999997764825,0.0,160.4754123687744,11400,0.0140767905586644,71.03892011695015,16.16653084754944,16.047541236877443,2273.245443742405,645.2044603824615,3594458,213.095703125,300.0,213.095703125,1.0,0,softmax,1.5,0,0,,,,,,,,,,,,,0.9999999403953552,,,0.0243902429938316,67.7900390625,115.4735336303711,0.2445122003555297,4.0,0.0,0.0,0.0,0.0,none,persistence,1.0,0.0,none,1.0,0.0,success,2026-07-07 22:29:44,c2426e68ca13f74aaec08045c5c724d8ad328124,True,,,0,0,0,Solar,./dataset/Solar/,solar_AL.txt,none,t,2021,0,iTransformer,Solar_pl192_mlp_slot_attention_ratio0.30_k41_ortho0_seed2021_slot_learned_linear_cycle0.01_cw0.2,Solar_pl192_mlp_slot_attention_ratio0.30_k41_ortho0_seed2021_slot_learned_linear_cycle0.01_cw0.2_iTransformer_Solar_M_ft96_sl48_ll192_pl512_dm8_nh2_el1_dl512_df1_fctimeF_ebTrue_dtvr_projection_0,96,48,2,512,512,32,0.0005,10,3,0,True,./checkpoints/Solar_pl192_mlp_slot_attention_ratio0.30_k41_ortho0_seed2021_slot_learned_linear_cycle0.01_cw0.2_iTransformer_Solar_M_ft96_sl48_ll192_pl512_dm8_nh2_el1_dl512_df1_fctimeF_ebTrue_dtvr_projection_0,./results/Solar_pl192_mlp_slot_attention_ratio0.30_k41_ortho0_seed2021_slot_learned_linear_cycle0.01_cw0.2_iTransformer_Solar_M_ft96_sl48_ll192_pl512_dm8_nh2_el1_dl512_df1_fctimeF_ebTrue_dtvr_projection_0/,./results/Solar_pl192_mlp_slot_attention_ratio0.30_k41_ortho0_seed2021_slot_learned_linear_cycle0.01_cw0.2_iTransformer_Solar_M_ft96_sl48_ll192_pl512_dm8_nh2_el1_dl512_df1_fctimeF_ebTrue_dtvr_projection_0/weight_matrices,./results/Solar_pl192_mlp_slot_attention_ratio0.30_k41_ortho0_seed2021_slot_learned_linear_cycle0.01_cw0.2_iTransformer_Solar_M_ft96_sl48_ll192_pl512_dm8_nh2_el1_dl512_df1_fctimeF_ebTrue_dtvr_projection_0/slot_diagnostics,./results/attention_weight_heatmaps/Solar_pl192_mlp_slot_attention_ratio0.30_k41_ortho0_seed2021_slot_learned_linear_cycle0.01_cw0.2_iTransformer_Solar_M_ft96_sl48_ll192_pl512_dm8_nh2_el1_dl512_df1_fctimeF_ebTrue_dtvr_projection_0,0.0,0.35,0.2373350733906458,0.2625903849902797,1.0586308363138044,1.0271339565739879,0.299,False,False
Solar,336,mlp_slot_attention,mlp_slot_attention,,,0,mlp_slot_attention,slot_learned_linear,assignment_transpose,feature,,mse,1.0,True,1,137,137,137,14,14,0.1,14.0,0.1,0.1021897810218978,0.1021897810218978,14,14,0.1021897810218978,0.1021897810218978,41,False,8,0.0,1.0,scalar,1.0,1.0,1.0,4,False,False,ratio,target,14,,137,14,0,0.1021897810218978,89.78102189781022,0.0104427513453034,98.95572486546963,test,False,0.2705093441115427,0.2854545443275333,0.5201051279419794,2.088596893728933,29249.112550908,0.0,0.0,0.0,0.0,0.0,0.0,0.0,True,0.01,0.2,0,1.0,row_l1,1e-08,True,0.7420438864386417,0.0074204387078488,0.0099999997764825,0.0,170.9446415901184,11360,0.015047943801947,66.45426200160388,17.08029532432556,17.094464159011842,2126.536384051324,653.537540435791,3650780,174.70166015625,232.0,174.70166015625,1.0,0,softmax,1.5,0,0,,,,,,,,,,,,,0.9999999403953552,,,0.0868838876485824,113.8230209350586,113.80874633789062,0.4428571462631225,10.0,0.0,0.0,0.0,0.0,none,persistence,1.0,0.0,none,1.0,0.0,success,2026-07-07 22:40:45,c2426e68ca13f74aaec08045c5c724d8ad328124,True,,,0,0,0,Solar,./dataset/Solar/,solar_AL.txt,none,t,2021,0,iTransformer,Solar_pl336_mlp_slot_attention_ratio0.10_k14_ortho0_seed2021_slot_learned_linear_cycle0.01_cw0.2,Solar_pl336_mlp_slot_attention_ratio0.10_k14_ortho0_seed2021_slot_learned_linear_cycle0.01_cw0.2_iTransformer_Solar_M_ft96_sl48_ll336_pl512_dm8_nh2_el1_dl512_df1_fctimeF_ebTrue_dtvr_projection_0,96,48,2,512,512,32,0.0005,10,3,0,True,./checkpoints/Solar_pl336_mlp_slot_attention_ratio0.10_k14_ortho0_seed2021_slot_learned_linear_cycle0.01_cw0.2_iTransformer_Solar_M_ft96_sl48_ll336_pl512_dm8_nh2_el1_dl512_df1_fctimeF_ebTrue_dtvr_projection_0,./results/Solar_pl336_mlp_slot_attention_ratio0.10_k14_ortho0_seed2021_slot_learned_linear_cycle0.01_cw0.2_iTransformer_Solar_M_ft96_sl48_ll336_pl512_dm8_nh2_el1_dl512_df1_fctimeF_ebTrue_dtvr_projection_0/,./results/Solar_pl336_mlp_slot_attention_ratio0.10_k14_ortho0_seed2021_slot_learned_linear_cycle0.01_cw0.2_iTransformer_Solar_M_ft96_sl48_ll336_pl512_dm8_nh2_el1_dl512_df1_fctimeF_ebTrue_dtvr_projection_0/weight_matrices,./results/Solar_pl336_mlp_slot_attention_ratio0.10_k14_ortho0_seed2021_slot_learned_linear_cycle0.01_cw0.2_iTransformer_Solar_M_ft96_sl48_ll336_pl512_dm8_nh2_el1_dl512_df1_fctimeF_ebTrue_dtvr_projection_0/slot_diagnostics,./results/attention_weight_heatmaps/Solar_pl336_mlp_slot_attention_ratio0.10_k14_ortho0_seed2021_slot_learned_linear_cycle0.01_cw0.2_iTransformer_Solar_M_ft96_sl48_ll336_pl512_dm8_nh2_el1_dl512_df1_fctimeF_ebTrue_dtvr_projection_0,0.0,0.35,0.2491749278476005,0.2733983008132995,1.0856202365471965,1.044097726570974,0.102,False,False
Solar,336,mlp_slot_attention,mlp_slot_attention,,,0,mlp_slot_attention,slot_learned_linear,assignment_transpose,feature,,mse,1.0,True,1,137,137,137,27,27,0.2,27.0,0.2,0.1970802919708029,0.1970802919708029,27,27,0.1970802919708029,0.1970802919708029,41,False,8,0.0,1.0,scalar,1.0,1.0,1.0,4,False,False,ratio,target,27,,137,27,0,0.1970802919708029,80.2919708029197,0.0388406414832969,96.11593585167032,test,False,0.2662402930210005,0.2821887679836545,0.5159847798346386,2.0706581422934733,29935.475818824776,0.0,0.0,0.0,0.0,0.0,0.0,0.0,True,0.01,0.2,0,1.0,row_l1,1e-08,True,0.7338368544276331,0.0073383683842954,0.0099999997764825,0.0,171.85945916175842,11360,0.0151284735177604,66.1005222255918,17.112555265426636,17.185945916175843,2115.2167112189377,666.3782784938812,3659230,200.81884765625,298.0,200.81884765625,1.0,0,softmax,1.5,0,0,,,,,,,,,,,,,0.9999999403953552,,,0.0872053951025009,106.66319274902344,114.81472778320312,0.2730294466018677,6.0,0.0,0.0,0.0,0.0,none,persistence,1.0,0.0,none,1.0,0.0,success,2026-07-07 22:51:58,c2426e68ca13f74aaec08045c5c724d8ad328124,True,,,0,0,0,Solar,./dataset/Solar/,solar_AL.txt,none,t,2021,0,iTransformer,Solar_pl336_mlp_slot_attention_ratio0.20_k27_ortho0_seed2021_slot_learned_linear_cycle0.01_cw0.2,Solar_pl336_mlp_slot_attention_ratio0.20_k27_ortho0_seed2021_slot_learned_linear_cycle0.01_cw0.2_iTransformer_Solar_M_ft96_sl48_ll336_pl512_dm8_nh2_el1_dl512_df1_fctimeF_ebTrue_dtvr_projection_0,96,48,2,512,512,32,0.0005,10,3,0,True,./checkpoints/Solar_pl336_mlp_slot_attention_ratio0.20_k27_ortho0_seed2021_slot_learned_linear_cycle0.01_cw0.2_iTransformer_Solar_M_ft96_sl48_ll336_pl512_dm8_nh2_el1_dl512_df1_fctimeF_ebTrue_dtvr_projection_0,./results/Solar_pl336_mlp_slot_attention_ratio0.20_k27_ortho0_seed2021_slot_learned_linear_cycle0.01_cw0.2_iTransformer_Solar_M_ft96_sl48_ll336_pl512_dm8_nh2_el1_dl512_df1_fctimeF_ebTrue_dtvr_projection_0/,./results/Solar_pl336_mlp_slot_attention_ratio0.20_k27_ortho0_seed2021_slot_learned_linear_cycle0.01_cw0.2_iTransformer_Solar_M_ft96_sl48_ll336_pl512_dm8_nh2_el1_dl512_df1_fctimeF_ebTrue_dtvr_projection_0/weight_matrices,./results/Solar_pl336_mlp_slot_attention_ratio0.20_k27_ortho0_seed2021_slot_learned_linear_cycle0.01_cw0.2_iTransformer_Solar_M_ft96_sl48_ll336_pl512_dm8_nh2_el1_dl512_df1_fctimeF_ebTrue_dtvr_projection_0/slot_diagnostics,./results/attention_weight_heatmaps/Solar_pl336_mlp_slot_attention_ratio0.20_k27_ortho0_seed2021_slot_learned_linear_cycle0.01_cw0.2_iTransformer_Solar_M_ft96_sl48_ll336_pl512_dm8_nh2_el1_dl512_df1_fctimeF_ebTrue_dtvr_projection_0,0.0,0.35,0.2491749278476005,0.2733983008132995,1.068487489174021,1.0321526035246207,0.197,False,False
Solar,336,mlp_slot_attention,mlp_slot_attention,,,0,mlp_slot_attention,slot_learned_linear,assignment_transpose,feature,,mse,1.0,True,1,137,137,137,41,41,0.3,41.0,0.3,0.2992700729927007,0.2992700729927007,41,41,0.2992700729927007,0.2992700729927007,41,False,8,0.0,1.0,scalar,1.0,1.0,1.0,4,False,False,ratio,target,41,,137,41,0,0.2992700729927007,70.07299270072993,0.0895625765890564,91.04374234109436,test,False,0.265420176434234,0.281837769162808,0.515189456835283,2.0726917360434425,30771.19056237225,0.0,0.0,0.0,0.0,0.0,0.0,0.0,True,0.01,0.2,0,1.0,row_l1,1e-08,True,0.7283218236981144,0.0072832180774921,0.0099999997764825,0.0,172.69943618774414,11360,0.0152024151573718,65.77902192830771,17.04689359664917,17.269943618774413,2104.928701705847,665.6029357910156,3668330,229.90087890625,318.0,229.90087890625,1.0,0,softmax,1.5,0,0,,,,,,,,,,,,,0.9999999403953552,,,0.0634146407246589,95.53569793701172,116.00061798095705,0.3286585509777069,4.0,0.0,0.0,0.0,0.0,none,persistence,1.0,0.0,none,1.0,0.0,success,2026-07-07 23:03:11,c2426e68ca13f74aaec08045c5c724d8ad328124,True,,,0,0,0,Solar,./dataset/Solar/,solar_AL.txt,none,t,2021,0,iTransformer,Solar_pl336_mlp_slot_attention_ratio0.30_k41_ortho0_seed2021_slot_learned_linear_cycle0.01_cw0.2,Solar_pl336_mlp_slot_attention_ratio0.30_k41_ortho0_seed2021_slot_learned_linear_cycle0.01_cw0.2_iTransformer_Solar_M_ft96_sl48_ll336_pl512_dm8_nh2_el1_dl512_df1_fctimeF_ebTrue_dtvr_projection_0,96,48,2,512,512,32,0.0005,10,3,0,True,./checkpoints/Solar_pl336_mlp_slot_attention_ratio0.30_k41_ortho0_seed2021_slot_learned_linear_cycle0.01_cw0.2_iTransformer_Solar_M_ft96_sl48_ll336_pl512_dm8_nh2_el1_dl512_df1_fctimeF_ebTrue_dtvr_projection_0,./results/Solar_pl336_mlp_slot_attention_ratio0.30_k41_ortho0_seed2021_slot_learned_linear_cycle0.01_cw0.2_iTransformer_Solar_M_ft96_sl48_ll336_pl512_dm8_nh2_el1_dl512_df1_fctimeF_ebTrue_dtvr_projection_0/,./results/Solar_pl336_mlp_slot_attention_ratio0.30_k41_ortho0_seed2021_slot_learned_linear_cycle0.01_cw0.2_iTransformer_Solar_M_ft96_sl48_ll336_pl512_dm8_nh2_el1_dl512_df1_fctimeF_ebTrue_dtvr_projection_0/weight_matrices,./results/Solar_pl336_mlp_slot_attention_ratio0.30_k41_ortho0_seed2021_slot_learned_linear_cycle0.01_cw0.2_iTransformer_Solar_M_ft96_sl48_ll336_pl512_dm8_nh2_el1_dl512_df1_fctimeF_ebTrue_dtvr_projection_0/slot_diagnostics,./results/attention_weight_heatmaps/Solar_pl336_mlp_slot_attention_ratio0.30_k41_ortho0_seed2021_slot_learned_linear_cycle0.01_cw0.2_iTransformer_Solar_M_ft96_sl48_ll336_pl512_dm8_nh2_el1_dl512_df1_fctimeF_ebTrue_dtvr_projection_0,0.0,0.35,0.2491749278476005,0.2733983008132995,1.0651961604923965,1.0308687666470602,0.299,False,False
Solar,720,mlp_slot_attention,mlp_slot_attention,,,0,mlp_slot_attention,slot_learned_linear,assignment_transpose,feature,,mse,1.0,True,1,137,137,137,14,14,0.1,14.0,0.1,0.1021897810218978,0.1021897810218978,14,14,0.1021897810218978,0.1021897810218978,41,False,8,0.0,1.0,scalar,1.0,1.0,1.0,4,False,False,ratio,target,14,,137,14,0,0.1021897810218978,89.78102189781022,0.0104427513453034,98.95572486546963,test,False,0.2743320626013671,0.289805189716553,0.5237671835857676,2.1377577149987927,32012.19919954443,0.0,0.0,0.0,0.0,0.0,0.0,0.0,True,0.01,0.2,0,1.0,row_l1,1e-08,True,0.6794727742141676,0.0067947275863688,0.0099999997764825,0.0,206.72097659111023,11240,0.0183915459600631,54.37280814627964,20.57910752296448,20.672097659111024,1739.9298606809484,700.2081360816956,3847772,221.73388671875,330.0,221.73388671875,1.0,0,softmax,1.5,0,0,,,,,,,,,,,,,0.9999999403953552,,,0.0263157915323972,64.76530456542969,114.2589111328125,0.5175824761390686,10.0,0.0,0.0,0.0,0.0,none,persistence,1.0,0.0,none,1.0,0.0,success,2026-07-07 23:14:58,c2426e68ca13f74aaec08045c5c724d8ad328124,True,,,0,0,0,Solar,./dataset/Solar/,solar_AL.txt,none,t,2021,0,iTransformer,Solar_pl720_mlp_slot_attention_ratio0.10_k14_ortho0_seed2021_slot_learned_linear_cycle0.01_cw0.2,Solar_pl720_mlp_slot_attention_ratio0.10_k14_ortho0_seed2021_slot_learned_linear_cycle0.01_cw0.2_iTransformer_Solar_M_ft96_sl48_ll720_pl512_dm8_nh2_el1_dl512_df1_fctimeF_ebTrue_dtvr_projection_0,96,48,2,512,512,32,0.0005,10,3,0,True,./checkpoints/Solar_pl720_mlp_slot_attention_ratio0.10_k14_ortho0_seed2021_slot_learned_linear_cycle0.01_cw0.2_iTransformer_Solar_M_ft96_sl48_ll720_pl512_dm8_nh2_el1_dl512_df1_fctimeF_ebTrue_dtvr_projection_0,./results/Solar_pl720_mlp_slot_attention_ratio0.10_k14_ortho0_seed2021_slot_learned_linear_cycle0.01_cw0.2_iTransformer_Solar_M_ft96_sl48_ll720_pl512_dm8_nh2_el1_dl512_df1_fctimeF_ebTrue_dtvr_projection_0/,./results/Solar_pl720_mlp_slot_attention_ratio0.10_k14_ortho0_seed2021_slot_learned_linear_cycle0.01_cw0.2_iTransformer_Solar_M_ft96_sl48_ll720_pl512_dm8_nh2_el1_dl512_df1_fctimeF_ebTrue_dtvr_projection_0/weight_matrices,./results/Solar_pl720_mlp_slot_attention_ratio0.10_k14_ortho0_seed2021_slot_learned_linear_cycle0.01_cw0.2_iTransformer_Solar_M_ft96_sl48_ll720_pl512_dm8_nh2_el1_dl512_df1_fctimeF_ebTrue_dtvr_projection_0/slot_diagnostics,./results/attention_weight_heatmaps/Solar_pl720_mlp_slot_attention_ratio0.10_k14_ortho0_seed2021_slot_learned_linear_cycle0.01_cw0.2_iTransformer_Solar_M_ft96_sl48_ll720_pl512_dm8_nh2_el1_dl512_df1_fctimeF_ebTrue_dtvr_projection_0,0.0,0.35,0.2491635567025875,0.2753280443092019,1.1010119867923616,1.0525814413263794,0.102,False,False
Solar,720,mlp_slot_attention,mlp_slot_attention,,,0,mlp_slot_attention,slot_learned_linear,assignment_transpose,feature,,mse,1.0,True,1,137,137,137,27,27,0.2,27.0,0.2,0.1970802919708029,0.1970802919708029,27,27,0.1970802919708029,0.1970802919708029,41,False,8,0.0,1.0,scalar,1.0,1.0,1.0,4,False,False,ratio,target,27,,137,27,0,0.1970802919708029,80.2919708029197,0.0388406414832969,96.11593585167032,test,False,0.2717738445061957,0.2870192592620395,0.5213193306469612,2.158704320577689,34870.62626876865,0.0,0.0,0.0,0.0,0.0,0.0,0.0,True,0.01,0.2,0,1.0,row_l1,1e-08,True,0.6645904401867415,0.006645904252806,0.0099999997764825,0.0,186.9149329662323,10116,0.0184771582607979,54.1208764835688,20.65583562850952,20.76832588513692,1731.8680474742016,647.6953794956207,3856222,248.0732421875,370.0,248.0732421875,1.0,0,softmax,1.5,0,0,,,,,,,,,,,,,0.9999999403953552,,,0.0134680140763521,61.28394317626953,115.96895599365234,0.4924026727676391,6.0,0.0,0.0,0.0,0.0,none,persistence,1.0,0.0,none,1.0,0.0,success,2026-07-07 23:25:52,c2426e68ca13f74aaec08045c5c724d8ad328124,True,,,0,0,0,Solar,./dataset/Solar/,solar_AL.txt,none,t,2021,0,iTransformer,Solar_pl720_mlp_slot_attention_ratio0.20_k27_ortho0_seed2021_slot_learned_linear_cycle0.01_cw0.2,Solar_pl720_mlp_slot_attention_ratio0.20_k27_ortho0_seed2021_slot_learned_linear_cycle0.01_cw0.2_iTransformer_Solar_M_ft96_sl48_ll720_pl512_dm8_nh2_el1_dl512_df1_fctimeF_ebTrue_dtvr_projection_0,96,48,2,512,512,32,0.0005,10,3,0,True,./checkpoints/Solar_pl720_mlp_slot_attention_ratio0.20_k27_ortho0_seed2021_slot_learned_linear_cycle0.01_cw0.2_iTransformer_Solar_M_ft96_sl48_ll720_pl512_dm8_nh2_el1_dl512_df1_fctimeF_ebTrue_dtvr_projection_0,./results/Solar_pl720_mlp_slot_attention_ratio0.20_k27_ortho0_seed2021_slot_learned_linear_cycle0.01_cw0.2_iTransformer_Solar_M_ft96_sl48_ll720_pl512_dm8_nh2_el1_dl512_df1_fctimeF_ebTrue_dtvr_projection_0/,./results/Solar_pl720_mlp_slot_attention_ratio0.20_k27_ortho0_seed2021_slot_learned_linear_cycle0.01_cw0.2_iTransformer_Solar_M_ft96_sl48_ll720_pl512_dm8_nh2_el1_dl512_df1_fctimeF_ebTrue_dtvr_projection_0/weight_matrices,./results/Solar_pl720_mlp_slot_attention_ratio0.20_k27_ortho0_seed2021_slot_learned_linear_cycle0.01_cw0.2_iTransformer_Solar_M_ft96_sl48_ll720_pl512_dm8_nh2_el1_dl512_df1_fctimeF_ebTrue_dtvr_projection_0/slot_diagnostics,./results/attention_weight_heatmaps/Solar_pl720_mlp_slot_attention_ratio0.20_k27_ortho0_seed2021_slot_learned_linear_cycle0.01_cw0.2_iTransformer_Solar_M_ft96_sl48_ll720_pl512_dm8_nh2_el1_dl512_df1_fctimeF_ebTrue_dtvr_projection_0,0.0,0.35,0.2491635567025875,0.2753280443092019,1.0907447626082687,1.0424628554718094,0.197,False,False
Solar,720,mlp_slot_attention,mlp_slot_attention,,,0,mlp_slot_attention,slot_learned_linear,assignment_transpose,feature,,mse,1.0,True,1,137,137,137,41,41,0.3,41.0,0.3,0.2992700729927007,0.2992700729927007,41,41,0.2992700729927007,0.2992700729927007,41,False,8,0.0,1.0,scalar,1.0,1.0,1.0,4,False,False,ratio,target,41,,137,41,0,0.2992700729927007,70.07299270072993,0.0895625765890564,91.04374234109436,test,False,0.2723197655194102,0.2862205012201122,0.5218426635676794,2.1765966897538944,35072.06469147743,0.0,0.0,0.0,0.0,0.0,0.0,0.0,True,0.01,0.2,0,1.0,row_l1,1e-08,True,0.6789767259592687,0.006789767108377,0.0099999997764825,0.0,207.11884808540344,11240,0.0184269437798401,54.26835898278701,20.7112557888031,20.711884808540344,1736.587487449184,698.3625209331512,3865322,278.265625,388.0,278.265625,1.0,0,softmax,1.5,0,0,,,,,,,,,,,,,0.9998401403427124,,,0.0104529624804854,55.67136001586914,116.76545715332033,0.3161585330963135,4.0,0.0,0.0,0.0,0.0,none,persistence,1.0,0.0,none,1.0,0.0,success,2026-07-07 23:37:38,c2426e68ca13f74aaec08045c5c724d8ad328124,True,,,0,0,0,Solar,./dataset/Solar/,solar_AL.txt,none,t,2021,0,iTransformer,Solar_pl720_mlp_slot_attention_ratio0.30_k41_ortho0_seed2021_slot_learned_linear_cycle0.01_cw0.2,Solar_pl720_mlp_slot_attention_ratio0.30_k41_ortho0_seed2021_slot_learned_linear_cycle0.01_cw0.2_iTransformer_Solar_M_ft96_sl48_ll720_pl512_dm8_nh2_el1_dl512_df1_fctimeF_ebTrue_dtvr_projection_0,96,48,2,512,512,32,0.0005,10,3,0,True,./checkpoints/Solar_pl720_mlp_slot_attention_ratio0.30_k41_ortho0_seed2021_slot_learned_linear_cycle0.01_cw0.2_iTransformer_Solar_M_ft96_sl48_ll720_pl512_dm8_nh2_el1_dl512_df1_fctimeF_ebTrue_dtvr_projection_0,./results/Solar_pl720_mlp_slot_attention_ratio0.30_k41_ortho0_seed2021_slot_learned_linear_cycle0.01_cw0.2_iTransformer_Solar_M_ft96_sl48_ll720_pl512_dm8_nh2_el1_dl512_df1_fctimeF_ebTrue_dtvr_projection_0/,./results/Solar_pl720_mlp_slot_attention_ratio0.30_k41_ortho0_seed2021_slot_learned_linear_cycle0.01_cw0.2_iTransformer_Solar_M_ft96_sl48_ll720_pl512_dm8_nh2_el1_dl512_df1_fctimeF_ebTrue_dtvr_projection_0/weight_matrices,./results/Solar_pl720_mlp_slot_attention_ratio0.30_k41_ortho0_seed2021_slot_learned_linear_cycle0.01_cw0.2_iTransformer_Solar_M_ft96_sl48_ll720_pl512_dm8_nh2_el1_dl512_df1_fctimeF_ebTrue_dtvr_projection_0/slot_diagnostics,./results/attention_weight_heatmaps/Solar_pl720_mlp_slot_attention_ratio0.30_k41_ortho0_seed2021_slot_learned_linear_cycle0.01_cw0.2_iTransformer_Solar_M_ft96_sl48_ll720_pl512_dm8_nh2_el1_dl512_df1_fctimeF_ebTrue_dtvr_projection_0,0.0,0.35,0.2491635567025875,0.2753280443092019,1.0929357772993382,1.0395617414791127,0.299,False,False
