dataset,pred_len,method_family,method_name,selection_id,selected_recipe,manual_override,variate_reduction_type,variate_expansion_type,expansion_weight_source,variate_decode_stage,loss_variant,forecast_loss_type,huber_delta,compute_reducer_aux_losses,variate_token_split_factor,num_variates,target_variate_tokens,source_variate_tokens,reduced_variate_k,reduced_variate_tokens,k_ratio,num_latents_K,target_k_ratio,actual_k_ratio,source_k_ratio,logical_k,executed_k,logical_k_ratio,executed_k_ratio,k_budget_max,k_budget_exception,lowrank_reducer_rank,decoder_residual_gate_init,backbone_residual_gate_init,backbone_residual_gate_type,backbone_residual_gate,backbone_residual_gate_abs_mean,backbone_residual_gate_max,local_temporal_rank,zero_init_projector,skip_backbone,k_selection_mode,k_ratio_denominator,target_k_value,variate_anchor_map_path,original_encoder_tokens,reduced_encoder_tokens,num_extra_tokens,token_ratio,token_reduction_percent,attention_score_ratio,attention_score_reduction_percent,eval_split,skip_epoch_test_eval,mse,mae,rmse,mape,mspe,orthogonal_loss_weight,reconstruction_loss_weight,coverage_loss_weight,assignment_entropy_loss_weight,wcomp_entropy_loss_weight,lambda_orth,lambda_entropy,mae_loss_weight,train_time_sec,train_iter_count,avg_train_iter_time_sec,throughput_iter_per_sec,elapsed_sec,parameter_count,peak_gpu_allocated_mb,peak_gpu_reserved_mb,gpu_memory_footprint_mb,expansion_temperature,expansion_topk,normalization,entmax_alpha,sparse_compress_topk,sparse_expand_topk,avg_comp_entropy,std_comp_entropy,avg_effective_support,std_effective_support,avg_top1_mass,avg_top5_mass,avg_top10_mass,avg_pairwise_overlap_top5,avg_pairwise_overlap_top10,avg_pairwise_cosine_between_latents,w_comp_density,w_exp_density,w_eff_density,avg_w_eff_entropy,avg_w_eff_top5_mass,residual_gate_mean,residual_gate_abs_mean,residual_gate_max,hybrid_linear_gate,local_temporal_branch,local_temporal_init,local_temporal_gate_init,local_temporal_gate,output_calibration,output_calibration_scale_abs_mean,output_calibration_bias_abs_mean,status,timestamp,git_commit,git_dirty,error,command,returncode,gpu,cuda_visible_devices,data,root_path,data_path,target,freq,seed,itr,model,model_id,setting,seq_len,label_len,e_layers,d_model,d_ff,batch_size,learning_rate,train_epochs,patience,num_workers,use_norm,checkpoint_dir,result_dir,weight_matrix_dir,plot_dir
Weather,96,iTransformer,iTransformer,,,0,none,slot_learned_linear,,feature,,mse,1.0,False,1,21,21,21,21,21,,,1.0,1.0,1.0,21,21,1.0,1.0,6,False,8,0.0,1.0,scalar,1.0,1.0,1.0,4,False,False,baseline,,21,,26,26,5,1.0,0.0,1.0,0.0,test,True,0.17482131490023775,0.2135566500689384,0.4181163891791827,16.56031377102112,30093507.168482166,0.0,0.0,0.0,0.0,0.0,0.0,,0.0,77.11607480049133,8022,0.009613073398216323,104.02500413505082,110.2768120765686,4833888,169.72119140625,212.0,169.72119140625,1.0,0,,,0,0,,,,,,,,,,,,,,,,0.0,0.0,0.0,0.0,none,persistence,1.0,0.0,none,1.0,0.0,success,2026-07-06 20:34:15,c2426e68ca13f74aaec08045c5c724d8ad328124,true,,,0,0,0,custom,./dataset/weather/,weather.csv,OT,t,2021,0,iTransformer,Weather_pl96_iTransformer_seed2021,Weather_pl96_iTransformer_seed2021_iTransformer_custom_M_ft96_sl48_ll96_pl512_dm8_nh3_el1_dl512_df1_fctimeF_ebTrue_dtbaseline_projection_0,96,48,3,512,512,32,0.0001,10,3,0,True,./checkpoints/Weather_pl96_iTransformer_seed2021_iTransformer_custom_M_ft96_sl48_ll96_pl512_dm8_nh3_el1_dl512_df1_fctimeF_ebTrue_dtbaseline_projection_0,./results/Weather_pl96_iTransformer_seed2021_iTransformer_custom_M_ft96_sl48_ll96_pl512_dm8_nh3_el1_dl512_df1_fctimeF_ebTrue_dtbaseline_projection_0/,,
Weather,720,iTransformer,iTransformer,,,0,none,slot_learned_linear,,feature,,mse,1.0,False,1,21,21,21,21,21,,,1.0,1.0,1.0,21,21,1.0,1.0,6,False,8,0.0,1.0,scalar,1.0,1.0,1.0,4,False,False,baseline,,21,,26,26,5,1.0,0.0,1.0,0.0,test,True,0.3591084634099464,0.35113123384382405,0.5992565922957764,15.662077221030687,28078322.102804255,0.0,0.0,0.0,0.0,0.0,0.0,,0.0,350.0303876399994,6762,0.05176432825199636,19.31832274789413,440.3344841003418,5154000,180.05712890625,230.0,180.05712890625,1.0,0,,,0,0,,,,,,,,,,,,,,,,0.0,0.0,0.0,0.0,none,persistence,1.0,0.0,none,1.0,0.0,success,2026-07-06 20:41:38,c2426e68ca13f74aaec08045c5c724d8ad328124,true,,,0,0,0,custom,./dataset/weather/,weather.csv,OT,t,2021,0,iTransformer,Weather_pl720_iTransformer_seed2021,Weather_pl720_iTransformer_seed2021_iTransformer_custom_M_ft96_sl48_ll720_pl512_dm8_nh3_el1_dl512_df1_fctimeF_ebTrue_dtbaseline_projection_0,96,48,3,512,512,32,0.0001,10,3,0,True,./checkpoints/Weather_pl720_iTransformer_seed2021_iTransformer_custom_M_ft96_sl48_ll720_pl512_dm8_nh3_el1_dl512_df1_fctimeF_ebTrue_dtbaseline_projection_0,./results/Weather_pl720_iTransformer_seed2021_iTransformer_custom_M_ft96_sl48_ll720_pl512_dm8_nh3_el1_dl512_df1_fctimeF_ebTrue_dtbaseline_projection_0/,,
Weather,96,MLP_attention,MLP_attention_softmax,,,0,MLP_attention,slot_learned_linear,learned_expand_linear,feature,,mse,1.0,True,1,21,21,21,2,2,0.1,2,0.1,0.09523809523809523,0.09523809523809523,2,2,0.09523809523809523,0.09523809523809523,6,False,8,0.0,1.0,scalar,1.0,1.0,1.0,4,False,False,ratio,,2,,26,7,5,0.2692307692307692,73.07692307692308,0.07248520710059171,92.75147928994083,test,True,0.2027900101092107,0.252486406909086,0.4503221181656645,13.792700367806868,18078842.491666142,0.01,0.0,0.0,0.0,0.0,0.01,0.0,0.0,537.0358004570007,11460,0.04686176269258296,21.339359480779304,679.5114493370056,5097612,133.83984375,180.0,133.83984375,1.0,0,softmax,1.5,0,0,2.627379894256592,0.18195760250091553,14.067171096801758,2.5317482948303223,0.11020030826330185,0.5088369846343994,0.8575456142425537,0.0,0.0,0.2259451150894165,1.0,1.0,1.0,2.8850927352905273,0.39726540446281433,0.0,0.0,0.0,0.0,none,persistence,1.0,0.0,none,1.0,0.0,success,2026-07-06 20:45:55,c2426e68ca13f74aaec08045c5c724d8ad328124,true,,,0,0,0,custom,./dataset/weather/,weather.csv,OT,t,2021,0,iTransformer,Weather_pl96_MLP_attention_softmax_ratio0p1_k2_seed2021,Weather_pl96_MLP_attention_softmax_ratio0p1_k2_seed2021_iTransformer_custom_M_ft96_sl48_ll96_pl512_dm8_nh3_el1_dl512_df1_fctimeF_ebTrue_dtsparse_wcomp_projection_0,96,48,3,512,512,32,0.0001,10,3,0,True,./checkpoints/Weather_pl96_MLP_attention_softmax_ratio0p1_k2_seed2021_iTransformer_custom_M_ft96_sl48_ll96_pl512_dm8_nh3_el1_dl512_df1_fctimeF_ebTrue_dtsparse_wcomp_projection_0,./results/Weather_pl96_MLP_attention_softmax_ratio0p1_k2_seed2021_iTransformer_custom_M_ft96_sl48_ll96_pl512_dm8_nh3_el1_dl512_df1_fctimeF_ebTrue_dtsparse_wcomp_projection_0/,./results/Weather_pl96_MLP_attention_softmax_ratio0p1_k2_seed2021_iTransformer_custom_M_ft96_sl48_ll96_pl512_dm8_nh3_el1_dl512_df1_fctimeF_ebTrue_dtsparse_wcomp_projection_0/weight_matrices,./results/sparse_attention_wcomp/plots/MLP_attention_softmax/Weather_pl96_MLP_attention_softmax_ratio0p1_k2_seed2021_iTransformer_custom_M_ft96_sl48_ll96_pl512_dm8_nh3_el1_dl512_df1_fctimeF_ebTrue_dtsparse_wcomp_projection_0
Weather,96,MLP_attention,MLP_attention_softmax_entropy,,,0,MLP_attention,slot_learned_linear,learned_expand_linear,feature,,mse,1.0,True,1,21,21,21,2,2,0.1,2,0.1,0.09523809523809523,0.09523809523809523,2,2,0.09523809523809523,0.09523809523809523,6,False,8,0.0,1.0,scalar,1.0,1.0,1.0,4,False,False,ratio,,2,,26,7,5,0.2692307692307692,73.07692307692308,0.07248520710059171,92.75147928994083,test,True,0.20252632380429922,0.25228194157663014,0.4500292477209667,13.953416545019682,19045913.771980364,0.01,0.0,0.0,0.0,0.001,0.01,0.001,0.0,551.2664659023285,11460,0.04810353105604961,20.788494691477286,709.895224571228,5097612,133.8515625,182.0,133.8515625,1.0,0,softmax,1.5,0,0,2.5778908729553223,0.18056631088256836,13.384604454040527,2.390880584716797,0.11302812397480011,0.5210701823234558,0.8758165836334229,0.0,0.0,0.16609616577625275,1.0,1.0,1.0,2.8739993572235107,0.4010215699672699,0.0,0.0,0.0,0.0,none,persistence,1.0,0.0,none,1.0,0.0,success,2026-07-06 20:57:48,c2426e68ca13f74aaec08045c5c724d8ad328124,true,,,0,0,0,custom,./dataset/weather/,weather.csv,OT,t,2021,0,iTransformer,Weather_pl96_MLP_attention_softmax_entropy_ratio0p1_k2_seed2021,Weather_pl96_MLP_attention_softmax_entropy_ratio0p1_k2_seed2021_iTransformer_custom_M_ft96_sl48_ll96_pl512_dm8_nh3_el1_dl512_df1_fctimeF_ebTrue_dtsparse_wcomp_projection_0,96,48,3,512,512,32,0.0001,10,3,0,True,./checkpoints/Weather_pl96_MLP_attention_softmax_entropy_ratio0p1_k2_seed2021_iTransformer_custom_M_ft96_sl48_ll96_pl512_dm8_nh3_el1_dl512_df1_fctimeF_ebTrue_dtsparse_wcomp_projection_0,./results/Weather_pl96_MLP_attention_softmax_entropy_ratio0p1_k2_seed2021_iTransformer_custom_M_ft96_sl48_ll96_pl512_dm8_nh3_el1_dl512_df1_fctimeF_ebTrue_dtsparse_wcomp_projection_0/,./results/Weather_pl96_MLP_attention_softmax_entropy_ratio0p1_k2_seed2021_iTransformer_custom_M_ft96_sl48_ll96_pl512_dm8_nh3_el1_dl512_df1_fctimeF_ebTrue_dtsparse_wcomp_projection_0/weight_matrices,./results/sparse_attention_wcomp/plots/MLP_attention_softmax_entropy/Weather_pl96_MLP_attention_softmax_entropy_ratio0p1_k2_seed2021_iTransformer_custom_M_ft96_sl48_ll96_pl512_dm8_nh3_el1_dl512_df1_fctimeF_ebTrue_dtsparse_wcomp_projection_0
Weather,96,MLP_attention,MLP_attention_entmax,,,0,MLP_attention,slot_learned_linear,learned_expand_linear,feature,,mse,1.0,True,1,21,21,21,2,2,0.1,2,0.1,0.09523809523809523,0.09523809523809523,2,2,0.09523809523809523,0.09523809523809523,6,False,8,0.0,1.0,scalar,1.0,1.0,1.0,4,False,False,ratio,,2,,26,7,5,0.2692307692307692,73.07692307692308,0.07248520710059171,92.75147928994083,test,True,0.20240779295646186,0.25289862179319567,0.44989753606400407,13.152319460368092,16249881.554517157,0.01,0.0,0.0,0.0,0.0,0.01,0.0,0.0,668.3855564594269,11460,0.058323346985988386,17.145792408659954,897.347770690918,5097612,133.90673828125,182.0,133.90673828125,1.0,0,entmax15,1.5,0,0,2.3769614696502686,0.0728597640991211,10.800725936889648,0.7855486869812012,0.18881012499332428,0.6617121696472168,0.9321805834770203,0.0,0.0,0.05140325427055359,0.738095223903656,1.0,1.0,2.780628204345703,0.4916425049304962,0.0,0.0,0.0,0.0,none,persistence,1.0,0.0,none,1.0,0.0,success,2026-07-06 21:12:47,c2426e68ca13f74aaec08045c5c724d8ad328124,true,,,0,0,0,custom,./dataset/weather/,weather.csv,OT,t,2021,0,iTransformer,Weather_pl96_MLP_attention_entmax_ratio0p1_k2_seed2021,Weather_pl96_MLP_attention_entmax_ratio0p1_k2_seed2021_iTransformer_custom_M_ft96_sl48_ll96_pl512_dm8_nh3_el1_dl512_df1_fctimeF_ebTrue_dtsparse_wcomp_projection_0,96,48,3,512,512,32,0.0001,10,3,0,True,./checkpoints/Weather_pl96_MLP_attention_entmax_ratio0p1_k2_seed2021_iTransformer_custom_M_ft96_sl48_ll96_pl512_dm8_nh3_el1_dl512_df1_fctimeF_ebTrue_dtsparse_wcomp_projection_0,./results/Weather_pl96_MLP_attention_entmax_ratio0p1_k2_seed2021_iTransformer_custom_M_ft96_sl48_ll96_pl512_dm8_nh3_el1_dl512_df1_fctimeF_ebTrue_dtsparse_wcomp_projection_0/,./results/Weather_pl96_MLP_attention_entmax_ratio0p1_k2_seed2021_iTransformer_custom_M_ft96_sl48_ll96_pl512_dm8_nh3_el1_dl512_df1_fctimeF_ebTrue_dtsparse_wcomp_projection_0/weight_matrices,./results/sparse_attention_wcomp/plots/MLP_attention_entmax/Weather_pl96_MLP_attention_entmax_ratio0p1_k2_seed2021_iTransformer_custom_M_ft96_sl48_ll96_pl512_dm8_nh3_el1_dl512_df1_fctimeF_ebTrue_dtsparse_wcomp_projection_0
Electricity,96,iTransformer,iTransformer,,,0,none,slot_learned_linear,,feature,,mse,1.0,False,1,321,321,321,321,321,,,1.0,1.0,1.0,321,321,1.0,1.0,96,False,8,0.0,1.0,scalar,1.0,1.0,1.0,4,False,False,baseline,,321,,325,325,4,1.0,0.0,1.0,0.0,test,True,0.14823789224407888,0.24000647443934972,0.38501674281007425,2.5823922609606567,738839.0311939295,0.0,0.0,0.0,0.0,0.0,0.0,,0.0,2036.0912675857544,11380,0.1789183890672895,5.589140418785626,2375.2618658542633,4833888,810.86962890625,1008.0,810.86962890625,1.0,0,,,0,0,,,,,,,,,,,,,,,,0.0,0.0,0.0,0.0,none,persistence,1.0,0.0,none,1.0,0.0,success,2026-07-06 21:21:15,c2426e68ca13f74aaec08045c5c724d8ad328124,true,,,0,0,0,custom,./dataset/electricity/,electricity.csv,OT,h,2021,0,iTransformer,Electricity_pl96_iTransformer_seed2021,Electricity_pl96_iTransformer_seed2021_iTransformer_custom_M_ft96_sl48_ll96_pl512_dm8_nh3_el1_dl512_df1_fctimeF_ebTrue_dtbaseline_projection_0,96,48,3,512,512,16,0.0005,10,3,0,True,./checkpoints/Electricity_pl96_iTransformer_seed2021_iTransformer_custom_M_ft96_sl48_ll96_pl512_dm8_nh3_el1_dl512_df1_fctimeF_ebTrue_dtbaseline_projection_0,./results/Electricity_pl96_iTransformer_seed2021_iTransformer_custom_M_ft96_sl48_ll96_pl512_dm8_nh3_el1_dl512_df1_fctimeF_ebTrue_dtbaseline_projection_0/,,
Weather,96,MLP_attention,MLP_attention_entmax_entropy,,,0,MLP_attention,slot_learned_linear,learned_expand_linear,feature,,mse,1.0,True,1,21,21,21,2,2,0.1,2,0.1,0.09523809523809523,0.09523809523809523,2,2,0.09523809523809523,0.09523809523809523,6,False,8,0.0,1.0,scalar,1.0,1.0,1.0,4,False,False,ratio,,2,,26,7,5,0.2692307692307692,73.07692307692308,0.07248520710059171,92.75147928994083,test,True,0.20114047156541826,0.2514985226093328,0.4484868688885085,13.551129852342909,17771052.02693824,0.01,0.0,0.0,0.0,0.001,0.01,0.001,0.0,682.5149385929108,11460,0.059556277364128336,16.79084127246535,908.8172464370728,5097612,133.91845703125,180.0,133.91845703125,1.0,0,entmax15,1.5,0,0,1.7050092220306396,0.3683779835700989,5.878955364227295,2.072755813598633,0.34346795082092285,0.8986718654632568,0.9837713241577148,0.20000000298023224,0.6000000238418579,0.0,0.4523809552192688,1.0,0.9047619104385376,2.2937171459198,0.7097005248069763,0.0,0.0,0.0,0.0,none,persistence,1.0,0.0,none,1.0,0.0,success,2026-07-06 21:27:59,c2426e68ca13f74aaec08045c5c724d8ad328124,true,,,0,0,0,custom,./dataset/weather/,weather.csv,OT,t,2021,0,iTransformer,Weather_pl96_MLP_attention_entmax_entropy_ratio0p1_k2_seed2021,Weather_pl96_MLP_attention_entmax_entropy_ratio0p1_k2_seed2021_iTransformer_custom_M_ft96_sl48_ll96_pl512_dm8_nh3_el1_dl512_df1_fctimeF_ebTrue_dtsparse_wcomp_projection_0,96,48,3,512,512,32,0.0001,10,3,0,True,./checkpoints/Weather_pl96_MLP_attention_entmax_entropy_ratio0p1_k2_seed2021_iTransformer_custom_M_ft96_sl48_ll96_pl512_dm8_nh3_el1_dl512_df1_fctimeF_ebTrue_dtsparse_wcomp_projection_0,./results/Weather_pl96_MLP_attention_entmax_entropy_ratio0p1_k2_seed2021_iTransformer_custom_M_ft96_sl48_ll96_pl512_dm8_nh3_el1_dl512_df1_fctimeF_ebTrue_dtsparse_wcomp_projection_0/,./results/Weather_pl96_MLP_attention_entmax_entropy_ratio0p1_k2_seed2021_iTransformer_custom_M_ft96_sl48_ll96_pl512_dm8_nh3_el1_dl512_df1_fctimeF_ebTrue_dtsparse_wcomp_projection_0/weight_matrices,./results/sparse_attention_wcomp/plots/MLP_attention_entmax_entropy/Weather_pl96_MLP_attention_entmax_entropy_ratio0p1_k2_seed2021_iTransformer_custom_M_ft96_sl48_ll96_pl512_dm8_nh3_el1_dl512_df1_fctimeF_ebTrue_dtsparse_wcomp_projection_0
Weather,96,latent_query_attention,latent_query_attention_softmax,,,0,latent_query_attention,slot_learned_linear,learned_expand_linear,feature,,mse,1.0,True,1,21,21,21,2,2,0.1,2,0.1,0.09523809523809523,0.09523809523809523,2,2,0.09523809523809523,0.09523809523809523,6,False,8,0.0,1.0,scalar,1.0,1.0,1.0,4,False,False,ratio,,2,,26,7,5,0.2692307692307692,73.07692307692308,0.07248520710059171,92.75147928994083,test,True,0.2031982196473592,0.24926481716282983,0.45077513201967917,13.81209488714318,19299836.619181845,0.01,0.0,0.0,0.0,0.0,0.01,0.0,0.0,542.7445108890533,11460,0.04735990496414078,21.11490723550151,693.3886985778809,5359242,136.52001953125,186.0,136.52001953125,1.0,0,softmax,1.5,0,0,2.7603678703308105,0.04440343379974365,15.821243286132812,0.7020554542541504,0.1499442458152771,0.5287269949913025,0.7594672441482544,0.0,0.10000000149011612,0.35608550906181335,1.0,1.0,1.0,2.8077499866485596,0.4835017919540405,0.0,0.0,0.0,0.0,none,persistence,1.0,0.0,none,1.0,0.0,success,2026-07-06 21:39:34,c2426e68ca13f74aaec08045c5c724d8ad328124,true,,,0,0,0,custom,./dataset/weather/,weather.csv,OT,t,2021,0,iTransformer,Weather_pl96_latent_query_attention_softmax_ratio0p1_k2_seed2021,Weather_pl96_latent_query_attention_softmax_ratio0p1_k2_seed2021_iTransformer_custom_M_ft96_sl48_ll96_pl512_dm8_nh3_el1_dl512_df1_fctimeF_ebTrue_dtsparse_wcomp_projection_0,96,48,3,512,512,32,0.0001,10,3,0,True,./checkpoints/Weather_pl96_latent_query_attention_softmax_ratio0p1_k2_seed2021_iTransformer_custom_M_ft96_sl48_ll96_pl512_dm8_nh3_el1_dl512_df1_fctimeF_ebTrue_dtsparse_wcomp_projection_0,./results/Weather_pl96_latent_query_attention_softmax_ratio0p1_k2_seed2021_iTransformer_custom_M_ft96_sl48_ll96_pl512_dm8_nh3_el1_dl512_df1_fctimeF_ebTrue_dtsparse_wcomp_projection_0/,./results/Weather_pl96_latent_query_attention_softmax_ratio0p1_k2_seed2021_iTransformer_custom_M_ft96_sl48_ll96_pl512_dm8_nh3_el1_dl512_df1_fctimeF_ebTrue_dtsparse_wcomp_projection_0/weight_matrices,./results/sparse_attention_wcomp/plots/latent_query_attention_softmax/Weather_pl96_latent_query_attention_softmax_ratio0p1_k2_seed2021_iTransformer_custom_M_ft96_sl48_ll96_pl512_dm8_nh3_el1_dl512_df1_fctimeF_ebTrue_dtsparse_wcomp_projection_0
Electricity,720,iTransformer,iTransformer,,,0,none,slot_learned_linear,,feature,,mse,1.0,False,1,321,321,321,321,321,,,1.0,1.0,1.0,321,321,1.0,1.0,96,False,8,0.0,1.0,scalar,1.0,1.0,1.0,4,False,False,baseline,,321,,325,325,4,1.0,0.0,1.0,0.0,test,True,0.22589804185246892,0.3099617293797644,0.475287325575245,2.891269340706855,530112.6419687697,0.0,0.0,0.0,0.0,0.0,0.0,,0.0,1264.3958694934845,5495,0.23009933930727652,4.345949027974356,1568.5349113941193,5154000,900.92041015625,1074.0,900.92041015625,1.0,0,,,0,0,,,,,,,,,,,,,,,,0.0,0.0,0.0,0.0,none,persistence,1.0,0.0,none,1.0,0.0,success,2026-07-06 21:47:26,c2426e68ca13f74aaec08045c5c724d8ad328124,true,,,0,0,0,custom,./dataset/electricity/,electricity.csv,OT,h,2021,0,iTransformer,Electricity_pl720_iTransformer_seed2021,Electricity_pl720_iTransformer_seed2021_iTransformer_custom_M_ft96_sl48_ll720_pl512_dm8_nh3_el1_dl512_df1_fctimeF_ebTrue_dtbaseline_projection_0,96,48,3,512,512,16,0.0005,10,3,0,True,./checkpoints/Electricity_pl720_iTransformer_seed2021_iTransformer_custom_M_ft96_sl48_ll720_pl512_dm8_nh3_el1_dl512_df1_fctimeF_ebTrue_dtbaseline_projection_0,./results/Electricity_pl720_iTransformer_seed2021_iTransformer_custom_M_ft96_sl48_ll720_pl512_dm8_nh3_el1_dl512_df1_fctimeF_ebTrue_dtbaseline_projection_0/,,
Weather,96,latent_query_attention,latent_query_attention_softmax_entropy,,,0,latent_query_attention,slot_learned_linear,learned_expand_linear,feature,,mse,1.0,True,1,21,21,21,2,2,0.1,2,0.1,0.09523809523809523,0.09523809523809523,2,2,0.09523809523809523,0.09523809523809523,6,False,8,0.0,1.0,scalar,1.0,1.0,1.0,4,False,False,ratio,,2,,26,7,5,0.2692307692307692,73.07692307692308,0.07248520710059171,92.75147928994083,test,True,0.20265856377982802,0.24894266521741154,0.450176147502095,14.24895094831975,19820380.97519443,0.01,0.0,0.0,0.0,0.001,0.01,0.001,0.0,590.5594983100891,11460,0.05153224243543535,19.405326699161172,761.4398279190063,5359242,136.53173828125,188.0,136.53173828125,1.0,0,softmax,1.5,0,0,2.778017520904541,0.04338788986206055,16.10224151611328,0.6982040405273438,0.13995850086212158,0.5142198801040649,0.7565462589263916,0.0,0.10000000149011612,0.37804800271987915,1.0,1.0,1.0,2.828536033630371,0.46701496839523315,0.0,0.0,0.0,0.0,none,persistence,1.0,0.0,none,1.0,0.0,success,2026-07-06 21:52:18,c2426e68ca13f74aaec08045c5c724d8ad328124,true,,,0,0,0,custom,./dataset/weather/,weather.csv,OT,t,2021,0,iTransformer,Weather_pl96_latent_query_attention_softmax_entropy_ratio0p1_k2_seed2021,Weather_pl96_latent_query_attention_softmax_entropy_ratio0p1_k2_seed2021_iTransformer_custom_M_ft96_sl48_ll96_pl512_dm8_nh3_el1_dl512_df1_fctimeF_ebTrue_dtsparse_wcomp_projection_0,96,48,3,512,512,32,0.0001,10,3,0,True,./checkpoints/Weather_pl96_latent_query_attention_softmax_entropy_ratio0p1_k2_seed2021_iTransformer_custom_M_ft96_sl48_ll96_pl512_dm8_nh3_el1_dl512_df1_fctimeF_ebTrue_dtsparse_wcomp_projection_0,./results/Weather_pl96_latent_query_attention_softmax_entropy_ratio0p1_k2_seed2021_iTransformer_custom_M_ft96_sl48_ll96_pl512_dm8_nh3_el1_dl512_df1_fctimeF_ebTrue_dtsparse_wcomp_projection_0/,./results/Weather_pl96_latent_query_attention_softmax_entropy_ratio0p1_k2_seed2021_iTransformer_custom_M_ft96_sl48_ll96_pl512_dm8_nh3_el1_dl512_df1_fctimeF_ebTrue_dtsparse_wcomp_projection_0/weight_matrices,./results/sparse_attention_wcomp/plots/latent_query_attention_softmax_entropy/Weather_pl96_latent_query_attention_softmax_entropy_ratio0p1_k2_seed2021_iTransformer_custom_M_ft96_sl48_ll96_pl512_dm8_nh3_el1_dl512_df1_fctimeF_ebTrue_dtsparse_wcomp_projection_0
Weather,96,latent_query_attention,latent_query_attention_entmax,,,0,latent_query_attention,slot_learned_linear,learned_expand_linear,feature,,mse,1.0,True,1,21,21,21,2,2,0.1,2,0.1,0.09523809523809523,0.09523809523809523,2,2,0.09523809523809523,0.09523809523809523,6,False,8,0.0,1.0,scalar,1.0,1.0,1.0,4,False,False,ratio,,2,,26,7,5,0.2692307692307692,73.07692307692308,0.07248520710059171,92.75147928994083,test,True,0.20251353846447742,0.24803227147956297,0.45001504248689,12.728702137086689,16116792.764777344,0.01,0.0,0.0,0.0,0.0,0.01,0.0,0.0,986.8305475711823,11460,0.08611086802540857,11.612936008320482,1232.9000940322876,5359242,136.5869140625,184.0,136.5869140625,1.0,0,entmax15,1.5,0,0,2.511946678161621,0.28720855712890625,12.840909957885742,3.589850902557373,0.1300838440656662,0.5531476736068726,0.8833523988723755,0.0,0.0,0.2072591334581375,0.785714328289032,1.0,1.0,2.8493261337280273,0.42524275183677673,0.0,0.0,0.0,0.0,none,persistence,1.0,0.0,none,1.0,0.0,success,2026-07-06 22:12:54,c2426e68ca13f74aaec08045c5c724d8ad328124,true,,,0,0,0,custom,./dataset/weather/,weather.csv,OT,t,2021,0,iTransformer,Weather_pl96_latent_query_attention_entmax_ratio0p1_k2_seed2021,Weather_pl96_latent_query_attention_entmax_ratio0p1_k2_seed2021_iTransformer_custom_M_ft96_sl48_ll96_pl512_dm8_nh3_el1_dl512_df1_fctimeF_ebTrue_dtsparse_wcomp_projection_0,96,48,3,512,512,32,0.0001,10,3,0,True,./checkpoints/Weather_pl96_latent_query_attention_entmax_ratio0p1_k2_seed2021_iTransformer_custom_M_ft96_sl48_ll96_pl512_dm8_nh3_el1_dl512_df1_fctimeF_ebTrue_dtsparse_wcomp_projection_0,./results/Weather_pl96_latent_query_attention_entmax_ratio0p1_k2_seed2021_iTransformer_custom_M_ft96_sl48_ll96_pl512_dm8_nh3_el1_dl512_df1_fctimeF_ebTrue_dtsparse_wcomp_projection_0/,./results/Weather_pl96_latent_query_attention_entmax_ratio0p1_k2_seed2021_iTransformer_custom_M_ft96_sl48_ll96_pl512_dm8_nh3_el1_dl512_df1_fctimeF_ebTrue_dtsparse_wcomp_projection_0/weight_matrices,./results/sparse_attention_wcomp/plots/latent_query_attention_entmax/Weather_pl96_latent_query_attention_entmax_ratio0p1_k2_seed2021_iTransformer_custom_M_ft96_sl48_ll96_pl512_dm8_nh3_el1_dl512_df1_fctimeF_ebTrue_dtsparse_wcomp_projection_0
Traffic,96,iTransformer,iTransformer,,,0,none,slot_learned_linear,,feature,,mse,1.0,False,1,862,862,862,862,862,,,1.0,1.0,1.0,862,862,1.0,1.0,258,False,8,0.0,1.0,scalar,1.0,1.0,1.0,4,False,False,baseline,,862,,866,866,4,1.0,0.0,1.0,0.0,test,True,0.39215213893374273,0.2679916477787343,0.6262205194128844,2.9005952232677314,170862.93150158416,0.0,0.0,0.0,0.0,0.0,0.0,,0.0,1933.1123669147491,7550,0.25604137310129127,3.9056187985853166,2264.3785026073456,6411872,5080.8671875,5504.0,5080.8671875,1.0,0,,,0,0,,,,,,,,,,,,,,,,0.0,0.0,0.0,0.0,none,persistence,1.0,0.0,none,1.0,0.0,success,2026-07-06 22:25:13,c2426e68ca13f74aaec08045c5c724d8ad328124,true,,,0,0,0,custom,./dataset/traffic/,traffic.csv,OT,h,2021,0,iTransformer,Traffic_pl96_iTransformer_seed2021,Traffic_pl96_iTransformer_seed2021_iTransformer_custom_M_ft96_sl48_ll96_pl512_dm8_nh4_el1_dl512_df1_fctimeF_ebTrue_dtbaseline_projection_0,96,48,4,512,512,16,0.001,10,3,0,True,./checkpoints/Traffic_pl96_iTransformer_seed2021_iTransformer_custom_M_ft96_sl48_ll96_pl512_dm8_nh4_el1_dl512_df1_fctimeF_ebTrue_dtbaseline_projection_0,./results/Traffic_pl96_iTransformer_seed2021_iTransformer_custom_M_ft96_sl48_ll96_pl512_dm8_nh4_el1_dl512_df1_fctimeF_ebTrue_dtbaseline_projection_0/,,
Weather,96,latent_query_attention,latent_query_attention_entmax_entropy,,,0,latent_query_attention,slot_learned_linear,learned_expand_linear,feature,,mse,1.0,True,1,21,21,21,2,2,0.1,2,0.1,0.09523809523809523,0.09523809523809523,2,2,0.09523809523809523,0.09523809523809523,6,False,8,0.0,1.0,scalar,1.0,1.0,1.0,4,False,False,ratio,,2,,26,7,5,0.2692307692307692,73.07692307692308,0.07248520710059171,92.75147928994083,test,True,0.2029368823506762,0.24828582607950478,0.4504851632969461,14.288891938353451,20192064.190886747,0.01,0.0,0.0,0.0,0.001,0.01,0.001,0.0,942.6678066253662,11460,0.08225722570901974,12.156986713087592,1189.24924492836,5359242,136.5986328125,186.0,136.5986328125,1.0,0,entmax15,1.5,0,0,2.5193257331848145,0.23169124126434326,12.75507926940918,2.903472423553467,0.1388106644153595,0.5837937593460083,0.8878994584083557,0.0,0.0,0.1855468451976776,0.785714328289032,1.0,1.0,2.828317880630493,0.4502533972263336,0.0,0.0,0.0,0.0,none,persistence,1.0,0.0,none,1.0,0.0,success,2026-07-06 22:32:45,c2426e68ca13f74aaec08045c5c724d8ad328124,true,,,0,0,0,custom,./dataset/weather/,weather.csv,OT,t,2021,0,iTransformer,Weather_pl96_latent_query_attention_entmax_entropy_ratio0p1_k2_seed2021,Weather_pl96_latent_query_attention_entmax_entropy_ratio0p1_k2_seed2021_iTransformer_custom_M_ft96_sl48_ll96_pl512_dm8_nh3_el1_dl512_df1_fctimeF_ebTrue_dtsparse_wcomp_projection_0,96,48,3,512,512,32,0.0001,10,3,0,True,./checkpoints/Weather_pl96_latent_query_attention_entmax_entropy_ratio0p1_k2_seed2021_iTransformer_custom_M_ft96_sl48_ll96_pl512_dm8_nh3_el1_dl512_df1_fctimeF_ebTrue_dtsparse_wcomp_projection_0,./results/Weather_pl96_latent_query_attention_entmax_entropy_ratio0p1_k2_seed2021_iTransformer_custom_M_ft96_sl48_ll96_pl512_dm8_nh3_el1_dl512_df1_fctimeF_ebTrue_dtsparse_wcomp_projection_0/,./results/Weather_pl96_latent_query_attention_entmax_entropy_ratio0p1_k2_seed2021_iTransformer_custom_M_ft96_sl48_ll96_pl512_dm8_nh3_el1_dl512_df1_fctimeF_ebTrue_dtsparse_wcomp_projection_0/weight_matrices,./results/sparse_attention_wcomp/plots/latent_query_attention_entmax_entropy/Weather_pl96_latent_query_attention_entmax_entropy_ratio0p1_k2_seed2021_iTransformer_custom_M_ft96_sl48_ll96_pl512_dm8_nh3_el1_dl512_df1_fctimeF_ebTrue_dtsparse_wcomp_projection_0
Weather,96,MLP_attention,MLP_attention_softmax,,,0,MLP_attention,slot_learned_linear,learned_expand_linear,feature,,mse,1.0,True,1,21,21,21,6,6,0.3,6,0.3,0.2857142857142857,0.2857142857142857,6,6,0.2857142857142857,0.2857142857142857,6,False,8,0.0,1.0,scalar,1.0,1.0,1.0,4,False,False,ratio,,6,,26,11,5,0.4230769230769231,57.692307692307686,0.17899408284023668,82.10059171597634,test,True,0.1902783207366875,0.23894215478150369,0.43620903330477634,13.118668265356897,16640752.412575986,0.01,0.0,0.0,0.0,0.0,0.01,0.0,0.0,481.2089943885803,8022,0.05998616235210425,16.670511344437106,608.2239179611206,5099748,140.69140625,182.0,140.69140625,1.0,0,softmax,1.5,0,0,2.6702239513397217,0.3322537839412689,15.236312866210938,4.7953057289123535,0.1496635377407074,0.4876663088798523,0.7670914530754089,0.14666667580604553,0.40666672587394714,0.5839701294898987,1.0,1.0,1.0,2.7785093784332275,0.46094051003456116,0.0,0.0,0.0,0.0,none,persistence,1.0,0.0,none,1.0,0.0,success,2026-07-06 22:42:56,c2426e68ca13f74aaec08045c5c724d8ad328124,true,,,0,0,0,custom,./dataset/weather/,weather.csv,OT,t,2021,0,iTransformer,Weather_pl96_MLP_attention_softmax_ratio0p3_k6_seed2021,Weather_pl96_MLP_attention_softmax_ratio0p3_k6_seed2021_iTransformer_custom_M_ft96_sl48_ll96_pl512_dm8_nh3_el1_dl512_df1_fctimeF_ebTrue_dtsparse_wcomp_projection_0,96,48,3,512,512,32,0.0001,10,3,0,True,./checkpoints/Weather_pl96_MLP_attention_softmax_ratio0p3_k6_seed2021_iTransformer_custom_M_ft96_sl48_ll96_pl512_dm8_nh3_el1_dl512_df1_fctimeF_ebTrue_dtsparse_wcomp_projection_0,./results/Weather_pl96_MLP_attention_softmax_ratio0p3_k6_seed2021_iTransformer_custom_M_ft96_sl48_ll96_pl512_dm8_nh3_el1_dl512_df1_fctimeF_ebTrue_dtsparse_wcomp_projection_0/,./results/Weather_pl96_MLP_attention_softmax_ratio0p3_k6_seed2021_iTransformer_custom_M_ft96_sl48_ll96_pl512_dm8_nh3_el1_dl512_df1_fctimeF_ebTrue_dtsparse_wcomp_projection_0/weight_matrices,./results/sparse_attention_wcomp/plots/MLP_attention_softmax/Weather_pl96_MLP_attention_softmax_ratio0p3_k6_seed2021_iTransformer_custom_M_ft96_sl48_ll96_pl512_dm8_nh3_el1_dl512_df1_fctimeF_ebTrue_dtsparse_wcomp_projection_0
Weather,96,MLP_attention,MLP_attention_softmax_entropy,,,0,MLP_attention,slot_learned_linear,learned_expand_linear,feature,,mse,1.0,True,1,21,21,21,6,6,0.3,6,0.3,0.2857142857142857,0.2857142857142857,6,6,0.2857142857142857,0.2857142857142857,6,False,8,0.0,1.0,scalar,1.0,1.0,1.0,4,False,False,ratio,,6,,26,11,5,0.4230769230769231,57.692307692307686,0.17899408284023668,82.10059171597634,test,True,0.19047899401636545,0.23854448641777914,0.43643899231893274,13.300999793757251,17074917.571533065,0.01,0.0,0.0,0.0,0.001,0.01,0.001,0.0,696.4268927574158,11460,0.060770234970106085,16.455424279532853,857.0623726844788,5099748,140.7236328125,182.0,140.7236328125,1.0,0,softmax,1.5,0,0,2.685833692550659,0.31614476442337036,15.393771171569824,4.5786614418029785,0.14329522848129272,0.47875112295150757,0.7656332850456238,0.1600000113248825,0.41333335638046265,0.5874506235122681,1.0,1.0,1.0,2.7769594192504883,0.45893123745918274,0.0,0.0,0.0,0.0,none,persistence,1.0,0.0,none,1.0,0.0,success,2026-07-06 22:57:16,c2426e68ca13f74aaec08045c5c724d8ad328124,true,,,0,0,0,custom,./dataset/weather/,weather.csv,OT,t,2021,0,iTransformer,Weather_pl96_MLP_attention_softmax_entropy_ratio0p3_k6_seed2021,Weather_pl96_MLP_attention_softmax_entropy_ratio0p3_k6_seed2021_iTransformer_custom_M_ft96_sl48_ll96_pl512_dm8_nh3_el1_dl512_df1_fctimeF_ebTrue_dtsparse_wcomp_projection_0,96,48,3,512,512,32,0.0001,10,3,0,True,./checkpoints/Weather_pl96_MLP_attention_softmax_entropy_ratio0p3_k6_seed2021_iTransformer_custom_M_ft96_sl48_ll96_pl512_dm8_nh3_el1_dl512_df1_fctimeF_ebTrue_dtsparse_wcomp_projection_0,./results/Weather_pl96_MLP_attention_softmax_entropy_ratio0p3_k6_seed2021_iTransformer_custom_M_ft96_sl48_ll96_pl512_dm8_nh3_el1_dl512_df1_fctimeF_ebTrue_dtsparse_wcomp_projection_0/,./results/Weather_pl96_MLP_attention_softmax_entropy_ratio0p3_k6_seed2021_iTransformer_custom_M_ft96_sl48_ll96_pl512_dm8_nh3_el1_dl512_df1_fctimeF_ebTrue_dtsparse_wcomp_projection_0/weight_matrices,./results/sparse_attention_wcomp/plots/MLP_attention_softmax_entropy/Weather_pl96_MLP_attention_softmax_entropy_ratio0p3_k6_seed2021_iTransformer_custom_M_ft96_sl48_ll96_pl512_dm8_nh3_el1_dl512_df1_fctimeF_ebTrue_dtsparse_wcomp_projection_0
Traffic,720,iTransformer,iTransformer,,,0,none,slot_learned_linear,,feature,,mse,1.0,False,1,862,862,862,862,862,,,1.0,1.0,1.0,862,862,1.0,1.0,258,False,8,0.0,1.0,scalar,1.0,1.0,1.0,4,False,False,baseline,,862,,866,866,4,1.0,0.0,1.0,0.0,test,True,0.45801370001911507,0.3002909688376944,0.6767670943678593,3.0690297449857087,193852.67311351647,0.0,0.0,0.0,0.0,0.0,0.0,,0.0,2252.0494272708893,7160,0.31453204291492864,3.179326311979189,2612.9507246017456,6731984,5183.64453125,5944.0,5183.64453125,1.0,0,,,0,0,,,,,,,,,,,,,,,,0.0,0.0,0.0,0.0,none,persistence,1.0,0.0,none,1.0,0.0,success,2026-07-06 23:08:49,c2426e68ca13f74aaec08045c5c724d8ad328124,true,,,0,0,0,custom,./dataset/traffic/,traffic.csv,OT,h,2021,0,iTransformer,Traffic_pl720_iTransformer_seed2021,Traffic_pl720_iTransformer_seed2021_iTransformer_custom_M_ft96_sl48_ll720_pl512_dm8_nh4_el1_dl512_df1_fctimeF_ebTrue_dtbaseline_projection_0,96,48,4,512,512,16,0.001,10,3,0,True,./checkpoints/Traffic_pl720_iTransformer_seed2021_iTransformer_custom_M_ft96_sl48_ll720_pl512_dm8_nh4_el1_dl512_df1_fctimeF_ebTrue_dtbaseline_projection_0,./results/Traffic_pl720_iTransformer_seed2021_iTransformer_custom_M_ft96_sl48_ll720_pl512_dm8_nh4_el1_dl512_df1_fctimeF_ebTrue_dtbaseline_projection_0/,,
Weather,96,MLP_attention,MLP_attention_entmax,,,0,MLP_attention,slot_learned_linear,learned_expand_linear,feature,,mse,1.0,True,1,21,21,21,6,6,0.3,6,0.3,0.2857142857142857,0.2857142857142857,6,6,0.2857142857142857,0.2857142857142857,6,False,8,0.0,1.0,scalar,1.0,1.0,1.0,4,False,False,ratio,,6,,26,11,5,0.4230769230769231,57.692307692307686,0.17899408284023668,82.10059171597634,test,True,0.18937271483968024,0.2379117216415981,0.4351697540497044,14.557145180871947,19986876.823813293,0.01,0.0,0.0,0.0,0.0,0.01,0.0,0.0,820.9728546142578,11460,0.07163811994888812,13.95904862820902,1069.0574691295624,5099748,140.79296875,180.0,140.79296875,1.0,0,entmax15,1.5,0,0,2.4282071590423584,0.1668572574853897,11.494979858398438,1.883823037147522,0.16868862509727478,0.5847654342651367,0.8907994031906128,0.1600000113248825,0.40666672587394714,0.3862574100494385,0.7142857313156128,1.0,1.0,2.80000901222229,0.4656052589416504,0.0,0.0,0.0,0.0,none,persistence,1.0,0.0,none,1.0,0.0,success,2026-07-06 23:15:07,c2426e68ca13f74aaec08045c5c724d8ad328124,true,,,0,0,0,custom,./dataset/weather/,weather.csv,OT,t,2021,0,iTransformer,Weather_pl96_MLP_attention_entmax_ratio0p3_k6_seed2021,Weather_pl96_MLP_attention_entmax_ratio0p3_k6_seed2021_iTransformer_custom_M_ft96_sl48_ll96_pl512_dm8_nh3_el1_dl512_df1_fctimeF_ebTrue_dtsparse_wcomp_projection_0,96,48,3,512,512,32,0.0001,10,3,0,True,./checkpoints/Weather_pl96_MLP_attention_entmax_ratio0p3_k6_seed2021_iTransformer_custom_M_ft96_sl48_ll96_pl512_dm8_nh3_el1_dl512_df1_fctimeF_ebTrue_dtsparse_wcomp_projection_0,./results/Weather_pl96_MLP_attention_entmax_ratio0p3_k6_seed2021_iTransformer_custom_M_ft96_sl48_ll96_pl512_dm8_nh3_el1_dl512_df1_fctimeF_ebTrue_dtsparse_wcomp_projection_0/,./results/Weather_pl96_MLP_attention_entmax_ratio0p3_k6_seed2021_iTransformer_custom_M_ft96_sl48_ll96_pl512_dm8_nh3_el1_dl512_df1_fctimeF_ebTrue_dtsparse_wcomp_projection_0/weight_matrices,./results/sparse_attention_wcomp/plots/MLP_attention_entmax/Weather_pl96_MLP_attention_entmax_ratio0p3_k6_seed2021_iTransformer_custom_M_ft96_sl48_ll96_pl512_dm8_nh3_el1_dl512_df1_fctimeF_ebTrue_dtsparse_wcomp_projection_0
Solar,96,iTransformer,iTransformer,,,0,none,slot_learned_linear,,feature,,mse,1.0,False,1,137,137,137,137,137,,,1.0,1.0,1.0,137,137,1.0,1.0,41,False,8,0.0,1.0,scalar,1.0,1.0,1.0,4,False,False,baseline,,137,,137,137,0,1.0,0.0,1.0,0.0,test,True,0.2035099927362105,0.2351103775513585,0.4511208183360756,1.8207832516736215,22018.564438292626,0.0,0.0,0.0,0.0,0.0,0.0,,0.0,537.4852283000946,11430,0.04702407946632499,21.26570070799839,665.77245926857,3255904,392.4111328125,456.0,392.4111328125,1.0,0,,,0,0,,,,,,,,,,,,,,,,0.0,0.0,0.0,0.0,none,persistence,1.0,0.0,none,1.0,0.0,success,2026-07-06 23:19:57,c2426e68ca13f74aaec08045c5c724d8ad328124,true,,,0,0,0,Solar,./dataset/Solar/,solar_AL.txt,none,t,2021,0,iTransformer,Solar_pl96_iTransformer_seed2021,Solar_pl96_iTransformer_seed2021_iTransformer_Solar_M_ft96_sl48_ll96_pl512_dm8_nh2_el1_dl512_df1_fctimeF_ebTrue_dtbaseline_projection_0,96,48,2,512,512,32,0.0005,10,3,0,True,./checkpoints/Solar_pl96_iTransformer_seed2021_iTransformer_Solar_M_ft96_sl48_ll96_pl512_dm8_nh2_el1_dl512_df1_fctimeF_ebTrue_dtbaseline_projection_0,./results/Solar_pl96_iTransformer_seed2021_iTransformer_Solar_M_ft96_sl48_ll96_pl512_dm8_nh2_el1_dl512_df1_fctimeF_ebTrue_dtbaseline_projection_0/,,
Weather,96,MLP_attention,MLP_attention_entmax_entropy,,,0,MLP_attention,slot_learned_linear,learned_expand_linear,feature,,mse,1.0,True,1,21,21,21,6,6,0.3,6,0.3,0.2857142857142857,0.2857142857142857,6,6,0.2857142857142857,0.2857142857142857,6,False,8,0.0,1.0,scalar,1.0,1.0,1.0,4,False,False,ratio,,6,,26,11,5,0.4230769230769231,57.692307692307686,0.17899408284023668,82.10059171597634,test,True,0.18963304876494516,0.2378276692076032,0.43546876898917236,14.86123300207454,20396870.40944421,0.01,0.0,0.0,0.0,0.001,0.01,0.001,0.0,656.558119058609,11460,0.05729128438556798,17.45466192152442,876.4815242290497,5099748,140.8251953125,182.0,140.8251953125,1.0,0,entmax15,1.5,0,0,2.3777129650115967,0.3273443579673767,11.39664077758789,3.969059467315674,0.18447205424308777,0.6017263531684875,0.895598292350769,0.20000001788139343,0.40666672587394714,0.395328551530838,0.6904762387275696,1.0,1.0,2.771402597427368,0.4859406650066376,0.0,0.0,0.0,0.0,none,persistence,1.0,0.0,none,1.0,0.0,success,2026-07-06 23:29:46,c2426e68ca13f74aaec08045c5c724d8ad328124,true,,,0,0,0,custom,./dataset/weather/,weather.csv,OT,t,2021,0,iTransformer,Weather_pl96_MLP_attention_entmax_entropy_ratio0p3_k6_seed2021,Weather_pl96_MLP_attention_entmax_entropy_ratio0p3_k6_seed2021_iTransformer_custom_M_ft96_sl48_ll96_pl512_dm8_nh3_el1_dl512_df1_fctimeF_ebTrue_dtsparse_wcomp_projection_0,96,48,3,512,512,32,0.0001,10,3,0,True,./checkpoints/Weather_pl96_MLP_attention_entmax_entropy_ratio0p3_k6_seed2021_iTransformer_custom_M_ft96_sl48_ll96_pl512_dm8_nh3_el1_dl512_df1_fctimeF_ebTrue_dtsparse_wcomp_projection_0,./results/Weather_pl96_MLP_attention_entmax_entropy_ratio0p3_k6_seed2021_iTransformer_custom_M_ft96_sl48_ll96_pl512_dm8_nh3_el1_dl512_df1_fctimeF_ebTrue_dtsparse_wcomp_projection_0/,./results/Weather_pl96_MLP_attention_entmax_entropy_ratio0p3_k6_seed2021_iTransformer_custom_M_ft96_sl48_ll96_pl512_dm8_nh3_el1_dl512_df1_fctimeF_ebTrue_dtsparse_wcomp_projection_0/weight_matrices,./results/sparse_attention_wcomp/plots/MLP_attention_entmax_entropy/Weather_pl96_MLP_attention_entmax_entropy_ratio0p3_k6_seed2021_iTransformer_custom_M_ft96_sl48_ll96_pl512_dm8_nh3_el1_dl512_df1_fctimeF_ebTrue_dtsparse_wcomp_projection_0
Weather,96,latent_query_attention,latent_query_attention_softmax,,,0,latent_query_attention,slot_learned_linear,learned_expand_linear,feature,,mse,1.0,True,1,21,21,21,6,6,0.3,6,0.3,0.2857142857142857,0.2857142857142857,6,6,0.2857142857142857,0.2857142857142857,6,False,8,0.0,1.0,scalar,1.0,1.0,1.0,4,False,False,ratio,,6,,26,11,5,0.4230769230769231,57.692307692307686,0.17899408284023668,82.10059171597634,test,True,0.18866588296523643,0.23657803782438327,0.43435686130788403,11.128879551412414,12456371.908401906,0.01,0.0,0.0,0.0,0.0,0.01,0.0,0.0,544.7448205947876,11460,0.04753445205888199,21.037373035483352,689.9198191165924,5361374,143.37158203125,190.0,143.37158203125,1.0,0,softmax,1.5,0,0,2.602231025695801,0.34109267592430115,14.294073104858398,4.828011989593506,0.15759792923927307,0.5278239250183105,0.7814773321151733,0.3333333432674408,0.45333337783813477,0.5578533411026001,1.0,1.0,1.0,2.7067580223083496,0.5012898445129395,0.0,0.0,0.0,0.0,none,persistence,1.0,0.0,none,1.0,0.0,success,2026-07-06 23:41:19,c2426e68ca13f74aaec08045c5c724d8ad328124,true,,,0,0,0,custom,./dataset/weather/,weather.csv,OT,t,2021,0,iTransformer,Weather_pl96_latent_query_attention_softmax_ratio0p3_k6_seed2021,Weather_pl96_latent_query_attention_softmax_ratio0p3_k6_seed2021_iTransformer_custom_M_ft96_sl48_ll96_pl512_dm8_nh3_el1_dl512_df1_fctimeF_ebTrue_dtsparse_wcomp_projection_0,96,48,3,512,512,32,0.0001,10,3,0,True,./checkpoints/Weather_pl96_latent_query_attention_softmax_ratio0p3_k6_seed2021_iTransformer_custom_M_ft96_sl48_ll96_pl512_dm8_nh3_el1_dl512_df1_fctimeF_ebTrue_dtsparse_wcomp_projection_0,./results/Weather_pl96_latent_query_attention_softmax_ratio0p3_k6_seed2021_iTransformer_custom_M_ft96_sl48_ll96_pl512_dm8_nh3_el1_dl512_df1_fctimeF_ebTrue_dtsparse_wcomp_projection_0/,./results/Weather_pl96_latent_query_attention_softmax_ratio0p3_k6_seed2021_iTransformer_custom_M_ft96_sl48_ll96_pl512_dm8_nh3_el1_dl512_df1_fctimeF_ebTrue_dtsparse_wcomp_projection_0/weight_matrices,./results/sparse_attention_wcomp/plots/latent_query_attention_softmax/Weather_pl96_latent_query_attention_softmax_ratio0p3_k6_seed2021_iTransformer_custom_M_ft96_sl48_ll96_pl512_dm8_nh3_el1_dl512_df1_fctimeF_ebTrue_dtsparse_wcomp_projection_0
Weather,96,latent_query_attention,latent_query_attention_softmax_entropy,,,0,latent_query_attention,slot_learned_linear,learned_expand_linear,feature,,mse,1.0,True,1,21,21,21,6,6,0.3,6,0.3,0.2857142857142857,0.2857142857142857,6,6,0.2857142857142857,0.2857142857142857,6,False,8,0.0,1.0,scalar,1.0,1.0,1.0,4,False,False,ratio,,6,,26,11,5,0.4230769230769231,57.692307692307686,0.17899408284023668,82.10059171597634,test,True,0.18947068102298853,0.23763059948429263,0.43528230037871807,10.463775370613835,11360042.425710639,0.01,0.0,0.0,0.0,0.001,0.01,0.001,0.0,546.7425682544708,11460,0.04770877558939536,20.960504386163258,701.4924716949463,5361374,143.40380859375,190.0,143.40380859375,1.0,0,softmax,1.5,0,0,2.548436403274536,0.38645491003990173,13.756061553955078,5.180922031402588,0.17132487893104553,0.5462589263916016,0.7920066714286804,0.40000003576278687,0.45333337783813477,0.5376898646354675,1.0,1.0,1.0,2.6820151805877686,0.5105796456336975,0.0,0.0,0.0,0.0,none,persistence,1.0,0.0,none,1.0,0.0,success,2026-07-06 23:53:03,c2426e68ca13f74aaec08045c5c724d8ad328124,true,,,0,0,0,custom,./dataset/weather/,weather.csv,OT,t,2021,0,iTransformer,Weather_pl96_latent_query_attention_softmax_entropy_ratio0p3_k6_seed2021,Weather_pl96_latent_query_attention_softmax_entropy_ratio0p3_k6_seed2021_iTransformer_custom_M_ft96_sl48_ll96_pl512_dm8_nh3_el1_dl512_df1_fctimeF_ebTrue_dtsparse_wcomp_projection_0,96,48,3,512,512,32,0.0001,10,3,0,True,./checkpoints/Weather_pl96_latent_query_attention_softmax_entropy_ratio0p3_k6_seed2021_iTransformer_custom_M_ft96_sl48_ll96_pl512_dm8_nh3_el1_dl512_df1_fctimeF_ebTrue_dtsparse_wcomp_projection_0,./results/Weather_pl96_latent_query_attention_softmax_entropy_ratio0p3_k6_seed2021_iTransformer_custom_M_ft96_sl48_ll96_pl512_dm8_nh3_el1_dl512_df1_fctimeF_ebTrue_dtsparse_wcomp_projection_0/,./results/Weather_pl96_latent_query_attention_softmax_entropy_ratio0p3_k6_seed2021_iTransformer_custom_M_ft96_sl48_ll96_pl512_dm8_nh3_el1_dl512_df1_fctimeF_ebTrue_dtsparse_wcomp_projection_0/weight_matrices,./results/sparse_attention_wcomp/plots/latent_query_attention_softmax_entropy/Weather_pl96_latent_query_attention_softmax_entropy_ratio0p3_k6_seed2021_iTransformer_custom_M_ft96_sl48_ll96_pl512_dm8_nh3_el1_dl512_df1_fctimeF_ebTrue_dtsparse_wcomp_projection_0
Weather,96,latent_query_attention,latent_query_attention_entmax,,,0,latent_query_attention,slot_learned_linear,learned_expand_linear,feature,,mse,1.0,True,1,21,21,21,6,6,0.3,6,0.3,0.2857142857142857,0.2857142857142857,6,6,0.2857142857142857,0.2857142857142857,6,False,8,0.0,1.0,scalar,1.0,1.0,1.0,4,False,False,ratio,,6,,26,11,5,0.4230769230769231,57.692307692307686,0.17899408284023668,82.10059171597634,test,True,0.18885901722639065,0.23653765429147172,0.43457912654244063,12.037967185853041,14452945.038184114,0.01,0.0,0.0,0.0,0.0,0.01,0.0,0.0,646.8897681236267,11460,0.056447623745517164,17.715537584155893,865.6565270423889,5361374,143.47314453125,190.0,143.47314453125,1.0,0,entmax15,1.5,0,0,2.617974042892456,0.2861608564853668,14.264159202575684,3.9001998901367188,0.12777334451675415,0.5309805870056152,0.8164088726043701,0.2666666805744171,0.40666669607162476,0.5821784138679504,0.8730159401893616,1.0,1.0,2.807985782623291,0.4624195992946625,0.0,0.0,0.0,0.0,none,persistence,1.0,0.0,none,1.0,0.0,success,2026-07-07 00:07:31,c2426e68ca13f74aaec08045c5c724d8ad328124,true,,,0,0,0,custom,./dataset/weather/,weather.csv,OT,t,2021,0,iTransformer,Weather_pl96_latent_query_attention_entmax_ratio0p3_k6_seed2021,Weather_pl96_latent_query_attention_entmax_ratio0p3_k6_seed2021_iTransformer_custom_M_ft96_sl48_ll96_pl512_dm8_nh3_el1_dl512_df1_fctimeF_ebTrue_dtsparse_wcomp_projection_0,96,48,3,512,512,32,0.0001,10,3,0,True,./checkpoints/Weather_pl96_latent_query_attention_entmax_ratio0p3_k6_seed2021_iTransformer_custom_M_ft96_sl48_ll96_pl512_dm8_nh3_el1_dl512_df1_fctimeF_ebTrue_dtsparse_wcomp_projection_0,./results/Weather_pl96_latent_query_attention_entmax_ratio0p3_k6_seed2021_iTransformer_custom_M_ft96_sl48_ll96_pl512_dm8_nh3_el1_dl512_df1_fctimeF_ebTrue_dtsparse_wcomp_projection_0/,./results/Weather_pl96_latent_query_attention_entmax_ratio0p3_k6_seed2021_iTransformer_custom_M_ft96_sl48_ll96_pl512_dm8_nh3_el1_dl512_df1_fctimeF_ebTrue_dtsparse_wcomp_projection_0/weight_matrices,./results/sparse_attention_wcomp/plots/latent_query_attention_entmax/Weather_pl96_latent_query_attention_entmax_ratio0p3_k6_seed2021_iTransformer_custom_M_ft96_sl48_ll96_pl512_dm8_nh3_el1_dl512_df1_fctimeF_ebTrue_dtsparse_wcomp_projection_0
Solar,720,iTransformer,iTransformer,,,0,none,slot_learned_linear,,feature,,mse,1.0,False,1,137,137,137,137,137,,,1.0,1.0,1.0,137,137,1.0,1.0,41,False,8,0.0,1.0,scalar,1.0,1.0,1.0,4,False,False,baseline,,137,,137,137,0,1.0,0.0,1.0,0.0,test,True,0.2508977021012316,0.27598502663548036,0.5008968976757907,2.0488304584910346,28295.509303352075,0.0,0.0,0.0,0.0,0.0,0.0,,0.0,2727.3218474388123,11240,0.24264429247676267,4.121259106458344,3205.854033470154,3576016,451.00244140625,572.0,451.00244140625,1.0,0,,,0,0,,,,,,,,,,,,,,,,0.0,0.0,0.0,0.0,none,persistence,1.0,0.0,none,1.0,0.0,success,2026-07-07 00:13:25,c2426e68ca13f74aaec08045c5c724d8ad328124,true,,,0,0,0,Solar,./dataset/Solar/,solar_AL.txt,none,t,2021,0,iTransformer,Solar_pl720_iTransformer_seed2021,Solar_pl720_iTransformer_seed2021_iTransformer_Solar_M_ft96_sl48_ll720_pl512_dm8_nh2_el1_dl512_df1_fctimeF_ebTrue_dtbaseline_projection_0,96,48,2,512,512,32,0.0005,10,3,0,True,./checkpoints/Solar_pl720_iTransformer_seed2021_iTransformer_Solar_M_ft96_sl48_ll720_pl512_dm8_nh2_el1_dl512_df1_fctimeF_ebTrue_dtbaseline_projection_0,./results/Solar_pl720_iTransformer_seed2021_iTransformer_Solar_M_ft96_sl48_ll720_pl512_dm8_nh2_el1_dl512_df1_fctimeF_ebTrue_dtbaseline_projection_0/,,
Weather,96,latent_query_attention,latent_query_attention_entmax_entropy,,,0,latent_query_attention,slot_learned_linear,learned_expand_linear,feature,,mse,1.0,True,1,21,21,21,6,6,0.3,6,0.3,0.2857142857142857,0.2857142857142857,6,6,0.2857142857142857,0.2857142857142857,6,False,8,0.0,1.0,scalar,1.0,1.0,1.0,4,False,False,ratio,,6,,26,11,5,0.4230769230769231,57.692307692307686,0.17899408284023668,82.10059171597634,test,True,0.19001094524916065,0.2377984228335346,0.43590244923510196,11.519033119430278,13025970.442927405,0.01,0.0,0.0,0.0,0.001,0.01,0.001,0.0,446.3282251358032,11460,0.03894661650399679,25.67617137928728,591.779335975647,5361374,143.50537109375,190.0,143.50537109375,1.0,0,entmax15,1.5,0,0,2.6171560287475586,0.30529987812042236,14.321464538574219,4.0793609619140625,0.13261288404464722,0.5252665877342224,0.8076572418212891,0.2666666805744171,0.4333333671092987,0.5896384716033936,0.8492063879966736,1.0,1.0,2.8136518001556396,0.46776771545410156,0.0,0.0,0.0,0.0,none,persistence,1.0,0.0,none,1.0,0.0,success,2026-07-07 00:17:25,c2426e68ca13f74aaec08045c5c724d8ad328124,true,,,0,0,0,custom,./dataset/weather/,weather.csv,OT,t,2021,0,iTransformer,Weather_pl96_latent_query_attention_entmax_entropy_ratio0p3_k6_seed2021,Weather_pl96_latent_query_attention_entmax_entropy_ratio0p3_k6_seed2021_iTransformer_custom_M_ft96_sl48_ll96_pl512_dm8_nh3_el1_dl512_df1_fctimeF_ebTrue_dtsparse_wcomp_projection_0,96,48,3,512,512,32,0.0001,10,3,0,True,./checkpoints/Weather_pl96_latent_query_attention_entmax_entropy_ratio0p3_k6_seed2021_iTransformer_custom_M_ft96_sl48_ll96_pl512_dm8_nh3_el1_dl512_df1_fctimeF_ebTrue_dtsparse_wcomp_projection_0,./results/Weather_pl96_latent_query_attention_entmax_entropy_ratio0p3_k6_seed2021_iTransformer_custom_M_ft96_sl48_ll96_pl512_dm8_nh3_el1_dl512_df1_fctimeF_ebTrue_dtsparse_wcomp_projection_0/,./results/Weather_pl96_latent_query_attention_entmax_entropy_ratio0p3_k6_seed2021_iTransformer_custom_M_ft96_sl48_ll96_pl512_dm8_nh3_el1_dl512_df1_fctimeF_ebTrue_dtsparse_wcomp_projection_0/weight_matrices,./results/sparse_attention_wcomp/plots/latent_query_attention_entmax_entropy/Weather_pl96_latent_query_attention_entmax_entropy_ratio0p3_k6_seed2021_iTransformer_custom_M_ft96_sl48_ll96_pl512_dm8_nh3_el1_dl512_df1_fctimeF_ebTrue_dtsparse_wcomp_projection_0
Weather,720,MLP_attention,MLP_attention_softmax,,,0,MLP_attention,slot_learned_linear,learned_expand_linear,feature,,mse,1.0,True,1,21,21,21,2,2,0.1,2,0.1,0.09523809523809523,0.09523809523809523,2,2,0.09523809523809523,0.09523809523809523,6,False,8,0.0,1.0,scalar,1.0,1.0,1.0,4,False,False,ratio,,2,,26,7,5,0.2692307692307692,73.07692307692308,0.07248520710059171,92.75147928994083,test,True,0.3706795475959633,0.36255979772566893,0.6088345814718176,15.184623242698645,24993900.62962639,0.01,0.0,0.0,0.0,0.0,0.01,0.0,0.0,140.23107028007507,11270,0.012442863378888648,80.36735352223376,183.87271857261658,5417724,145.900390625,206.0,145.900390625,1.0,0,softmax,1.5,0,0,2.148930549621582,0.6947579979896545,10.729975700378418,6.449036598205566,0.27231690287590027,0.6645169258117676,0.8490282297134399,0.0,0.20000000298023224,0.06108063459396362,1.0,1.0,1.0,2.5270791053771973,0.5775821208953857,0.0,0.0,0.0,0.0,none,persistence,1.0,0.0,none,1.0,0.0,success,2026-07-07 00:20:31,c2426e68ca13f74aaec08045c5c724d8ad328124,true,,,0,0,0,custom,./dataset/weather/,weather.csv,OT,t,2021,0,iTransformer,Weather_pl720_MLP_attention_softmax_ratio0p1_k2_seed2021,Weather_pl720_MLP_attention_softmax_ratio0p1_k2_seed2021_iTransformer_custom_M_ft96_sl48_ll720_pl512_dm8_nh3_el1_dl512_df1_fctimeF_ebTrue_dtsparse_wcomp_projection_0,96,48,3,512,512,32,0.0001,10,3,0,True,./checkpoints/Weather_pl720_MLP_attention_softmax_ratio0p1_k2_seed2021_iTransformer_custom_M_ft96_sl48_ll720_pl512_dm8_nh3_el1_dl512_df1_fctimeF_ebTrue_dtsparse_wcomp_projection_0,./results/Weather_pl720_MLP_attention_softmax_ratio0p1_k2_seed2021_iTransformer_custom_M_ft96_sl48_ll720_pl512_dm8_nh3_el1_dl512_df1_fctimeF_ebTrue_dtsparse_wcomp_projection_0/,./results/Weather_pl720_MLP_attention_softmax_ratio0p1_k2_seed2021_iTransformer_custom_M_ft96_sl48_ll720_pl512_dm8_nh3_el1_dl512_df1_fctimeF_ebTrue_dtsparse_wcomp_projection_0/weight_matrices,./results/sparse_attention_wcomp/plots/MLP_attention_softmax/Weather_pl720_MLP_attention_softmax_ratio0p1_k2_seed2021_iTransformer_custom_M_ft96_sl48_ll720_pl512_dm8_nh3_el1_dl512_df1_fctimeF_ebTrue_dtsparse_wcomp_projection_0
Weather,720,MLP_attention,MLP_attention_softmax_entropy,,,0,MLP_attention,slot_learned_linear,learned_expand_linear,feature,,mse,1.0,True,1,21,21,21,2,2,0.1,2,0.1,0.09523809523809523,0.09523809523809523,2,2,0.09523809523809523,0.09523809523809523,6,False,8,0.0,1.0,scalar,1.0,1.0,1.0,4,False,False,ratio,,2,,26,7,5,0.2692307692307692,73.07692307692308,0.07248520710059171,92.75147928994083,test,True,0.37153384338713946,0.36341276832220476,0.6095357605482549,14.644911914626658,23844112.44083117,0.01,0.0,0.0,0.0,0.001,0.01,0.001,0.0,141.38866877555847,11270,0.0125455784184169,79.70935788277411,185.9448585510254,5417724,145.912109375,208.0,145.912109375,1.0,0,softmax,1.5,0,0,2.243147850036621,0.40329378843307495,10.199691772460938,3.904071807861328,0.2605907917022705,0.7051084637641907,0.8982200622558594,0.0,0.30000001192092896,0.05931805819272995,1.0,1.0,1.0,2.586981773376465,0.6018275618553162,0.0,0.0,0.0,0.0,none,persistence,1.0,0.0,none,1.0,0.0,success,2026-07-07 00:23:39,c2426e68ca13f74aaec08045c5c724d8ad328124,true,,,0,0,0,custom,./dataset/weather/,weather.csv,OT,t,2021,0,iTransformer,Weather_pl720_MLP_attention_softmax_entropy_ratio0p1_k2_seed2021,Weather_pl720_MLP_attention_softmax_entropy_ratio0p1_k2_seed2021_iTransformer_custom_M_ft96_sl48_ll720_pl512_dm8_nh3_el1_dl512_df1_fctimeF_ebTrue_dtsparse_wcomp_projection_0,96,48,3,512,512,32,0.0001,10,3,0,True,./checkpoints/Weather_pl720_MLP_attention_softmax_entropy_ratio0p1_k2_seed2021_iTransformer_custom_M_ft96_sl48_ll720_pl512_dm8_nh3_el1_dl512_df1_fctimeF_ebTrue_dtsparse_wcomp_projection_0,./results/Weather_pl720_MLP_attention_softmax_entropy_ratio0p1_k2_seed2021_iTransformer_custom_M_ft96_sl48_ll720_pl512_dm8_nh3_el1_dl512_df1_fctimeF_ebTrue_dtsparse_wcomp_projection_0/,./results/Weather_pl720_MLP_attention_softmax_entropy_ratio0p1_k2_seed2021_iTransformer_custom_M_ft96_sl48_ll720_pl512_dm8_nh3_el1_dl512_df1_fctimeF_ebTrue_dtsparse_wcomp_projection_0/weight_matrices,./results/sparse_attention_wcomp/plots/MLP_attention_softmax_entropy/Weather_pl720_MLP_attention_softmax_entropy_ratio0p1_k2_seed2021_iTransformer_custom_M_ft96_sl48_ll720_pl512_dm8_nh3_el1_dl512_df1_fctimeF_ebTrue_dtsparse_wcomp_projection_0
Weather,720,MLP_attention,MLP_attention_entmax,,,0,MLP_attention,slot_learned_linear,learned_expand_linear,feature,,mse,1.0,True,1,21,21,21,2,2,0.1,2,0.1,0.09523809523809523,0.09523809523809523,2,2,0.09523809523809523,0.09523809523809523,6,False,8,0.0,1.0,scalar,1.0,1.0,1.0,4,False,False,ratio,,2,,26,7,5,0.2692307692307692,73.07692307692308,0.07248520710059171,92.75147928994083,test,True,0.369988980352154,0.36240208672888075,0.6082671948676454,15.544734677789144,25901004.36260123,0.01,0.0,0.0,0.0,0.0,0.01,0.0,0.0,243.76929306983948,10143,0.024033253777959132,41.60901429489746,340.3033685684204,5417724,145.96728515625,206.0,145.96728515625,1.0,0,entmax15,1.5,0,0,1.461897850036621,0.4703604578971863,4.800230979919434,2.10485577583313,0.46648353338241577,0.9378834962844849,0.9977585077285767,0.0,0.4000000059604645,0.027937497943639755,0.4047619104385376,1.0,0.6666666865348816,1.9202361106872559,0.8086041212081909,0.0,0.0,0.0,0.0,none,persistence,1.0,0.0,none,1.0,0.0,success,2026-07-07 00:29:22,c2426e68ca13f74aaec08045c5c724d8ad328124,true,,,0,0,0,custom,./dataset/weather/,weather.csv,OT,t,2021,0,iTransformer,Weather_pl720_MLP_attention_entmax_ratio0p1_k2_seed2021,Weather_pl720_MLP_attention_entmax_ratio0p1_k2_seed2021_iTransformer_custom_M_ft96_sl48_ll720_pl512_dm8_nh3_el1_dl512_df1_fctimeF_ebTrue_dtsparse_wcomp_projection_0,96,48,3,512,512,32,0.0001,10,3,0,True,./checkpoints/Weather_pl720_MLP_attention_entmax_ratio0p1_k2_seed2021_iTransformer_custom_M_ft96_sl48_ll720_pl512_dm8_nh3_el1_dl512_df1_fctimeF_ebTrue_dtsparse_wcomp_projection_0,./results/Weather_pl720_MLP_attention_entmax_ratio0p1_k2_seed2021_iTransformer_custom_M_ft96_sl48_ll720_pl512_dm8_nh3_el1_dl512_df1_fctimeF_ebTrue_dtsparse_wcomp_projection_0/,./results/Weather_pl720_MLP_attention_entmax_ratio0p1_k2_seed2021_iTransformer_custom_M_ft96_sl48_ll720_pl512_dm8_nh3_el1_dl512_df1_fctimeF_ebTrue_dtsparse_wcomp_projection_0/weight_matrices,./results/sparse_attention_wcomp/plots/MLP_attention_entmax/Weather_pl720_MLP_attention_entmax_ratio0p1_k2_seed2021_iTransformer_custom_M_ft96_sl48_ll720_pl512_dm8_nh3_el1_dl512_df1_fctimeF_ebTrue_dtsparse_wcomp_projection_0
Weather,720,MLP_attention,MLP_attention_entmax_entropy,,,0,MLP_attention,slot_learned_linear,learned_expand_linear,feature,,mse,1.0,True,1,21,21,21,2,2,0.1,2,0.1,0.09523809523809523,0.09523809523809523,2,2,0.09523809523809523,0.09523809523809523,6,False,8,0.0,1.0,scalar,1.0,1.0,1.0,4,False,False,ratio,,2,,26,7,5,0.2692307692307692,73.07692307692308,0.07248520710059171,92.75147928994083,test,True,0.36949994064621744,0.361276369169784,0.607865067795656,15.335008403744768,25782436.408836864,0.01,0.0,0.0,0.0,0.001,0.01,0.001,0.0,223.33201503753662,9016,0.024770631658999183,40.37038755274129,319.55326986312866,5417724,145.97900390625,208.0,145.97900390625,1.0,0,entmax15,1.5,0,0,0.5752759575843811,0.5752759575843811,2.079968214035034,1.0799682140350342,0.7098785042762756,1.0,1.0,0.4000000059604645,0.699999988079071,0.0,0.1190476194024086,1.0,0.2380952388048172,1.1727609634399414,1.0,0.0,0.0,0.0,0.0,none,persistence,1.0,0.0,none,1.0,0.0,success,2026-07-07 00:34:43,c2426e68ca13f74aaec08045c5c724d8ad328124,true,,,0,0,0,custom,./dataset/weather/,weather.csv,OT,t,2021,0,iTransformer,Weather_pl720_MLP_attention_entmax_entropy_ratio0p1_k2_seed2021,Weather_pl720_MLP_attention_entmax_entropy_ratio0p1_k2_seed2021_iTransformer_custom_M_ft96_sl48_ll720_pl512_dm8_nh3_el1_dl512_df1_fctimeF_ebTrue_dtsparse_wcomp_projection_0,96,48,3,512,512,32,0.0001,10,3,0,True,./checkpoints/Weather_pl720_MLP_attention_entmax_entropy_ratio0p1_k2_seed2021_iTransformer_custom_M_ft96_sl48_ll720_pl512_dm8_nh3_el1_dl512_df1_fctimeF_ebTrue_dtsparse_wcomp_projection_0,./results/Weather_pl720_MLP_attention_entmax_entropy_ratio0p1_k2_seed2021_iTransformer_custom_M_ft96_sl48_ll720_pl512_dm8_nh3_el1_dl512_df1_fctimeF_ebTrue_dtsparse_wcomp_projection_0/,./results/Weather_pl720_MLP_attention_entmax_entropy_ratio0p1_k2_seed2021_iTransformer_custom_M_ft96_sl48_ll720_pl512_dm8_nh3_el1_dl512_df1_fctimeF_ebTrue_dtsparse_wcomp_projection_0/weight_matrices,./results/sparse_attention_wcomp/plots/MLP_attention_entmax_entropy/Weather_pl720_MLP_attention_entmax_entropy_ratio0p1_k2_seed2021_iTransformer_custom_M_ft96_sl48_ll720_pl512_dm8_nh3_el1_dl512_df1_fctimeF_ebTrue_dtsparse_wcomp_projection_0
Weather,720,latent_query_attention,latent_query_attention_softmax,,,0,latent_query_attention,slot_learned_linear,learned_expand_linear,feature,,mse,1.0,True,1,21,21,21,2,2,0.1,2,0.1,0.09523809523809523,0.09523809523809523,2,2,0.09523809523809523,0.09523809523809523,6,False,8,0.0,1.0,scalar,1.0,1.0,1.0,4,False,False,ratio,,2,,26,7,5,0.2692307692307692,73.07692307692308,0.07248520710059171,92.75147928994083,test,True,0.3687498255996231,0.36029395296218514,0.6072477464755411,14.682405618765934,23357876.150022447,0.01,0.0,0.0,0.0,0.0,0.01,0.0,0.0,140.71137762069702,11270,0.012485481598997074,80.09302581330363,183.8428065776825,5679354,147.82666015625,214.0,147.82666015625,1.0,0,softmax,1.5,0,0,2.7611541748046875,0.12461328506469727,15.941062927246094,1.9762492179870605,0.14147089421749115,0.5010807514190674,0.7797539234161377,0.0,0.0,0.3797260820865631,1.0,1.0,1.0,2.8615987300872803,0.42820823192596436,0.0,0.0,0.0,0.0,none,persistence,1.0,0.0,none,1.0,0.0,success,2026-07-07 00:37:49,c2426e68ca13f74aaec08045c5c724d8ad328124,true,,,0,0,0,custom,./dataset/weather/,weather.csv,OT,t,2021,0,iTransformer,Weather_pl720_latent_query_attention_softmax_ratio0p1_k2_seed2021,Weather_pl720_latent_query_attention_softmax_ratio0p1_k2_seed2021_iTransformer_custom_M_ft96_sl48_ll720_pl512_dm8_nh3_el1_dl512_df1_fctimeF_ebTrue_dtsparse_wcomp_projection_0,96,48,3,512,512,32,0.0001,10,3,0,True,./checkpoints/Weather_pl720_latent_query_attention_softmax_ratio0p1_k2_seed2021_iTransformer_custom_M_ft96_sl48_ll720_pl512_dm8_nh3_el1_dl512_df1_fctimeF_ebTrue_dtsparse_wcomp_projection_0,./results/Weather_pl720_latent_query_attention_softmax_ratio0p1_k2_seed2021_iTransformer_custom_M_ft96_sl48_ll720_pl512_dm8_nh3_el1_dl512_df1_fctimeF_ebTrue_dtsparse_wcomp_projection_0/,./results/Weather_pl720_latent_query_attention_softmax_ratio0p1_k2_seed2021_iTransformer_custom_M_ft96_sl48_ll720_pl512_dm8_nh3_el1_dl512_df1_fctimeF_ebTrue_dtsparse_wcomp_projection_0/weight_matrices,./results/sparse_attention_wcomp/plots/latent_query_attention_softmax/Weather_pl720_latent_query_attention_softmax_ratio0p1_k2_seed2021_iTransformer_custom_M_ft96_sl48_ll720_pl512_dm8_nh3_el1_dl512_df1_fctimeF_ebTrue_dtsparse_wcomp_projection_0
Weather,720,latent_query_attention,latent_query_attention_softmax_entropy,,,0,latent_query_attention,slot_learned_linear,learned_expand_linear,feature,,mse,1.0,True,1,21,21,21,2,2,0.1,2,0.1,0.09523809523809523,0.09523809523809523,2,2,0.09523809523809523,0.09523809523809523,6,False,8,0.0,1.0,scalar,1.0,1.0,1.0,4,False,False,ratio,,2,,26,7,5,0.2692307692307692,73.07692307692308,0.07248520710059171,92.75147928994083,test,True,0.36859413142530695,0.3601733278104724,0.6071195363561503,14.62328158522261,23438878.73971333,0.01,0.0,0.0,0.0,0.001,0.01,0.001,0.0,143.28888249397278,11270,0.012714186556696786,78.65229879557512,187.44467568397522,5679354,147.83837890625,214.0,147.83837890625,1.0,0,softmax,1.5,0,0,2.7303731441497803,0.1368868350982666,15.482542037963867,2.1062169075012207,0.14274191856384277,0.5007660388946533,0.8048260807991028,0.0,0.0,0.3355342447757721,1.0,1.0,1.0,2.8736298084259033,0.4110648036003113,0.0,0.0,0.0,0.0,none,persistence,1.0,0.0,none,1.0,0.0,success,2026-07-07 00:40:59,c2426e68ca13f74aaec08045c5c724d8ad328124,true,,,0,0,0,custom,./dataset/weather/,weather.csv,OT,t,2021,0,iTransformer,Weather_pl720_latent_query_attention_softmax_entropy_ratio0p1_k2_seed2021,Weather_pl720_latent_query_attention_softmax_entropy_ratio0p1_k2_seed2021_iTransformer_custom_M_ft96_sl48_ll720_pl512_dm8_nh3_el1_dl512_df1_fctimeF_ebTrue_dtsparse_wcomp_projection_0,96,48,3,512,512,32,0.0001,10,3,0,True,./checkpoints/Weather_pl720_latent_query_attention_softmax_entropy_ratio0p1_k2_seed2021_iTransformer_custom_M_ft96_sl48_ll720_pl512_dm8_nh3_el1_dl512_df1_fctimeF_ebTrue_dtsparse_wcomp_projection_0,./results/Weather_pl720_latent_query_attention_softmax_entropy_ratio0p1_k2_seed2021_iTransformer_custom_M_ft96_sl48_ll720_pl512_dm8_nh3_el1_dl512_df1_fctimeF_ebTrue_dtsparse_wcomp_projection_0/,./results/Weather_pl720_latent_query_attention_softmax_entropy_ratio0p1_k2_seed2021_iTransformer_custom_M_ft96_sl48_ll720_pl512_dm8_nh3_el1_dl512_df1_fctimeF_ebTrue_dtsparse_wcomp_projection_0/weight_matrices,./results/sparse_attention_wcomp/plots/latent_query_attention_softmax_entropy/Weather_pl720_latent_query_attention_softmax_entropy_ratio0p1_k2_seed2021_iTransformer_custom_M_ft96_sl48_ll720_pl512_dm8_nh3_el1_dl512_df1_fctimeF_ebTrue_dtsparse_wcomp_projection_0
Weather,720,latent_query_attention,latent_query_attention_entmax,,,0,latent_query_attention,slot_learned_linear,learned_expand_linear,feature,,mse,1.0,True,1,21,21,21,2,2,0.1,2,0.1,0.09523809523809523,0.09523809523809523,2,2,0.09523809523809523,0.09523809523809523,6,False,8,0.0,1.0,scalar,1.0,1.0,1.0,4,False,False,ratio,,2,,26,7,5,0.2692307692307692,73.07692307692308,0.07248520710059171,92.75147928994083,test,True,0.36910721726696244,0.36041034409045974,0.6075419469196859,14.526440216199154,22992329.79752261,0.01,0.0,0.0,0.0,0.0,0.01,0.0,0.0,247.3375482559204,10143,0.02438504863018046,41.008735113299615,344.72465682029724,5679354,147.8935546875,214.0,147.8935546875,1.0,0,entmax15,1.5,0,0,2.352649688720703,0.0034542083740234375,10.513452529907227,0.0363154411315918,0.19537338614463806,0.6584897637367249,0.9235013127326965,0.0,0.30000001192092896,0.16196206212043762,0.7142857313156128,1.0,1.0,2.757423162460327,0.5085697174072266,0.0,0.0,0.0,0.0,none,persistence,1.0,0.0,none,1.0,0.0,success,2026-07-07 00:46:46,c2426e68ca13f74aaec08045c5c724d8ad328124,true,,,0,0,0,custom,./dataset/weather/,weather.csv,OT,t,2021,0,iTransformer,Weather_pl720_latent_query_attention_entmax_ratio0p1_k2_seed2021,Weather_pl720_latent_query_attention_entmax_ratio0p1_k2_seed2021_iTransformer_custom_M_ft96_sl48_ll720_pl512_dm8_nh3_el1_dl512_df1_fctimeF_ebTrue_dtsparse_wcomp_projection_0,96,48,3,512,512,32,0.0001,10,3,0,True,./checkpoints/Weather_pl720_latent_query_attention_entmax_ratio0p1_k2_seed2021_iTransformer_custom_M_ft96_sl48_ll720_pl512_dm8_nh3_el1_dl512_df1_fctimeF_ebTrue_dtsparse_wcomp_projection_0,./results/Weather_pl720_latent_query_attention_entmax_ratio0p1_k2_seed2021_iTransformer_custom_M_ft96_sl48_ll720_pl512_dm8_nh3_el1_dl512_df1_fctimeF_ebTrue_dtsparse_wcomp_projection_0/,./results/Weather_pl720_latent_query_attention_entmax_ratio0p1_k2_seed2021_iTransformer_custom_M_ft96_sl48_ll720_pl512_dm8_nh3_el1_dl512_df1_fctimeF_ebTrue_dtsparse_wcomp_projection_0/weight_matrices,./results/sparse_attention_wcomp/plots/latent_query_attention_entmax/Weather_pl720_latent_query_attention_entmax_ratio0p1_k2_seed2021_iTransformer_custom_M_ft96_sl48_ll720_pl512_dm8_nh3_el1_dl512_df1_fctimeF_ebTrue_dtsparse_wcomp_projection_0
Weather,720,latent_query_attention,latent_query_attention_entmax_entropy,,,0,latent_query_attention,slot_learned_linear,learned_expand_linear,feature,,mse,1.0,True,1,21,21,21,2,2,0.1,2,0.1,0.09523809523809523,0.09523809523809523,2,2,0.09523809523809523,0.09523809523809523,6,False,8,0.0,1.0,scalar,1.0,1.0,1.0,4,False,False,ratio,,2,,26,7,5,0.2692307692307692,73.07692307692308,0.07248520710059171,92.75147928994083,test,True,0.36841143197355647,0.35985660237086203,0.6069690535550857,14.419141451769118,22714641.894390646,0.01,0.0,0.0,0.0,0.001,0.01,0.001,0.0,273.58389139175415,11270,0.02427541183600303,41.193945822863164,370.5349590778351,5679354,147.9052734375,214.0,147.9052734375,1.0,0,entmax15,1.5,0,0,2.301560640335083,0.0032455921173095703,9.989812850952148,0.03242301940917969,0.2282918095588684,0.6690285205841064,0.9441360235214233,0.20000000298023224,0.30000001192092896,0.2801932096481323,0.6428571343421936,1.0,1.0,2.6821463108062744,0.5442705154418945,0.0,0.0,0.0,0.0,none,persistence,1.0,0.0,none,1.0,0.0,success,2026-07-07 00:52:59,c2426e68ca13f74aaec08045c5c724d8ad328124,true,,,0,0,0,custom,./dataset/weather/,weather.csv,OT,t,2021,0,iTransformer,Weather_pl720_latent_query_attention_entmax_entropy_ratio0p1_k2_seed2021,Weather_pl720_latent_query_attention_entmax_entropy_ratio0p1_k2_seed2021_iTransformer_custom_M_ft96_sl48_ll720_pl512_dm8_nh3_el1_dl512_df1_fctimeF_ebTrue_dtsparse_wcomp_projection_0,96,48,3,512,512,32,0.0001,10,3,0,True,./checkpoints/Weather_pl720_latent_query_attention_entmax_entropy_ratio0p1_k2_seed2021_iTransformer_custom_M_ft96_sl48_ll720_pl512_dm8_nh3_el1_dl512_df1_fctimeF_ebTrue_dtsparse_wcomp_projection_0,./results/Weather_pl720_latent_query_attention_entmax_entropy_ratio0p1_k2_seed2021_iTransformer_custom_M_ft96_sl48_ll720_pl512_dm8_nh3_el1_dl512_df1_fctimeF_ebTrue_dtsparse_wcomp_projection_0/,./results/Weather_pl720_latent_query_attention_entmax_entropy_ratio0p1_k2_seed2021_iTransformer_custom_M_ft96_sl48_ll720_pl512_dm8_nh3_el1_dl512_df1_fctimeF_ebTrue_dtsparse_wcomp_projection_0/weight_matrices,./results/sparse_attention_wcomp/plots/latent_query_attention_entmax_entropy/Weather_pl720_latent_query_attention_entmax_entropy_ratio0p1_k2_seed2021_iTransformer_custom_M_ft96_sl48_ll720_pl512_dm8_nh3_el1_dl512_df1_fctimeF_ebTrue_dtsparse_wcomp_projection_0
Weather,720,MLP_attention,MLP_attention_softmax,,,0,MLP_attention,slot_learned_linear,learned_expand_linear,feature,,mse,1.0,True,1,21,21,21,6,6,0.3,6,0.3,0.2857142857142857,0.2857142857142857,6,6,0.2857142857142857,0.2857142857142857,6,False,8,0.0,1.0,scalar,1.0,1.0,1.0,4,False,False,ratio,,6,,26,11,5,0.4230769230769231,57.692307692307686,0.17899408284023668,82.10059171597634,test,True,0.3611744973502234,0.3544006128867162,0.6009779508020435,13.701573427928707,21335167.9876028,0.01,0.0,0.0,0.0,0.0,0.01,0.0,0.0,126.61878609657288,10143,0.012483366469148464,80.10659644346832,168.2358021736145,5419860,152.751953125,212.0,152.751953125,1.0,0,softmax,1.5,0,0,2.267920970916748,0.3118928074836731,10.095087051391602,2.7521586418151855,0.2213815152645111,0.7112683653831482,0.9227721095085144,0.14666667580604553,0.39333340525627136,0.28905126452445984,1.0,1.0,1.0,2.665198564529419,0.5392864942550659,0.0,0.0,0.0,0.0,none,persistence,1.0,0.0,none,1.0,0.0,success,2026-07-07 00:55:49,c2426e68ca13f74aaec08045c5c724d8ad328124,true,,,0,0,0,custom,./dataset/weather/,weather.csv,OT,t,2021,0,iTransformer,Weather_pl720_MLP_attention_softmax_ratio0p3_k6_seed2021,Weather_pl720_MLP_attention_softmax_ratio0p3_k6_seed2021_iTransformer_custom_M_ft96_sl48_ll720_pl512_dm8_nh3_el1_dl512_df1_fctimeF_ebTrue_dtsparse_wcomp_projection_0,96,48,3,512,512,32,0.0001,10,3,0,True,./checkpoints/Weather_pl720_MLP_attention_softmax_ratio0p3_k6_seed2021_iTransformer_custom_M_ft96_sl48_ll720_pl512_dm8_nh3_el1_dl512_df1_fctimeF_ebTrue_dtsparse_wcomp_projection_0,./results/Weather_pl720_MLP_attention_softmax_ratio0p3_k6_seed2021_iTransformer_custom_M_ft96_sl48_ll720_pl512_dm8_nh3_el1_dl512_df1_fctimeF_ebTrue_dtsparse_wcomp_projection_0/,./results/Weather_pl720_MLP_attention_softmax_ratio0p3_k6_seed2021_iTransformer_custom_M_ft96_sl48_ll720_pl512_dm8_nh3_el1_dl512_df1_fctimeF_ebTrue_dtsparse_wcomp_projection_0/weight_matrices,./results/sparse_attention_wcomp/plots/MLP_attention_softmax/Weather_pl720_MLP_attention_softmax_ratio0p3_k6_seed2021_iTransformer_custom_M_ft96_sl48_ll720_pl512_dm8_nh3_el1_dl512_df1_fctimeF_ebTrue_dtsparse_wcomp_projection_0
Weather,720,MLP_attention,MLP_attention_softmax_entropy,,,0,MLP_attention,slot_learned_linear,learned_expand_linear,feature,,mse,1.0,True,1,21,21,21,6,6,0.3,6,0.3,0.2857142857142857,0.2857142857142857,6,6,0.2857142857142857,0.2857142857142857,6,False,8,0.0,1.0,scalar,1.0,1.0,1.0,4,False,False,ratio,,6,,26,11,5,0.4230769230769231,57.692307692307686,0.17899408284023668,82.10059171597634,test,True,0.3603954417414289,0.3539685149317792,0.6003294443398799,14.03031282358566,22044975.98896334,0.01,0.0,0.0,0.0,0.001,0.01,0.001,0.0,113.54928779602051,9016,0.012594197847828361,79.40164289005764,156.29208302497864,5419860,152.7841796875,212.0,152.7841796875,1.0,0,softmax,1.5,0,0,2.2728145122528076,0.37688353657722473,10.377914428710938,3.6278953552246094,0.2131652534008026,0.7086474299430847,0.9119381904602051,0.1600000113248825,0.3799999952316284,0.30170077085494995,1.0,1.0,1.0,2.6721878051757812,0.535824716091156,0.0,0.0,0.0,0.0,none,persistence,1.0,0.0,none,1.0,0.0,success,2026-07-07 00:58:28,c2426e68ca13f74aaec08045c5c724d8ad328124,true,,,0,0,0,custom,./dataset/weather/,weather.csv,OT,t,2021,0,iTransformer,Weather_pl720_MLP_attention_softmax_entropy_ratio0p3_k6_seed2021,Weather_pl720_MLP_attention_softmax_entropy_ratio0p3_k6_seed2021_iTransformer_custom_M_ft96_sl48_ll720_pl512_dm8_nh3_el1_dl512_df1_fctimeF_ebTrue_dtsparse_wcomp_projection_0,96,48,3,512,512,32,0.0001,10,3,0,True,./checkpoints/Weather_pl720_MLP_attention_softmax_entropy_ratio0p3_k6_seed2021_iTransformer_custom_M_ft96_sl48_ll720_pl512_dm8_nh3_el1_dl512_df1_fctimeF_ebTrue_dtsparse_wcomp_projection_0,./results/Weather_pl720_MLP_attention_softmax_entropy_ratio0p3_k6_seed2021_iTransformer_custom_M_ft96_sl48_ll720_pl512_dm8_nh3_el1_dl512_df1_fctimeF_ebTrue_dtsparse_wcomp_projection_0/,./results/Weather_pl720_MLP_attention_softmax_entropy_ratio0p3_k6_seed2021_iTransformer_custom_M_ft96_sl48_ll720_pl512_dm8_nh3_el1_dl512_df1_fctimeF_ebTrue_dtsparse_wcomp_projection_0/weight_matrices,./results/sparse_attention_wcomp/plots/MLP_attention_softmax_entropy/Weather_pl720_MLP_attention_softmax_entropy_ratio0p3_k6_seed2021_iTransformer_custom_M_ft96_sl48_ll720_pl512_dm8_nh3_el1_dl512_df1_fctimeF_ebTrue_dtsparse_wcomp_projection_0
Weather,720,MLP_attention,MLP_attention_entmax,,,0,MLP_attention,slot_learned_linear,learned_expand_linear,feature,,mse,1.0,True,1,21,21,21,6,6,0.3,6,0.3,0.2857142857142857,0.2857142857142857,6,6,0.2857142857142857,0.2857142857142857,6,False,8,0.0,1.0,scalar,1.0,1.0,1.0,4,False,False,ratio,,6,,26,11,5,0.4230769230769231,57.692307692307686,0.17899408284023668,82.10059171597634,test,True,0.3623148777716084,0.3562022345570549,0.601925973664211,14.639443655287048,23988674.941313326,0.01,0.0,0.0,0.0,0.0,0.01,0.0,0.0,218.79601168632507,9016,0.024267525697241023,41.20733248522696,314.2364158630371,5419860,152.853515625,216.0,152.853515625,1.0,0,entmax15,1.5,0,0,2.0855002403259277,0.6730785965919495,9.931902885437012,5.833498001098633,0.24416276812553406,0.7159292697906494,0.8876574039459229,0.1733333319425583,0.46000003814697266,0.34969669580459595,0.6587302088737488,1.0,1.0,2.6192004680633545,0.5681518316268921,0.0,0.0,0.0,0.0,none,persistence,1.0,0.0,none,1.0,0.0,success,2026-07-07 01:03:44,c2426e68ca13f74aaec08045c5c724d8ad328124,true,,,0,0,0,custom,./dataset/weather/,weather.csv,OT,t,2021,0,iTransformer,Weather_pl720_MLP_attention_entmax_ratio0p3_k6_seed2021,Weather_pl720_MLP_attention_entmax_ratio0p3_k6_seed2021_iTransformer_custom_M_ft96_sl48_ll720_pl512_dm8_nh3_el1_dl512_df1_fctimeF_ebTrue_dtsparse_wcomp_projection_0,96,48,3,512,512,32,0.0001,10,3,0,True,./checkpoints/Weather_pl720_MLP_attention_entmax_ratio0p3_k6_seed2021_iTransformer_custom_M_ft96_sl48_ll720_pl512_dm8_nh3_el1_dl512_df1_fctimeF_ebTrue_dtsparse_wcomp_projection_0,./results/Weather_pl720_MLP_attention_entmax_ratio0p3_k6_seed2021_iTransformer_custom_M_ft96_sl48_ll720_pl512_dm8_nh3_el1_dl512_df1_fctimeF_ebTrue_dtsparse_wcomp_projection_0/,./results/Weather_pl720_MLP_attention_entmax_ratio0p3_k6_seed2021_iTransformer_custom_M_ft96_sl48_ll720_pl512_dm8_nh3_el1_dl512_df1_fctimeF_ebTrue_dtsparse_wcomp_projection_0/weight_matrices,./results/sparse_attention_wcomp/plots/MLP_attention_entmax/Weather_pl720_MLP_attention_entmax_ratio0p3_k6_seed2021_iTransformer_custom_M_ft96_sl48_ll720_pl512_dm8_nh3_el1_dl512_df1_fctimeF_ebTrue_dtsparse_wcomp_projection_0
Weather,720,MLP_attention,MLP_attention_entmax_entropy,,,0,MLP_attention,slot_learned_linear,learned_expand_linear,feature,,mse,1.0,True,1,21,21,21,6,6,0.3,6,0.3,0.2857142857142857,0.2857142857142857,6,6,0.2857142857142857,0.2857142857142857,6,False,8,0.0,1.0,scalar,1.0,1.0,1.0,4,False,False,ratio,,6,,26,11,5,0.4230769230769231,57.692307692307686,0.17899408284023668,82.10059171597634,test,True,0.36531331452690124,0.3572311928145046,0.6044115440053253,14.51515334480434,22772448.747580253,0.01,0.0,0.0,0.0,0.001,0.01,0.001,0.0,223.6828076839447,9016,0.024809539450304424,40.30707631647429,322.23385071754456,5419860,152.8857421875,214.0,152.8857421875,1.0,0,entmax15,1.5,0,0,2.075469493865967,0.6699648499488831,9.852876663208008,5.937985897064209,0.264362633228302,0.7398511171340942,0.894246518611908,0.2800000309944153,0.5,0.40386900305747986,0.626984179019928,1.0,1.0,2.5635464191436768,0.6078323125839233,0.0,0.0,0.0,0.0,none,persistence,1.0,0.0,none,1.0,0.0,success,2026-07-07 01:09:09,c2426e68ca13f74aaec08045c5c724d8ad328124,true,,,0,0,0,custom,./dataset/weather/,weather.csv,OT,t,2021,0,iTransformer,Weather_pl720_MLP_attention_entmax_entropy_ratio0p3_k6_seed2021,Weather_pl720_MLP_attention_entmax_entropy_ratio0p3_k6_seed2021_iTransformer_custom_M_ft96_sl48_ll720_pl512_dm8_nh3_el1_dl512_df1_fctimeF_ebTrue_dtsparse_wcomp_projection_0,96,48,3,512,512,32,0.0001,10,3,0,True,./checkpoints/Weather_pl720_MLP_attention_entmax_entropy_ratio0p3_k6_seed2021_iTransformer_custom_M_ft96_sl48_ll720_pl512_dm8_nh3_el1_dl512_df1_fctimeF_ebTrue_dtsparse_wcomp_projection_0,./results/Weather_pl720_MLP_attention_entmax_entropy_ratio0p3_k6_seed2021_iTransformer_custom_M_ft96_sl48_ll720_pl512_dm8_nh3_el1_dl512_df1_fctimeF_ebTrue_dtsparse_wcomp_projection_0/,./results/Weather_pl720_MLP_attention_entmax_entropy_ratio0p3_k6_seed2021_iTransformer_custom_M_ft96_sl48_ll720_pl512_dm8_nh3_el1_dl512_df1_fctimeF_ebTrue_dtsparse_wcomp_projection_0/weight_matrices,./results/sparse_attention_wcomp/plots/MLP_attention_entmax_entropy/Weather_pl720_MLP_attention_entmax_entropy_ratio0p3_k6_seed2021_iTransformer_custom_M_ft96_sl48_ll720_pl512_dm8_nh3_el1_dl512_df1_fctimeF_ebTrue_dtsparse_wcomp_projection_0
Weather,720,latent_query_attention,latent_query_attention_softmax,,,0,latent_query_attention,slot_learned_linear,learned_expand_linear,feature,,mse,1.0,True,1,21,21,21,6,6,0.3,6,0.3,0.2857142857142857,0.2857142857142857,6,6,0.2857142857142857,0.2857142857142857,6,False,8,0.0,1.0,scalar,1.0,1.0,1.0,4,False,False,ratio,,6,,26,11,5,0.4230769230769231,57.692307692307686,0.17899408284023668,82.10059171597634,test,True,0.35989888625900573,0.3558882164489075,0.5999157326316803,14.25371217552728,21497085.77277255,0.01,0.0,0.0,0.0,0.0,0.01,0.0,0.0,126.38809490203857,10143,0.0124606225872068,80.25281184799628,168.3828125,5681486,154.67822265625,212.0,154.67822265625,1.0,0,softmax,1.5,0,0,2.7670845985412598,0.15733711421489716,16.095840454101562,2.262192487716675,0.1225268691778183,0.5035300254821777,0.779021680355072,0.41333335638046265,0.5199999809265137,0.6514516472816467,1.0,1.0,1.0,2.7375380992889404,0.5131097435951233,0.0,0.0,0.0,0.0,none,persistence,1.0,0.0,none,1.0,0.0,success,2026-07-07 01:12:00,c2426e68ca13f74aaec08045c5c724d8ad328124,true,,,0,0,0,custom,./dataset/weather/,weather.csv,OT,t,2021,0,iTransformer,Weather_pl720_latent_query_attention_softmax_ratio0p3_k6_seed2021,Weather_pl720_latent_query_attention_softmax_ratio0p3_k6_seed2021_iTransformer_custom_M_ft96_sl48_ll720_pl512_dm8_nh3_el1_dl512_df1_fctimeF_ebTrue_dtsparse_wcomp_projection_0,96,48,3,512,512,32,0.0001,10,3,0,True,./checkpoints/Weather_pl720_latent_query_attention_softmax_ratio0p3_k6_seed2021_iTransformer_custom_M_ft96_sl48_ll720_pl512_dm8_nh3_el1_dl512_df1_fctimeF_ebTrue_dtsparse_wcomp_projection_0,./results/Weather_pl720_latent_query_attention_softmax_ratio0p3_k6_seed2021_iTransformer_custom_M_ft96_sl48_ll720_pl512_dm8_nh3_el1_dl512_df1_fctimeF_ebTrue_dtsparse_wcomp_projection_0/,./results/Weather_pl720_latent_query_attention_softmax_ratio0p3_k6_seed2021_iTransformer_custom_M_ft96_sl48_ll720_pl512_dm8_nh3_el1_dl512_df1_fctimeF_ebTrue_dtsparse_wcomp_projection_0/weight_matrices,./results/sparse_attention_wcomp/plots/latent_query_attention_softmax/Weather_pl720_latent_query_attention_softmax_ratio0p3_k6_seed2021_iTransformer_custom_M_ft96_sl48_ll720_pl512_dm8_nh3_el1_dl512_df1_fctimeF_ebTrue_dtsparse_wcomp_projection_0
Weather,720,latent_query_attention,latent_query_attention_softmax_entropy,,,0,latent_query_attention,slot_learned_linear,learned_expand_linear,feature,,mse,1.0,True,1,21,21,21,6,6,0.3,6,0.3,0.2857142857142857,0.2857142857142857,6,6,0.2857142857142857,0.2857142857142857,6,False,8,0.0,1.0,scalar,1.0,1.0,1.0,4,False,False,ratio,,6,,26,11,5,0.4230769230769231,57.692307692307686,0.17899408284023668,82.10059171597634,test,True,0.36106509320633007,0.35663513987392653,0.6008869221461972,14.091332915036713,20849530.474825628,0.01,0.0,0.0,0.0,0.001,0.01,0.001,0.0,144.77573895454407,11270,0.012846117032346413,77.84453445986897,188.20077514648438,5681486,154.71044921875,220.0,154.71044921875,1.0,0,softmax,1.5,0,0,2.716717481613159,0.17335282266139984,15.343160629272461,2.3848767280578613,0.13369053602218628,0.5329586267471313,0.7991815805435181,0.320000022649765,0.46666672825813293,0.5974993705749512,1.0,1.0,1.0,2.7241435050964355,0.5153952240943909,0.0,0.0,0.0,0.0,none,persistence,1.0,0.0,none,1.0,0.0,success,2026-07-07 01:15:10,c2426e68ca13f74aaec08045c5c724d8ad328124,true,,,0,0,0,custom,./dataset/weather/,weather.csv,OT,t,2021,0,iTransformer,Weather_pl720_latent_query_attention_softmax_entropy_ratio0p3_k6_seed2021,Weather_pl720_latent_query_attention_softmax_entropy_ratio0p3_k6_seed2021_iTransformer_custom_M_ft96_sl48_ll720_pl512_dm8_nh3_el1_dl512_df1_fctimeF_ebTrue_dtsparse_wcomp_projection_0,96,48,3,512,512,32,0.0001,10,3,0,True,./checkpoints/Weather_pl720_latent_query_attention_softmax_entropy_ratio0p3_k6_seed2021_iTransformer_custom_M_ft96_sl48_ll720_pl512_dm8_nh3_el1_dl512_df1_fctimeF_ebTrue_dtsparse_wcomp_projection_0,./results/Weather_pl720_latent_query_attention_softmax_entropy_ratio0p3_k6_seed2021_iTransformer_custom_M_ft96_sl48_ll720_pl512_dm8_nh3_el1_dl512_df1_fctimeF_ebTrue_dtsparse_wcomp_projection_0/,./results/Weather_pl720_latent_query_attention_softmax_entropy_ratio0p3_k6_seed2021_iTransformer_custom_M_ft96_sl48_ll720_pl512_dm8_nh3_el1_dl512_df1_fctimeF_ebTrue_dtsparse_wcomp_projection_0/weight_matrices,./results/sparse_attention_wcomp/plots/latent_query_attention_softmax_entropy/Weather_pl720_latent_query_attention_softmax_entropy_ratio0p3_k6_seed2021_iTransformer_custom_M_ft96_sl48_ll720_pl512_dm8_nh3_el1_dl512_df1_fctimeF_ebTrue_dtsparse_wcomp_projection_0
Weather,720,latent_query_attention,latent_query_attention_entmax,,,0,latent_query_attention,slot_learned_linear,learned_expand_linear,feature,,mse,1.0,True,1,21,21,21,6,6,0.3,6,0.3,0.2857142857142857,0.2857142857142857,6,6,0.2857142857142857,0.2857142857142857,6,False,8,0.0,1.0,scalar,1.0,1.0,1.0,4,False,False,ratio,,6,,26,11,5,0.4230769230769231,57.692307692307686,0.17899408284023668,82.10059171597634,test,True,0.3585131735343913,0.3548281767252869,0.5987596959836152,14.601929053572118,23812232.005314767,0.01,0.0,0.0,0.0,0.0,0.01,0.0,0.0,244.5543351173401,10143,0.024110651199580016,41.47544550839088,342.36211133003235,5681486,154.77978515625,216.0,154.77978515625,1.0,0,entmax15,1.5,0,0,2.6314587593078613,0.42836815118789673,15.048785209655762,5.221630096435547,0.1253451108932495,0.5193045139312744,0.7788500189781189,0.14666667580604553,0.4333333671092987,0.5737241506576538,0.8492063879966736,1.0,1.0,2.8586623668670654,0.41994285583496094,0.0,0.0,0.0,0.0,none,persistence,1.0,0.0,none,1.0,0.0,success,2026-07-07 01:20:55,c2426e68ca13f74aaec08045c5c724d8ad328124,true,,,0,0,0,custom,./dataset/weather/,weather.csv,OT,t,2021,0,iTransformer,Weather_pl720_latent_query_attention_entmax_ratio0p3_k6_seed2021,Weather_pl720_latent_query_attention_entmax_ratio0p3_k6_seed2021_iTransformer_custom_M_ft96_sl48_ll720_pl512_dm8_nh3_el1_dl512_df1_fctimeF_ebTrue_dtsparse_wcomp_projection_0,96,48,3,512,512,32,0.0001,10,3,0,True,./checkpoints/Weather_pl720_latent_query_attention_entmax_ratio0p3_k6_seed2021_iTransformer_custom_M_ft96_sl48_ll720_pl512_dm8_nh3_el1_dl512_df1_fctimeF_ebTrue_dtsparse_wcomp_projection_0,./results/Weather_pl720_latent_query_attention_entmax_ratio0p3_k6_seed2021_iTransformer_custom_M_ft96_sl48_ll720_pl512_dm8_nh3_el1_dl512_df1_fctimeF_ebTrue_dtsparse_wcomp_projection_0/,./results/Weather_pl720_latent_query_attention_entmax_ratio0p3_k6_seed2021_iTransformer_custom_M_ft96_sl48_ll720_pl512_dm8_nh3_el1_dl512_df1_fctimeF_ebTrue_dtsparse_wcomp_projection_0/weight_matrices,./results/sparse_attention_wcomp/plots/latent_query_attention_entmax/Weather_pl720_latent_query_attention_entmax_ratio0p3_k6_seed2021_iTransformer_custom_M_ft96_sl48_ll720_pl512_dm8_nh3_el1_dl512_df1_fctimeF_ebTrue_dtsparse_wcomp_projection_0
Weather,720,latent_query_attention,latent_query_attention_entmax_entropy,,,0,latent_query_attention,slot_learned_linear,learned_expand_linear,feature,,mse,1.0,True,1,21,21,21,6,6,0.3,6,0.3,0.2857142857142857,0.2857142857142857,6,6,0.2857142857142857,0.2857142857142857,6,False,8,0.0,1.0,scalar,1.0,1.0,1.0,4,False,False,ratio,,6,,26,11,5,0.4230769230769231,57.692307692307686,0.17899408284023668,82.10059171597634,test,True,0.35930885548428326,0.3548096949138284,0.5994237695356126,14.519531053932031,23576345.650299028,0.01,0.0,0.0,0.0,0.001,0.01,0.001,0.0,219.45000386238098,9016,0.024340062540193098,41.08452878248302,312.9723131656647,5681486,154.81201171875,210.0,154.81201171875,1.0,0,entmax15,1.5,0,0,2.6299428939819336,0.40733033418655396,14.92944622039795,5.027079105377197,0.12119719386100769,0.5128394365310669,0.7856931686401367,0.1733333319425583,0.41333338618278503,0.572091817855835,0.8333333730697632,1.0,1.0,2.848154067993164,0.4297155737876892,0.0,0.0,0.0,0.0,none,persistence,1.0,0.0,none,1.0,0.0,success,2026-07-07 01:26:10,c2426e68ca13f74aaec08045c5c724d8ad328124,true,,,0,0,0,custom,./dataset/weather/,weather.csv,OT,t,2021,0,iTransformer,Weather_pl720_latent_query_attention_entmax_entropy_ratio0p3_k6_seed2021,Weather_pl720_latent_query_attention_entmax_entropy_ratio0p3_k6_seed2021_iTransformer_custom_M_ft96_sl48_ll720_pl512_dm8_nh3_el1_dl512_df1_fctimeF_ebTrue_dtsparse_wcomp_projection_0,96,48,3,512,512,32,0.0001,10,3,0,True,./checkpoints/Weather_pl720_latent_query_attention_entmax_entropy_ratio0p3_k6_seed2021_iTransformer_custom_M_ft96_sl48_ll720_pl512_dm8_nh3_el1_dl512_df1_fctimeF_ebTrue_dtsparse_wcomp_projection_0,./results/Weather_pl720_latent_query_attention_entmax_entropy_ratio0p3_k6_seed2021_iTransformer_custom_M_ft96_sl48_ll720_pl512_dm8_nh3_el1_dl512_df1_fctimeF_ebTrue_dtsparse_wcomp_projection_0/,./results/Weather_pl720_latent_query_attention_entmax_entropy_ratio0p3_k6_seed2021_iTransformer_custom_M_ft96_sl48_ll720_pl512_dm8_nh3_el1_dl512_df1_fctimeF_ebTrue_dtsparse_wcomp_projection_0/weight_matrices,./results/sparse_attention_wcomp/plots/latent_query_attention_entmax_entropy/Weather_pl720_latent_query_attention_entmax_entropy_ratio0p3_k6_seed2021_iTransformer_custom_M_ft96_sl48_ll720_pl512_dm8_nh3_el1_dl512_df1_fctimeF_ebTrue_dtsparse_wcomp_projection_0
Electricity,96,MLP_attention,MLP_attention_softmax,,,0,MLP_attention,slot_learned_linear,learned_expand_linear,feature,,mse,1.0,True,1,321,321,321,32,32,0.1,32,0.1,0.09968847352024922,0.09968847352024922,32,32,0.09968847352024922,0.09968847352024922,96,False,8,0.0,1.0,scalar,1.0,1.0,1.0,4,False,False,ratio,,32,,325,36,4,0.11076923076923077,88.92307692307693,0.012269822485207102,98.77301775147929,test,True,0.18009256754806782,0.2853862990508323,0.42437314659161435,2.4628235559899134,101929.63107863611,0.01,0.0,0.0,0.0,0.0,0.01,0.0,0.0,162.2374541759491,11380,0.01425636679929254,70.14409870890978,200.49507021903992,5123232,210.1044921875,274.0,210.1044921875,1.0,0,softmax,1.5,0,0,4.524991035461426,0.4945514500141144,102.88125610351562,43.13530731201172,0.07626868039369583,0.2377542108297348,0.353181391954422,0.04879032447934151,0.07883063703775406,0.20228560268878937,0.9990264773368835,0.9999999403953552,1.0,5.229901313781738,0.13557426631450653,0.0,0.0,0.0,0.0,none,persistence,1.0,0.0,none,1.0,0.0,success,2026-07-07 01:29:33,c2426e68ca13f74aaec08045c5c724d8ad328124,true,,,0,0,0,custom,./dataset/electricity/,electricity.csv,OT,h,2021,0,iTransformer,Electricity_pl96_MLP_attention_softmax_ratio0p1_k32_seed2021,Electricity_pl96_MLP_attention_softmax_ratio0p1_k32_seed2021_iTransformer_custom_M_ft96_sl48_ll96_pl512_dm8_nh3_el1_dl512_df1_fctimeF_ebTrue_dtsparse_wcomp_projection_0,96,48,3,512,512,16,0.0005,10,3,0,True,./checkpoints/Electricity_pl96_MLP_attention_softmax_ratio0p1_k32_seed2021_iTransformer_custom_M_ft96_sl48_ll96_pl512_dm8_nh3_el1_dl512_df1_fctimeF_ebTrue_dtsparse_wcomp_projection_0,./results/Electricity_pl96_MLP_attention_softmax_ratio0p1_k32_seed2021_iTransformer_custom_M_ft96_sl48_ll96_pl512_dm8_nh3_el1_dl512_df1_fctimeF_ebTrue_dtsparse_wcomp_projection_0/,./results/Electricity_pl96_MLP_attention_softmax_ratio0p1_k32_seed2021_iTransformer_custom_M_ft96_sl48_ll96_pl512_dm8_nh3_el1_dl512_df1_fctimeF_ebTrue_dtsparse_wcomp_projection_0/weight_matrices,./results/sparse_attention_wcomp/plots/MLP_attention_softmax/Electricity_pl96_MLP_attention_softmax_ratio0p1_k32_seed2021_iTransformer_custom_M_ft96_sl48_ll96_pl512_dm8_nh3_el1_dl512_df1_fctimeF_ebTrue_dtsparse_wcomp_projection_0
Electricity,96,MLP_attention,MLP_attention_softmax_entropy,,,0,MLP_attention,slot_learned_linear,learned_expand_linear,feature,,mse,1.0,True,1,321,321,321,32,32,0.1,32,0.1,0.09968847352024922,0.09968847352024922,32,32,0.09968847352024922,0.09968847352024922,96,False,8,0.0,1.0,scalar,1.0,1.0,1.0,4,False,False,ratio,,32,,325,36,4,0.11076923076923077,88.92307692307693,0.012269822485207102,98.77301775147929,test,True,0.1807647955594417,0.285807218075011,0.42516443355417405,2.4692404008504334,105025.26557766602,0.01,0.0,0.0,0.0,0.001,0.01,0.001,0.0,164.49381184577942,11380,0.014454640759734572,69.18193379012506,203.57424783706665,5123232,211.35888671875,274.0,211.35888671875,1.0,0,softmax,1.5,0,0,4.413779258728027,0.706626832485199,100.32356262207031,50.66398620605469,0.0777565985918045,0.2561313807964325,0.3809163570404053,0.0370967723429203,0.08185483515262604,0.20180992782115936,0.9967873692512512,0.9999999403953552,1.0,5.210012912750244,0.12851634621620178,0.0,0.0,0.0,0.0,none,persistence,1.0,0.0,none,1.0,0.0,success,2026-07-07 01:32:59,c2426e68ca13f74aaec08045c5c724d8ad328124,true,,,0,0,0,custom,./dataset/electricity/,electricity.csv,OT,h,2021,0,iTransformer,Electricity_pl96_MLP_attention_softmax_entropy_ratio0p1_k32_seed2021,Electricity_pl96_MLP_attention_softmax_entropy_ratio0p1_k32_seed2021_iTransformer_custom_M_ft96_sl48_ll96_pl512_dm8_nh3_el1_dl512_df1_fctimeF_ebTrue_dtsparse_wcomp_projection_0,96,48,3,512,512,16,0.0005,10,3,0,True,./checkpoints/Electricity_pl96_MLP_attention_softmax_entropy_ratio0p1_k32_seed2021_iTransformer_custom_M_ft96_sl48_ll96_pl512_dm8_nh3_el1_dl512_df1_fctimeF_ebTrue_dtsparse_wcomp_projection_0,./results/Electricity_pl96_MLP_attention_softmax_entropy_ratio0p1_k32_seed2021_iTransformer_custom_M_ft96_sl48_ll96_pl512_dm8_nh3_el1_dl512_df1_fctimeF_ebTrue_dtsparse_wcomp_projection_0/,./results/Electricity_pl96_MLP_attention_softmax_entropy_ratio0p1_k32_seed2021_iTransformer_custom_M_ft96_sl48_ll96_pl512_dm8_nh3_el1_dl512_df1_fctimeF_ebTrue_dtsparse_wcomp_projection_0/weight_matrices,./results/sparse_attention_wcomp/plots/MLP_attention_softmax_entropy/Electricity_pl96_MLP_attention_softmax_entropy_ratio0p1_k32_seed2021_iTransformer_custom_M_ft96_sl48_ll96_pl512_dm8_nh3_el1_dl512_df1_fctimeF_ebTrue_dtsparse_wcomp_projection_0
Electricity,96,MLP_attention,MLP_attention_entmax,,,0,MLP_attention,slot_learned_linear,learned_expand_linear,feature,,mse,1.0,True,1,321,321,321,32,32,0.1,32,0.1,0.09968847352024922,0.09968847352024922,32,32,0.09968847352024922,0.09968847352024922,96,False,8,0.0,1.0,scalar,1.0,1.0,1.0,4,False,False,ratio,,32,,325,36,4,0.11076923076923077,88.92307692307693,0.012269822485207102,98.77301775147929,test,True,0.18075097099987866,0.28619122972793154,0.4251481753458183,2.5178672190255376,136128.63611595766,0.01,0.0,0.0,0.0,0.0,0.01,0.0,0.0,291.40490889549255,11380,0.025606758250922016,39.05219044913634,365.35119676589966,5123232,212.04931640625,274.0,212.04931640625,1.0,0,entmax15,1.5,0,0,3.6562387943267822,0.6609845161437988,47.12897491455078,27.190122604370117,0.10845300555229187,0.3394049406051636,0.5067882537841797,0.05201612412929535,0.08891129493713379,0.1456756889820099,0.2850467264652252,0.9999999403953552,1.0,5.1541948318481445,0.13214588165283203,0.0,0.0,0.0,0.0,none,persistence,1.0,0.0,none,1.0,0.0,success,2026-07-07 01:39:06,c2426e68ca13f74aaec08045c5c724d8ad328124,true,,,0,0,0,custom,./dataset/electricity/,electricity.csv,OT,h,2021,0,iTransformer,Electricity_pl96_MLP_attention_entmax_ratio0p1_k32_seed2021,Electricity_pl96_MLP_attention_entmax_ratio0p1_k32_seed2021_iTransformer_custom_M_ft96_sl48_ll96_pl512_dm8_nh3_el1_dl512_df1_fctimeF_ebTrue_dtsparse_wcomp_projection_0,96,48,3,512,512,16,0.0005,10,3,0,True,./checkpoints/Electricity_pl96_MLP_attention_entmax_ratio0p1_k32_seed2021_iTransformer_custom_M_ft96_sl48_ll96_pl512_dm8_nh3_el1_dl512_df1_fctimeF_ebTrue_dtsparse_wcomp_projection_0,./results/Electricity_pl96_MLP_attention_entmax_ratio0p1_k32_seed2021_iTransformer_custom_M_ft96_sl48_ll96_pl512_dm8_nh3_el1_dl512_df1_fctimeF_ebTrue_dtsparse_wcomp_projection_0/,./results/Electricity_pl96_MLP_attention_entmax_ratio0p1_k32_seed2021_iTransformer_custom_M_ft96_sl48_ll96_pl512_dm8_nh3_el1_dl512_df1_fctimeF_ebTrue_dtsparse_wcomp_projection_0/weight_matrices,./results/sparse_attention_wcomp/plots/MLP_attention_entmax/Electricity_pl96_MLP_attention_entmax_ratio0p1_k32_seed2021_iTransformer_custom_M_ft96_sl48_ll96_pl512_dm8_nh3_el1_dl512_df1_fctimeF_ebTrue_dtsparse_wcomp_projection_0
Electricity,96,MLP_attention,MLP_attention_entmax_entropy,,,0,MLP_attention,slot_learned_linear,learned_expand_linear,feature,,mse,1.0,True,1,321,321,321,32,32,0.1,32,0.1,0.09968847352024922,0.09968847352024922,32,32,0.09968847352024922,0.09968847352024922,96,False,8,0.0,1.0,scalar,1.0,1.0,1.0,4,False,False,ratio,,32,,325,36,4,0.11076923076923077,88.92307692307693,0.012269822485207102,98.77301775147929,test,True,0.18109091443212075,0.2864026963679169,0.425547781608741,2.5068859132226216,107340.243844855,0.01,0.0,0.0,0.0,0.001,0.01,0.001,0.0,297.44593834877014,11380,0.02613760442432075,38.25905326922429,371.7851276397705,5123232,213.3037109375,274.0,213.3037109375,1.0,0,entmax15,1.5,0,0,3.520474433898926,0.7154896259307861,41.663177490234375,22.819000244140625,0.12807413935661316,0.3661263883113861,0.545184850692749,0.04879032447934151,0.0786290317773819,0.12005776166915894,0.2653816044330597,0.9999999403953552,0.9999903440475464,5.140021800994873,0.13064958155155182,0.0,0.0,0.0,0.0,none,persistence,1.0,0.0,none,1.0,0.0,success,2026-07-07 01:45:20,c2426e68ca13f74aaec08045c5c724d8ad328124,true,,,0,0,0,custom,./dataset/electricity/,electricity.csv,OT,h,2021,0,iTransformer,Electricity_pl96_MLP_attention_entmax_entropy_ratio0p1_k32_seed2021,Electricity_pl96_MLP_attention_entmax_entropy_ratio0p1_k32_seed2021_iTransformer_custom_M_ft96_sl48_ll96_pl512_dm8_nh3_el1_dl512_df1_fctimeF_ebTrue_dtsparse_wcomp_projection_0,96,48,3,512,512,16,0.0005,10,3,0,True,./checkpoints/Electricity_pl96_MLP_attention_entmax_entropy_ratio0p1_k32_seed2021_iTransformer_custom_M_ft96_sl48_ll96_pl512_dm8_nh3_el1_dl512_df1_fctimeF_ebTrue_dtsparse_wcomp_projection_0,./results/Electricity_pl96_MLP_attention_entmax_entropy_ratio0p1_k32_seed2021_iTransformer_custom_M_ft96_sl48_ll96_pl512_dm8_nh3_el1_dl512_df1_fctimeF_ebTrue_dtsparse_wcomp_projection_0/,./results/Electricity_pl96_MLP_attention_entmax_entropy_ratio0p1_k32_seed2021_iTransformer_custom_M_ft96_sl48_ll96_pl512_dm8_nh3_el1_dl512_df1_fctimeF_ebTrue_dtsparse_wcomp_projection_0/weight_matrices,./results/sparse_attention_wcomp/plots/MLP_attention_entmax_entropy/Electricity_pl96_MLP_attention_entmax_entropy_ratio0p1_k32_seed2021_iTransformer_custom_M_ft96_sl48_ll96_pl512_dm8_nh3_el1_dl512_df1_fctimeF_ebTrue_dtsparse_wcomp_projection_0
Electricity,96,latent_query_attention,latent_query_attention_softmax,,,0,latent_query_attention,slot_learned_linear,learned_expand_linear,feature,,mse,1.0,True,1,321,321,321,32,32,0.1,32,0.1,0.09968847352024922,0.09968847352024922,32,32,0.09968847352024922,0.09968847352024922,96,False,8,0.0,1.0,scalar,1.0,1.0,1.0,4,False,False,ratio,,32,,325,36,4,0.11076923076923077,88.92307692307693,0.012269822485207102,98.77301775147929,test,True,0.185834782575442,0.29204547587294605,0.4310855861374189,2.498175322555865,88061.70255220549,0.01,0.0,0.0,0.0,0.0,0.01,0.0,0.0,160.45696234703064,11380,0.014099908817841005,70.92244445827,199.03482007980347,5384832,225.09716796875,290.0,225.09716796875,1.0,0,softmax,1.5,0,0,4.990727424621582,0.4462587237358093,159.461181640625,52.86091613769531,0.04688577726483345,0.15781931579113007,0.24802911281585693,0.11048387736082077,0.12439516186714172,0.3571903705596924,0.9999999403953552,0.9999999403953552,1.0,5.325517654418945,0.11537047475576401,0.0,0.0,0.0,0.0,none,persistence,1.0,0.0,none,1.0,0.0,success,2026-07-07 01:48:42,c2426e68ca13f74aaec08045c5c724d8ad328124,true,,,0,0,0,custom,./dataset/electricity/,electricity.csv,OT,h,2021,0,iTransformer,Electricity_pl96_latent_query_attention_softmax_ratio0p1_k32_seed2021,Electricity_pl96_latent_query_attention_softmax_ratio0p1_k32_seed2021_iTransformer_custom_M_ft96_sl48_ll96_pl512_dm8_nh3_el1_dl512_df1_fctimeF_ebTrue_dtsparse_wcomp_projection_0,96,48,3,512,512,16,0.0005,10,3,0,True,./checkpoints/Electricity_pl96_latent_query_attention_softmax_ratio0p1_k32_seed2021_iTransformer_custom_M_ft96_sl48_ll96_pl512_dm8_nh3_el1_dl512_df1_fctimeF_ebTrue_dtsparse_wcomp_projection_0,./results/Electricity_pl96_latent_query_attention_softmax_ratio0p1_k32_seed2021_iTransformer_custom_M_ft96_sl48_ll96_pl512_dm8_nh3_el1_dl512_df1_fctimeF_ebTrue_dtsparse_wcomp_projection_0/,./results/Electricity_pl96_latent_query_attention_softmax_ratio0p1_k32_seed2021_iTransformer_custom_M_ft96_sl48_ll96_pl512_dm8_nh3_el1_dl512_df1_fctimeF_ebTrue_dtsparse_wcomp_projection_0/weight_matrices,./results/sparse_attention_wcomp/plots/latent_query_attention_softmax/Electricity_pl96_latent_query_attention_softmax_ratio0p1_k32_seed2021_iTransformer_custom_M_ft96_sl48_ll96_pl512_dm8_nh3_el1_dl512_df1_fctimeF_ebTrue_dtsparse_wcomp_projection_0
Electricity,96,latent_query_attention,latent_query_attention_softmax_entropy,,,0,latent_query_attention,slot_learned_linear,learned_expand_linear,feature,,mse,1.0,True,1,321,321,321,32,32,0.1,32,0.1,0.09968847352024922,0.09968847352024922,32,32,0.09968847352024922,0.09968847352024922,96,False,8,0.0,1.0,scalar,1.0,1.0,1.0,4,False,False,ratio,,32,,325,36,4,0.11076923076923077,88.92307692307693,0.012269822485207102,98.77301775147929,test,True,0.18665707905279819,0.29283852139826766,0.43203828424434587,2.493063414375015,87889.09846502605,0.01,0.0,0.0,0.0,0.001,0.01,0.001,0.0,163.63740181922913,11380,0.01437938504562646,69.54400322593443,202.86152005195618,5384832,226.3515625,292.0,226.3515625,1.0,0,softmax,1.5,0,0,4.878770351409912,0.4166194498538971,141.41427612304688,46.18655776977539,0.05770755186676979,0.17807690799236298,0.2781778573989868,0.10201612114906311,0.1318548172712326,0.31623685359954834,0.9999999403953552,0.9999999403953552,1.0,5.2868332862854,0.12156035006046295,0.0,0.0,0.0,0.0,none,persistence,1.0,0.0,none,1.0,0.0,success,2026-07-07 01:52:07,c2426e68ca13f74aaec08045c5c724d8ad328124,true,,,0,0,0,custom,./dataset/electricity/,electricity.csv,OT,h,2021,0,iTransformer,Electricity_pl96_latent_query_attention_softmax_entropy_ratio0p1_k32_seed2021,Electricity_pl96_latent_query_attention_softmax_entropy_ratio0p1_k32_seed2021_iTransformer_custom_M_ft96_sl48_ll96_pl512_dm8_nh3_el1_dl512_df1_fctimeF_ebTrue_dtsparse_wcomp_projection_0,96,48,3,512,512,16,0.0005,10,3,0,True,./checkpoints/Electricity_pl96_latent_query_attention_softmax_entropy_ratio0p1_k32_seed2021_iTransformer_custom_M_ft96_sl48_ll96_pl512_dm8_nh3_el1_dl512_df1_fctimeF_ebTrue_dtsparse_wcomp_projection_0,./results/Electricity_pl96_latent_query_attention_softmax_entropy_ratio0p1_k32_seed2021_iTransformer_custom_M_ft96_sl48_ll96_pl512_dm8_nh3_el1_dl512_df1_fctimeF_ebTrue_dtsparse_wcomp_projection_0/,./results/Electricity_pl96_latent_query_attention_softmax_entropy_ratio0p1_k32_seed2021_iTransformer_custom_M_ft96_sl48_ll96_pl512_dm8_nh3_el1_dl512_df1_fctimeF_ebTrue_dtsparse_wcomp_projection_0/weight_matrices,./results/sparse_attention_wcomp/plots/latent_query_attention_softmax_entropy/Electricity_pl96_latent_query_attention_softmax_entropy_ratio0p1_k32_seed2021_iTransformer_custom_M_ft96_sl48_ll96_pl512_dm8_nh3_el1_dl512_df1_fctimeF_ebTrue_dtsparse_wcomp_projection_0
Electricity,96,latent_query_attention,latent_query_attention_entmax,,,0,latent_query_attention,slot_learned_linear,learned_expand_linear,feature,,mse,1.0,True,1,321,321,321,32,32,0.1,32,0.1,0.09968847352024922,0.09968847352024922,32,32,0.09968847352024922,0.09968847352024922,96,False,8,0.0,1.0,scalar,1.0,1.0,1.0,4,False,False,ratio,,32,,325,36,4,0.11076923076923077,88.92307692307693,0.012269822485207102,98.77301775147929,test,True,0.18186635216089653,0.2870318905028547,0.4264579137041503,2.4450507416863685,89443.47853607399,0.01,0.0,0.0,0.0,0.0,0.01,0.0,0.0,292.41321754455566,11380,0.02569536182289593,38.91752943167148,365.0420801639557,5384832,227.0419921875,290.0,227.0419921875,1.0,0,entmax15,1.5,0,0,4.056010723114014,0.5027021765708923,65.40447235107422,33.46146774291992,0.07620145380496979,0.25799596309661865,0.4000016748905182,0.06895161420106888,0.10020161420106888,0.19684003293514252,0.4079049825668335,0.9999999403953552,1.0,5.173555850982666,0.1287921816110611,0.0,0.0,0.0,0.0,none,persistence,1.0,0.0,none,1.0,0.0,success,2026-07-07 01:58:14,c2426e68ca13f74aaec08045c5c724d8ad328124,true,,,0,0,0,custom,./dataset/electricity/,electricity.csv,OT,h,2021,0,iTransformer,Electricity_pl96_latent_query_attention_entmax_ratio0p1_k32_seed2021,Electricity_pl96_latent_query_attention_entmax_ratio0p1_k32_seed2021_iTransformer_custom_M_ft96_sl48_ll96_pl512_dm8_nh3_el1_dl512_df1_fctimeF_ebTrue_dtsparse_wcomp_projection_0,96,48,3,512,512,16,0.0005,10,3,0,True,./checkpoints/Electricity_pl96_latent_query_attention_entmax_ratio0p1_k32_seed2021_iTransformer_custom_M_ft96_sl48_ll96_pl512_dm8_nh3_el1_dl512_df1_fctimeF_ebTrue_dtsparse_wcomp_projection_0,./results/Electricity_pl96_latent_query_attention_entmax_ratio0p1_k32_seed2021_iTransformer_custom_M_ft96_sl48_ll96_pl512_dm8_nh3_el1_dl512_df1_fctimeF_ebTrue_dtsparse_wcomp_projection_0/,./results/Electricity_pl96_latent_query_attention_entmax_ratio0p1_k32_seed2021_iTransformer_custom_M_ft96_sl48_ll96_pl512_dm8_nh3_el1_dl512_df1_fctimeF_ebTrue_dtsparse_wcomp_projection_0/weight_matrices,./results/sparse_attention_wcomp/plots/latent_query_attention_entmax/Electricity_pl96_latent_query_attention_entmax_ratio0p1_k32_seed2021_iTransformer_custom_M_ft96_sl48_ll96_pl512_dm8_nh3_el1_dl512_df1_fctimeF_ebTrue_dtsparse_wcomp_projection_0
Electricity,96,latent_query_attention,latent_query_attention_entmax_entropy,,,0,latent_query_attention,slot_learned_linear,learned_expand_linear,feature,,mse,1.0,True,1,321,321,321,32,32,0.1,32,0.1,0.09968847352024922,0.09968847352024922,32,32,0.09968847352024922,0.09968847352024922,96,False,8,0.0,1.0,scalar,1.0,1.0,1.0,4,False,False,ratio,,32,,325,36,4,0.11076923076923077,88.92307692307693,0.012269822485207102,98.77301775147929,test,True,0.1832479714641869,0.288508854321019,0.42807472649548806,2.4958091174966723,125906.0267324564,0.01,0.0,0.0,0.0,0.001,0.01,0.001,0.0,306.2258071899414,11380,0.026909121897182902,37.16211936684152,381.6710503101349,5384832,228.29638671875,292.0,228.29638671875,1.0,0,entmax15,1.5,0,0,3.9431564807891846,0.5219286680221558,59.28046798706055,33.17643356323242,0.08196575939655304,0.28284525871276855,0.4326196610927582,0.06733871251344681,0.09556451439857483,0.17973312735557556,0.36711448431015015,0.9999999403953552,0.999980628490448,5.15030574798584,0.12906654179096222,0.0,0.0,0.0,0.0,none,persistence,1.0,0.0,none,1.0,0.0,success,2026-07-07 02:04:38,c2426e68ca13f74aaec08045c5c724d8ad328124,true,,,0,0,0,custom,./dataset/electricity/,electricity.csv,OT,h,2021,0,iTransformer,Electricity_pl96_latent_query_attention_entmax_entropy_ratio0p1_k32_seed2021,Electricity_pl96_latent_query_attention_entmax_entropy_ratio0p1_k32_seed2021_iTransformer_custom_M_ft96_sl48_ll96_pl512_dm8_nh3_el1_dl512_df1_fctimeF_ebTrue_dtsparse_wcomp_projection_0,96,48,3,512,512,16,0.0005,10,3,0,True,./checkpoints/Electricity_pl96_latent_query_attention_entmax_entropy_ratio0p1_k32_seed2021_iTransformer_custom_M_ft96_sl48_ll96_pl512_dm8_nh3_el1_dl512_df1_fctimeF_ebTrue_dtsparse_wcomp_projection_0,./results/Electricity_pl96_latent_query_attention_entmax_entropy_ratio0p1_k32_seed2021_iTransformer_custom_M_ft96_sl48_ll96_pl512_dm8_nh3_el1_dl512_df1_fctimeF_ebTrue_dtsparse_wcomp_projection_0/,./results/Electricity_pl96_latent_query_attention_entmax_entropy_ratio0p1_k32_seed2021_iTransformer_custom_M_ft96_sl48_ll96_pl512_dm8_nh3_el1_dl512_df1_fctimeF_ebTrue_dtsparse_wcomp_projection_0/weight_matrices,./results/sparse_attention_wcomp/plots/latent_query_attention_entmax_entropy/Electricity_pl96_latent_query_attention_entmax_entropy_ratio0p1_k32_seed2021_iTransformer_custom_M_ft96_sl48_ll96_pl512_dm8_nh3_el1_dl512_df1_fctimeF_ebTrue_dtsparse_wcomp_projection_0
Electricity,96,MLP_attention,MLP_attention_softmax,,,0,MLP_attention,slot_learned_linear,learned_expand_linear,feature,,mse,1.0,True,1,321,321,321,96,96,0.3,96,0.3,0.29906542056074764,0.29906542056074764,96,96,0.29906542056074764,0.29906542056074764,96,False,8,0.0,1.0,scalar,1.0,1.0,1.0,4,False,False,ratio,,96,,325,100,4,0.3076923076923077,69.23076923076923,0.09467455621301776,90.53254437869822,test,True,0.17816409256217677,0.2831288056831472,0.4220948857332635,2.5429157854979882,136640.24182314586,0.01,0.0,0.0,0.0,0.0,0.01,0.0,0.0,177.04861116409302,11380,0.015557874443241916,64.27613255578004,216.71594762802124,5176608,315.72265625,402.0,315.72265625,1.0,0,softmax,1.5,0,0,4.50568151473999,0.581113338470459,105.06236267089844,52.165225982666016,0.09258575737476349,0.26719480752944946,0.3799271583557129,0.0655701756477356,0.08973684906959534,0.20843149721622467,0.9969172477722168,1.0,1.0,5.133978366851807,0.14330077171325684,0.0,0.0,0.0,0.0,none,persistence,1.0,0.0,none,1.0,0.0,success,2026-07-07 02:08:17,c2426e68ca13f74aaec08045c5c724d8ad328124,true,,,0,0,0,custom,./dataset/electricity/,electricity.csv,OT,h,2021,0,iTransformer,Electricity_pl96_MLP_attention_softmax_ratio0p3_k96_seed2021,Electricity_pl96_MLP_attention_softmax_ratio0p3_k96_seed2021_iTransformer_custom_M_ft96_sl48_ll96_pl512_dm8_nh3_el1_dl512_df1_fctimeF_ebTrue_dtsparse_wcomp_projection_0,96,48,3,512,512,16,0.0005,10,3,0,True,./checkpoints/Electricity_pl96_MLP_attention_softmax_ratio0p3_k96_seed2021_iTransformer_custom_M_ft96_sl48_ll96_pl512_dm8_nh3_el1_dl512_df1_fctimeF_ebTrue_dtsparse_wcomp_projection_0,./results/Electricity_pl96_MLP_attention_softmax_ratio0p3_k96_seed2021_iTransformer_custom_M_ft96_sl48_ll96_pl512_dm8_nh3_el1_dl512_df1_fctimeF_ebTrue_dtsparse_wcomp_projection_0/,./results/Electricity_pl96_MLP_attention_softmax_ratio0p3_k96_seed2021_iTransformer_custom_M_ft96_sl48_ll96_pl512_dm8_nh3_el1_dl512_df1_fctimeF_ebTrue_dtsparse_wcomp_projection_0/weight_matrices,./results/sparse_attention_wcomp/plots/MLP_attention_softmax/Electricity_pl96_MLP_attention_softmax_ratio0p3_k96_seed2021_iTransformer_custom_M_ft96_sl48_ll96_pl512_dm8_nh3_el1_dl512_df1_fctimeF_ebTrue_dtsparse_wcomp_projection_0
Electricity,96,MLP_attention,MLP_attention_softmax_entropy,,,0,MLP_attention,slot_learned_linear,learned_expand_linear,feature,,mse,1.0,True,1,321,321,321,96,96,0.3,96,0.3,0.29906542056074764,0.29906542056074764,96,96,0.29906542056074764,0.29906542056074764,96,False,8,0.0,1.0,scalar,1.0,1.0,1.0,4,False,False,ratio,,96,,325,100,4,0.3076923076923077,69.23076923076923,0.09467455621301776,90.53254437869822,test,True,0.17892322340798855,0.28379520203873143,0.4229931718219439,2.487470083933012,115905.11803077943,0.01,0.0,0.0,0.0,0.001,0.01,0.001,0.0,178.36595845222473,11380,0.015673634310388818,63.80141198886966,217.59905433654785,5176608,320.90380859375,402.0,320.90380859375,1.0,0,softmax,1.5,0,0,4.386488914489746,0.5609342455863953,93.20787048339844,48.617042541503906,0.10039816796779633,0.2828606069087982,0.4033898115158081,0.0675877258181572,0.09464912861585617,0.19376662373542786,0.9953271746635437,1.0,1.0,5.097113132476807,0.14730766415596008,0.0,0.0,0.0,0.0,none,persistence,1.0,0.0,none,1.0,0.0,success,2026-07-07 02:11:57,c2426e68ca13f74aaec08045c5c724d8ad328124,true,,,0,0,0,custom,./dataset/electricity/,electricity.csv,OT,h,2021,0,iTransformer,Electricity_pl96_MLP_attention_softmax_entropy_ratio0p3_k96_seed2021,Electricity_pl96_MLP_attention_softmax_entropy_ratio0p3_k96_seed2021_iTransformer_custom_M_ft96_sl48_ll96_pl512_dm8_nh3_el1_dl512_df1_fctimeF_ebTrue_dtsparse_wcomp_projection_0,96,48,3,512,512,16,0.0005,10,3,0,True,./checkpoints/Electricity_pl96_MLP_attention_softmax_entropy_ratio0p3_k96_seed2021_iTransformer_custom_M_ft96_sl48_ll96_pl512_dm8_nh3_el1_dl512_df1_fctimeF_ebTrue_dtsparse_wcomp_projection_0,./results/Electricity_pl96_MLP_attention_softmax_entropy_ratio0p3_k96_seed2021_iTransformer_custom_M_ft96_sl48_ll96_pl512_dm8_nh3_el1_dl512_df1_fctimeF_ebTrue_dtsparse_wcomp_projection_0/,./results/Electricity_pl96_MLP_attention_softmax_entropy_ratio0p3_k96_seed2021_iTransformer_custom_M_ft96_sl48_ll96_pl512_dm8_nh3_el1_dl512_df1_fctimeF_ebTrue_dtsparse_wcomp_projection_0/weight_matrices,./results/sparse_attention_wcomp/plots/MLP_attention_softmax_entropy/Electricity_pl96_MLP_attention_softmax_entropy_ratio0p3_k96_seed2021_iTransformer_custom_M_ft96_sl48_ll96_pl512_dm8_nh3_el1_dl512_df1_fctimeF_ebTrue_dtsparse_wcomp_projection_0
Electricity,96,MLP_attention,MLP_attention_entmax,,,0,MLP_attention,slot_learned_linear,learned_expand_linear,feature,,mse,1.0,True,1,321,321,321,96,96,0.3,96,0.3,0.29906542056074764,0.29906542056074764,96,96,0.29906542056074764,0.29906542056074764,96,False,8,0.0,1.0,scalar,1.0,1.0,1.0,4,False,False,ratio,,96,,325,100,4,0.3076923076923077,69.23076923076923,0.09467455621301776,90.53254437869822,test,True,0.1751246224739375,0.2804063880909388,0.4184789391043921,2.49587095671901,106883.74172140312,0.01,0.0,0.0,0.0,0.0,0.01,0.0,0.0,298.4158651828766,11380,0.026222835253328348,38.13470169565568,372.8530366420746,5176608,321.33154296875,412.0,321.33154296875,1.0,0,entmax15,1.5,0,0,3.7704029083251953,0.5443065166473389,49.68796920776367,24.759929656982422,0.09593641012907028,0.31631040573120117,0.47750335931777954,0.055350881069898605,0.08212719112634659,0.16000506281852722,0.32369551062583923,1.0,1.0,5.187497615814209,0.12536293268203735,0.0,0.0,0.0,0.0,none,persistence,1.0,0.0,none,1.0,0.0,success,2026-07-07 02:18:12,c2426e68ca13f74aaec08045c5c724d8ad328124,true,,,0,0,0,custom,./dataset/electricity/,electricity.csv,OT,h,2021,0,iTransformer,Electricity_pl96_MLP_attention_entmax_ratio0p3_k96_seed2021,Electricity_pl96_MLP_attention_entmax_ratio0p3_k96_seed2021_iTransformer_custom_M_ft96_sl48_ll96_pl512_dm8_nh3_el1_dl512_df1_fctimeF_ebTrue_dtsparse_wcomp_projection_0,96,48,3,512,512,16,0.0005,10,3,0,True,./checkpoints/Electricity_pl96_MLP_attention_entmax_ratio0p3_k96_seed2021_iTransformer_custom_M_ft96_sl48_ll96_pl512_dm8_nh3_el1_dl512_df1_fctimeF_ebTrue_dtsparse_wcomp_projection_0,./results/Electricity_pl96_MLP_attention_entmax_ratio0p3_k96_seed2021_iTransformer_custom_M_ft96_sl48_ll96_pl512_dm8_nh3_el1_dl512_df1_fctimeF_ebTrue_dtsparse_wcomp_projection_0/,./results/Electricity_pl96_MLP_attention_entmax_ratio0p3_k96_seed2021_iTransformer_custom_M_ft96_sl48_ll96_pl512_dm8_nh3_el1_dl512_df1_fctimeF_ebTrue_dtsparse_wcomp_projection_0/weight_matrices,./results/sparse_attention_wcomp/plots/MLP_attention_entmax/Electricity_pl96_MLP_attention_entmax_ratio0p3_k96_seed2021_iTransformer_custom_M_ft96_sl48_ll96_pl512_dm8_nh3_el1_dl512_df1_fctimeF_ebTrue_dtsparse_wcomp_projection_0
Electricity,96,MLP_attention,MLP_attention_entmax_entropy,,,0,MLP_attention,slot_learned_linear,learned_expand_linear,feature,,mse,1.0,True,1,321,321,321,96,96,0.3,96,0.3,0.29906542056074764,0.29906542056074764,96,96,0.29906542056074764,0.29906542056074764,96,False,8,0.0,1.0,scalar,1.0,1.0,1.0,4,False,False,ratio,,96,,325,100,4,0.3076923076923077,69.23076923076923,0.09467455621301776,90.53254437869822,test,True,0.17726175113258358,0.2820921598784617,0.4210246443292644,2.5244239322464423,133819.1695561982,0.01,0.0,0.0,0.0,0.001,0.01,0.001,0.0,298.244713306427,11380,0.02620779554538023,38.15658582456679,373.45680022239685,5176608,326.544921875,412.0,326.544921875,1.0,0,entmax15,1.5,0,0,3.490826368331909,0.5349947810173035,37.50926971435547,18.94147300720215,0.11878856271505356,0.3783881664276123,0.5582535266876221,0.0671052634716034,0.09129386395215988,0.1510358601808548,0.25661996006965637,1.0,1.0,5.05586051940918,0.1465391367673874,0.0,0.0,0.0,0.0,none,persistence,1.0,0.0,none,1.0,0.0,success,2026-07-07 02:24:28,c2426e68ca13f74aaec08045c5c724d8ad328124,true,,,0,0,0,custom,./dataset/electricity/,electricity.csv,OT,h,2021,0,iTransformer,Electricity_pl96_MLP_attention_entmax_entropy_ratio0p3_k96_seed2021,Electricity_pl96_MLP_attention_entmax_entropy_ratio0p3_k96_seed2021_iTransformer_custom_M_ft96_sl48_ll96_pl512_dm8_nh3_el1_dl512_df1_fctimeF_ebTrue_dtsparse_wcomp_projection_0,96,48,3,512,512,16,0.0005,10,3,0,True,./checkpoints/Electricity_pl96_MLP_attention_entmax_entropy_ratio0p3_k96_seed2021_iTransformer_custom_M_ft96_sl48_ll96_pl512_dm8_nh3_el1_dl512_df1_fctimeF_ebTrue_dtsparse_wcomp_projection_0,./results/Electricity_pl96_MLP_attention_entmax_entropy_ratio0p3_k96_seed2021_iTransformer_custom_M_ft96_sl48_ll96_pl512_dm8_nh3_el1_dl512_df1_fctimeF_ebTrue_dtsparse_wcomp_projection_0/,./results/Electricity_pl96_MLP_attention_entmax_entropy_ratio0p3_k96_seed2021_iTransformer_custom_M_ft96_sl48_ll96_pl512_dm8_nh3_el1_dl512_df1_fctimeF_ebTrue_dtsparse_wcomp_projection_0/weight_matrices,./results/sparse_attention_wcomp/plots/MLP_attention_entmax_entropy/Electricity_pl96_MLP_attention_entmax_entropy_ratio0p3_k96_seed2021_iTransformer_custom_M_ft96_sl48_ll96_pl512_dm8_nh3_el1_dl512_df1_fctimeF_ebTrue_dtsparse_wcomp_projection_0
Electricity,96,latent_query_attention,latent_query_attention_softmax,,,0,latent_query_attention,slot_learned_linear,learned_expand_linear,feature,,mse,1.0,True,1,321,321,321,96,96,0.3,96,0.3,0.29906542056074764,0.29906542056074764,96,96,0.29906542056074764,0.29906542056074764,96,False,8,0.0,1.0,scalar,1.0,1.0,1.0,4,False,False,ratio,,96,,325,100,4,0.3076923076923077,69.23076923076923,0.09467455621301776,90.53254437869822,test,True,0.1804059342945586,0.28555405840960957,0.4247421974498868,2.5065133877694676,136231.77533119914,0.01,0.0,0.0,0.0,0.0,0.01,0.0,0.0,188.3797357082367,11380,0.016553579587718515,60.409894711952404,227.68174934387207,5438144,329.73583984375,388.0,329.73583984375,1.0,0,softmax,1.5,0,0,4.876459121704102,0.5600624680519104,149.1097412109375,62.939369201660156,0.05751466378569603,0.1979195773601532,0.2863597571849823,0.11293859779834747,0.12247807532548904,0.32160302996635437,1.0,1.0,0.9999903440475464,5.058108329772949,0.17478755116462708,0.0,0.0,0.0,0.0,none,persistence,1.0,0.0,none,1.0,0.0,success,2026-07-07 02:28:18,c2426e68ca13f74aaec08045c5c724d8ad328124,true,,,0,0,0,custom,./dataset/electricity/,electricity.csv,OT,h,2021,0,iTransformer,Electricity_pl96_latent_query_attention_softmax_ratio0p3_k96_seed2021,Electricity_pl96_latent_query_attention_softmax_ratio0p3_k96_seed2021_iTransformer_custom_M_ft96_sl48_ll96_pl512_dm8_nh3_el1_dl512_df1_fctimeF_ebTrue_dtsparse_wcomp_projection_0,96,48,3,512,512,16,0.0005,10,3,0,True,./checkpoints/Electricity_pl96_latent_query_attention_softmax_ratio0p3_k96_seed2021_iTransformer_custom_M_ft96_sl48_ll96_pl512_dm8_nh3_el1_dl512_df1_fctimeF_ebTrue_dtsparse_wcomp_projection_0,./results/Electricity_pl96_latent_query_attention_softmax_ratio0p3_k96_seed2021_iTransformer_custom_M_ft96_sl48_ll96_pl512_dm8_nh3_el1_dl512_df1_fctimeF_ebTrue_dtsparse_wcomp_projection_0/,./results/Electricity_pl96_latent_query_attention_softmax_ratio0p3_k96_seed2021_iTransformer_custom_M_ft96_sl48_ll96_pl512_dm8_nh3_el1_dl512_df1_fctimeF_ebTrue_dtsparse_wcomp_projection_0/weight_matrices,./results/sparse_attention_wcomp/plots/latent_query_attention_softmax/Electricity_pl96_latent_query_attention_softmax_ratio0p3_k96_seed2021_iTransformer_custom_M_ft96_sl48_ll96_pl512_dm8_nh3_el1_dl512_df1_fctimeF_ebTrue_dtsparse_wcomp_projection_0
Electricity,96,latent_query_attention,latent_query_attention_softmax_entropy,,,0,latent_query_attention,slot_learned_linear,learned_expand_linear,feature,,mse,1.0,True,1,321,321,321,96,96,0.3,96,0.3,0.29906542056074764,0.29906542056074764,96,96,0.29906542056074764,0.29906542056074764,96,False,8,0.0,1.0,scalar,1.0,1.0,1.0,4,False,False,ratio,,96,,325,100,4,0.3076923076923077,69.23076923076923,0.09467455621301776,90.53254437869822,test,True,0.1785231032875094,0.2838082229247583,0.4225199442482087,2.5717951916511583,184229.94341121273,0.01,0.0,0.0,0.0,0.001,0.01,0.001,0.0,194.97658276557922,11380,0.017133267378346154,58.365983435468245,234.9887833595276,5438144,333.375,388.0,333.375,1.0,0,softmax,1.5,0,0,4.814992427825928,0.47771114110946655,135.92251586914062,51.870689392089844,0.06309504061937332,0.20516900718212128,0.29990261793136597,0.09486842155456543,0.11690789461135864,0.28734290599823,1.0,1.0,1.0,5.0798420906066895,0.15055155754089355,0.0,0.0,0.0,0.0,none,persistence,1.0,0.0,none,1.0,0.0,success,2026-07-07 02:32:15,c2426e68ca13f74aaec08045c5c724d8ad328124,true,,,0,0,0,custom,./dataset/electricity/,electricity.csv,OT,h,2021,0,iTransformer,Electricity_pl96_latent_query_attention_softmax_entropy_ratio0p3_k96_seed2021,Electricity_pl96_latent_query_attention_softmax_entropy_ratio0p3_k96_seed2021_iTransformer_custom_M_ft96_sl48_ll96_pl512_dm8_nh3_el1_dl512_df1_fctimeF_ebTrue_dtsparse_wcomp_projection_0,96,48,3,512,512,16,0.0005,10,3,0,True,./checkpoints/Electricity_pl96_latent_query_attention_softmax_entropy_ratio0p3_k96_seed2021_iTransformer_custom_M_ft96_sl48_ll96_pl512_dm8_nh3_el1_dl512_df1_fctimeF_ebTrue_dtsparse_wcomp_projection_0,./results/Electricity_pl96_latent_query_attention_softmax_entropy_ratio0p3_k96_seed2021_iTransformer_custom_M_ft96_sl48_ll96_pl512_dm8_nh3_el1_dl512_df1_fctimeF_ebTrue_dtsparse_wcomp_projection_0/,./results/Electricity_pl96_latent_query_attention_softmax_entropy_ratio0p3_k96_seed2021_iTransformer_custom_M_ft96_sl48_ll96_pl512_dm8_nh3_el1_dl512_df1_fctimeF_ebTrue_dtsparse_wcomp_projection_0/weight_matrices,./results/sparse_attention_wcomp/plots/latent_query_attention_softmax_entropy/Electricity_pl96_latent_query_attention_softmax_entropy_ratio0p3_k96_seed2021_iTransformer_custom_M_ft96_sl48_ll96_pl512_dm8_nh3_el1_dl512_df1_fctimeF_ebTrue_dtsparse_wcomp_projection_0
Electricity,96,latent_query_attention,latent_query_attention_entmax,,,0,latent_query_attention,slot_learned_linear,learned_expand_linear,feature,,mse,1.0,True,1,321,321,321,96,96,0.3,96,0.3,0.29906542056074764,0.29906542056074764,96,96,0.29906542056074764,0.29906542056074764,96,False,8,0.0,1.0,scalar,1.0,1.0,1.0,4,False,False,ratio,,96,,325,100,4,0.3076923076923077,69.23076923076923,0.09467455621301776,90.53254437869822,test,True,0.1788537630435766,0.2839575390454467,0.42291105807672685,2.5049754556216466,117648.31058715927,0.01,0.0,0.0,0.0,0.0,0.01,0.0,0.0,266.75330543518066,10242,0.026045040561919613,38.39502563348269,338.1471657752991,5438144,337.927734375,418.0,337.927734375,1.0,0,entmax15,1.5,0,0,4.222548484802246,0.46085989475250244,75.52498626708984,33.060482025146484,0.06665340065956116,0.23406562209129333,0.36790141463279724,0.07048246264457703,0.0924561470746994,0.21254906058311462,0.475986510515213,1.0,1.0,5.203418731689453,0.12060103565454483,0.0,0.0,0.0,0.0,none,persistence,1.0,0.0,none,1.0,0.0,success,2026-07-07 02:37:55,c2426e68ca13f74aaec08045c5c724d8ad328124,true,,,0,0,0,custom,./dataset/electricity/,electricity.csv,OT,h,2021,0,iTransformer,Electricity_pl96_latent_query_attention_entmax_ratio0p3_k96_seed2021,Electricity_pl96_latent_query_attention_entmax_ratio0p3_k96_seed2021_iTransformer_custom_M_ft96_sl48_ll96_pl512_dm8_nh3_el1_dl512_df1_fctimeF_ebTrue_dtsparse_wcomp_projection_0,96,48,3,512,512,16,0.0005,10,3,0,True,./checkpoints/Electricity_pl96_latent_query_attention_entmax_ratio0p3_k96_seed2021_iTransformer_custom_M_ft96_sl48_ll96_pl512_dm8_nh3_el1_dl512_df1_fctimeF_ebTrue_dtsparse_wcomp_projection_0,./results/Electricity_pl96_latent_query_attention_entmax_ratio0p3_k96_seed2021_iTransformer_custom_M_ft96_sl48_ll96_pl512_dm8_nh3_el1_dl512_df1_fctimeF_ebTrue_dtsparse_wcomp_projection_0/,./results/Electricity_pl96_latent_query_attention_entmax_ratio0p3_k96_seed2021_iTransformer_custom_M_ft96_sl48_ll96_pl512_dm8_nh3_el1_dl512_df1_fctimeF_ebTrue_dtsparse_wcomp_projection_0/weight_matrices,./results/sparse_attention_wcomp/plots/latent_query_attention_entmax/Electricity_pl96_latent_query_attention_entmax_ratio0p3_k96_seed2021_iTransformer_custom_M_ft96_sl48_ll96_pl512_dm8_nh3_el1_dl512_df1_fctimeF_ebTrue_dtsparse_wcomp_projection_0
Electricity,96,latent_query_attention,latent_query_attention_entmax_entropy,,,0,latent_query_attention,slot_learned_linear,learned_expand_linear,feature,,mse,1.0,True,1,321,321,321,96,96,0.3,96,0.3,0.29906542056074764,0.29906542056074764,96,96,0.29906542056074764,0.29906542056074764,96,False,8,0.0,1.0,scalar,1.0,1.0,1.0,4,False,False,ratio,,96,,325,100,4,0.3076923076923077,69.23076923076923,0.09467455621301776,90.53254437869822,test,True,0.17923268191397854,0.28426149192171735,0.4233588098929542,2.5066147579578364,127916.26714992938,0.01,0.0,0.0,0.0,0.001,0.01,0.001,0.0,303.9004113674164,11380,0.026704781315238697,37.44647777472585,378.93779158592224,5438144,340.36181640625,418.0,340.36181640625,1.0,0,entmax15,1.5,0,0,4.063440322875977,0.4929753839969635,65.35736083984375,31.008176803588867,0.08237352967262268,0.2652124762535095,0.40413546562194824,0.060701753944158554,0.08111842721700668,0.18974068760871887,0.4146547317504883,1.0,1.0,5.138388633728027,0.13704250752925873,0.0,0.0,0.0,0.0,none,persistence,1.0,0.0,none,1.0,0.0,success,2026-07-07 02:44:17,c2426e68ca13f74aaec08045c5c724d8ad328124,true,,,0,0,0,custom,./dataset/electricity/,electricity.csv,OT,h,2021,0,iTransformer,Electricity_pl96_latent_query_attention_entmax_entropy_ratio0p3_k96_seed2021,Electricity_pl96_latent_query_attention_entmax_entropy_ratio0p3_k96_seed2021_iTransformer_custom_M_ft96_sl48_ll96_pl512_dm8_nh3_el1_dl512_df1_fctimeF_ebTrue_dtsparse_wcomp_projection_0,96,48,3,512,512,16,0.0005,10,3,0,True,./checkpoints/Electricity_pl96_latent_query_attention_entmax_entropy_ratio0p3_k96_seed2021_iTransformer_custom_M_ft96_sl48_ll96_pl512_dm8_nh3_el1_dl512_df1_fctimeF_ebTrue_dtsparse_wcomp_projection_0,./results/Electricity_pl96_latent_query_attention_entmax_entropy_ratio0p3_k96_seed2021_iTransformer_custom_M_ft96_sl48_ll96_pl512_dm8_nh3_el1_dl512_df1_fctimeF_ebTrue_dtsparse_wcomp_projection_0/,./results/Electricity_pl96_latent_query_attention_entmax_entropy_ratio0p3_k96_seed2021_iTransformer_custom_M_ft96_sl48_ll96_pl512_dm8_nh3_el1_dl512_df1_fctimeF_ebTrue_dtsparse_wcomp_projection_0/weight_matrices,./results/sparse_attention_wcomp/plots/latent_query_attention_entmax_entropy/Electricity_pl96_latent_query_attention_entmax_entropy_ratio0p3_k96_seed2021_iTransformer_custom_M_ft96_sl48_ll96_pl512_dm8_nh3_el1_dl512_df1_fctimeF_ebTrue_dtsparse_wcomp_projection_0
Electricity,720,MLP_attention,MLP_attention_softmax,,,0,MLP_attention,slot_learned_linear,learned_expand_linear,feature,,mse,1.0,True,1,321,321,321,32,32,0.1,32,0.1,0.09968847352024922,0.09968847352024922,32,32,0.09968847352024922,0.09968847352024922,96,False,8,0.0,1.0,scalar,1.0,1.0,1.0,4,False,False,ratio,,32,,325,36,4,0.11076923076923077,88.92307692307693,0.012269822485207102,98.77301775147929,test,True,0.23696159070487707,0.3343561303586725,0.4867870075349968,2.771467211880263,116670.54469040404,0.01,0.0,0.0,0.0,0.0,0.01,0.0,0.0,229.4593276977539,10990,0.02087891971772101,47.89519829185648,276.5373492240906,5443344,302.33154296875,402.0,302.33154296875,1.0,0,softmax,1.5,0,0,4.308507919311523,0.715835452079773,91.61578369140625,50.55143737792969,0.10218658298254013,0.27663734555244446,0.3961910307407379,0.06774193793535233,0.09112904220819473,0.2094578593969345,0.999902606010437,0.9999999403953552,0.999980628490448,5.029373645782471,0.19136583805084229,0.0,0.0,0.0,0.0,none,persistence,1.0,0.0,none,1.0,0.0,success,2026-07-07 02:48:55,c2426e68ca13f74aaec08045c5c724d8ad328124,true,,,0,0,0,custom,./dataset/electricity/,electricity.csv,OT,h,2021,0,iTransformer,Electricity_pl720_MLP_attention_softmax_ratio0p1_k32_seed2021,Electricity_pl720_MLP_attention_softmax_ratio0p1_k32_seed2021_iTransformer_custom_M_ft96_sl48_ll720_pl512_dm8_nh3_el1_dl512_df1_fctimeF_ebTrue_dtsparse_wcomp_projection_0,96,48,3,512,512,16,0.0005,10,3,0,True,./checkpoints/Electricity_pl720_MLP_attention_softmax_ratio0p1_k32_seed2021_iTransformer_custom_M_ft96_sl48_ll720_pl512_dm8_nh3_el1_dl512_df1_fctimeF_ebTrue_dtsparse_wcomp_projection_0,./results/Electricity_pl720_MLP_attention_softmax_ratio0p1_k32_seed2021_iTransformer_custom_M_ft96_sl48_ll720_pl512_dm8_nh3_el1_dl512_df1_fctimeF_ebTrue_dtsparse_wcomp_projection_0/,./results/Electricity_pl720_MLP_attention_softmax_ratio0p1_k32_seed2021_iTransformer_custom_M_ft96_sl48_ll720_pl512_dm8_nh3_el1_dl512_df1_fctimeF_ebTrue_dtsparse_wcomp_projection_0/weight_matrices,./results/sparse_attention_wcomp/plots/MLP_attention_softmax/Electricity_pl720_MLP_attention_softmax_ratio0p1_k32_seed2021_iTransformer_custom_M_ft96_sl48_ll720_pl512_dm8_nh3_el1_dl512_df1_fctimeF_ebTrue_dtsparse_wcomp_projection_0
Electricity,720,MLP_attention,MLP_attention_softmax_entropy,,,0,MLP_attention,slot_learned_linear,learned_expand_linear,feature,,mse,1.0,True,1,321,321,321,32,32,0.1,32,0.1,0.09968847352024922,0.09968847352024922,32,32,0.09968847352024922,0.09968847352024922,96,False,8,0.0,1.0,scalar,1.0,1.0,1.0,4,False,False,ratio,,32,,325,36,4,0.11076923076923077,88.92307692307693,0.012269822485207102,98.77301775147929,test,True,0.23624147481148333,0.33378629259851755,0.48604678253382494,2.782218087483342,116286.57157619442,0.01,0.0,0.0,0.0,0.001,0.01,0.001,0.0,231.23944234848022,10990,0.02104089557311012,47.526494132596795,278.3683178424835,5443344,303.58642578125,402.0,303.58642578125,1.0,0,softmax,1.5,0,0,4.195318222045898,0.7600125670433044,84.30667114257812,50.017757415771484,0.11190328747034073,0.29587411880493164,0.423183798789978,0.06451612710952759,0.0961693599820137,0.19601039588451385,0.9977608919143677,0.9999999403953552,0.9999903440475464,5.000321388244629,0.19377580285072327,0.0,0.0,0.0,0.0,none,persistence,1.0,0.0,none,1.0,0.0,success,2026-07-07 02:53:36,c2426e68ca13f74aaec08045c5c724d8ad328124,true,,,0,0,0,custom,./dataset/electricity/,electricity.csv,OT,h,2021,0,iTransformer,Electricity_pl720_MLP_attention_softmax_entropy_ratio0p1_k32_seed2021,Electricity_pl720_MLP_attention_softmax_entropy_ratio0p1_k32_seed2021_iTransformer_custom_M_ft96_sl48_ll720_pl512_dm8_nh3_el1_dl512_df1_fctimeF_ebTrue_dtsparse_wcomp_projection_0,96,48,3,512,512,16,0.0005,10,3,0,True,./checkpoints/Electricity_pl720_MLP_attention_softmax_entropy_ratio0p1_k32_seed2021_iTransformer_custom_M_ft96_sl48_ll720_pl512_dm8_nh3_el1_dl512_df1_fctimeF_ebTrue_dtsparse_wcomp_projection_0,./results/Electricity_pl720_MLP_attention_softmax_entropy_ratio0p1_k32_seed2021_iTransformer_custom_M_ft96_sl48_ll720_pl512_dm8_nh3_el1_dl512_df1_fctimeF_ebTrue_dtsparse_wcomp_projection_0/,./results/Electricity_pl720_MLP_attention_softmax_entropy_ratio0p1_k32_seed2021_iTransformer_custom_M_ft96_sl48_ll720_pl512_dm8_nh3_el1_dl512_df1_fctimeF_ebTrue_dtsparse_wcomp_projection_0/weight_matrices,./results/sparse_attention_wcomp/plots/MLP_attention_softmax_entropy/Electricity_pl720_MLP_attention_softmax_entropy_ratio0p1_k32_seed2021_iTransformer_custom_M_ft96_sl48_ll720_pl512_dm8_nh3_el1_dl512_df1_fctimeF_ebTrue_dtsparse_wcomp_projection_0
Electricity,720,MLP_attention,MLP_attention_entmax,,,0,MLP_attention,slot_learned_linear,learned_expand_linear,feature,,mse,1.0,True,1,321,321,321,32,32,0.1,32,0.1,0.09968847352024922,0.09968847352024922,32,32,0.09968847352024922,0.09968847352024922,96,False,8,0.0,1.0,scalar,1.0,1.0,1.0,4,False,False,ratio,,32,,325,36,4,0.11076923076923077,88.92307692307693,0.012269822485207102,98.77301775147929,test,True,0.2468612349896587,0.34365642348172853,0.49685132080901095,2.8413359858562464,120089.40092314631,0.01,0.0,0.0,0.0,0.0,0.01,0.0,0.0,360.7360100746155,10990,0.03282402275474208,30.46549191949759,436.9675862789154,5443344,304.2763671875,404.0,304.2763671875,1.0,0,entmax15,1.5,0,0,3.6530466079711914,0.8755038976669312,47.96411895751953,19.337783813476562,0.11724503338336945,0.3124968409538269,0.4574016332626343,0.05161289870738983,0.06975806504487991,0.1428947150707245,0.27170950174331665,0.9999999403953552,0.9968750476837158,4.996657848358154,0.17683371901512146,0.0,0.0,0.0,0.0,none,persistence,1.0,0.0,none,1.0,0.0,success,2026-07-07 03:00:56,c2426e68ca13f74aaec08045c5c724d8ad328124,true,,,0,0,0,custom,./dataset/electricity/,electricity.csv,OT,h,2021,0,iTransformer,Electricity_pl720_MLP_attention_entmax_ratio0p1_k32_seed2021,Electricity_pl720_MLP_attention_entmax_ratio0p1_k32_seed2021_iTransformer_custom_M_ft96_sl48_ll720_pl512_dm8_nh3_el1_dl512_df1_fctimeF_ebTrue_dtsparse_wcomp_projection_0,96,48,3,512,512,16,0.0005,10,3,0,True,./checkpoints/Electricity_pl720_MLP_attention_entmax_ratio0p1_k32_seed2021_iTransformer_custom_M_ft96_sl48_ll720_pl512_dm8_nh3_el1_dl512_df1_fctimeF_ebTrue_dtsparse_wcomp_projection_0,./results/Electricity_pl720_MLP_attention_entmax_ratio0p1_k32_seed2021_iTransformer_custom_M_ft96_sl48_ll720_pl512_dm8_nh3_el1_dl512_df1_fctimeF_ebTrue_dtsparse_wcomp_projection_0/,./results/Electricity_pl720_MLP_attention_entmax_ratio0p1_k32_seed2021_iTransformer_custom_M_ft96_sl48_ll720_pl512_dm8_nh3_el1_dl512_df1_fctimeF_ebTrue_dtsparse_wcomp_projection_0/weight_matrices,./results/sparse_attention_wcomp/plots/MLP_attention_entmax/Electricity_pl720_MLP_attention_entmax_ratio0p1_k32_seed2021_iTransformer_custom_M_ft96_sl48_ll720_pl512_dm8_nh3_el1_dl512_df1_fctimeF_ebTrue_dtsparse_wcomp_projection_0
Electricity,720,MLP_attention,MLP_attention_entmax_entropy,,,0,MLP_attention,slot_learned_linear,learned_expand_linear,feature,,mse,1.0,True,1,321,321,321,32,32,0.1,32,0.1,0.09968847352024922,0.09968847352024922,32,32,0.09968847352024922,0.09968847352024922,96,False,8,0.0,1.0,scalar,1.0,1.0,1.0,4,False,False,ratio,,32,,325,36,4,0.11076923076923077,88.92307692307693,0.012269822485207102,98.77301775147929,test,True,0.24035539357751956,0.33804878902378716,0.4902605364268264,2.851796535769198,147165.8396439469,0.01,0.0,0.0,0.0,0.001,0.01,0.001,0.0,358.31048917770386,10990,0.03260332021635158,30.671722798908956,436.767032623291,5443344,305.53125,404.0,305.53125,1.0,0,entmax15,1.5,0,0,3.534695863723755,0.607089638710022,39.54981231689453,17.387516021728516,0.09723908454179764,0.3331787586212158,0.5127977132797241,0.03427419066429138,0.04435483738780022,0.10218719393014908,0.22128114104270935,0.9999999403953552,1.0,5.18039083480835,0.12902474403381348,0.0,0.0,0.0,0.0,none,persistence,1.0,0.0,none,1.0,0.0,success,2026-07-07 03:08:15,c2426e68ca13f74aaec08045c5c724d8ad328124,true,,,0,0,0,custom,./dataset/electricity/,electricity.csv,OT,h,2021,0,iTransformer,Electricity_pl720_MLP_attention_entmax_entropy_ratio0p1_k32_seed2021,Electricity_pl720_MLP_attention_entmax_entropy_ratio0p1_k32_seed2021_iTransformer_custom_M_ft96_sl48_ll720_pl512_dm8_nh3_el1_dl512_df1_fctimeF_ebTrue_dtsparse_wcomp_projection_0,96,48,3,512,512,16,0.0005,10,3,0,True,./checkpoints/Electricity_pl720_MLP_attention_entmax_entropy_ratio0p1_k32_seed2021_iTransformer_custom_M_ft96_sl48_ll720_pl512_dm8_nh3_el1_dl512_df1_fctimeF_ebTrue_dtsparse_wcomp_projection_0,./results/Electricity_pl720_MLP_attention_entmax_entropy_ratio0p1_k32_seed2021_iTransformer_custom_M_ft96_sl48_ll720_pl512_dm8_nh3_el1_dl512_df1_fctimeF_ebTrue_dtsparse_wcomp_projection_0/,./results/Electricity_pl720_MLP_attention_entmax_entropy_ratio0p1_k32_seed2021_iTransformer_custom_M_ft96_sl48_ll720_pl512_dm8_nh3_el1_dl512_df1_fctimeF_ebTrue_dtsparse_wcomp_projection_0/weight_matrices,./results/sparse_attention_wcomp/plots/MLP_attention_entmax_entropy/Electricity_pl720_MLP_attention_entmax_entropy_ratio0p1_k32_seed2021_iTransformer_custom_M_ft96_sl48_ll720_pl512_dm8_nh3_el1_dl512_df1_fctimeF_ebTrue_dtsparse_wcomp_projection_0
Electricity,720,latent_query_attention,latent_query_attention_softmax,,,0,latent_query_attention,slot_learned_linear,learned_expand_linear,feature,,mse,1.0,True,1,321,321,321,32,32,0.1,32,0.1,0.09968847352024922,0.09968847352024922,32,32,0.09968847352024922,0.09968847352024922,96,False,8,0.0,1.0,scalar,1.0,1.0,1.0,4,False,False,ratio,,32,,325,36,4,0.11076923076923077,88.92307692307693,0.012269822485207102,98.77301775147929,test,True,0.24540554213251778,0.34265078413360023,0.49538423686318256,2.8986154785585008,151149.54805031992,0.01,0.0,0.0,0.0,0.0,0.01,0.0,0.0,229.2722988128662,10990,0.020861901620824953,47.93426880135276,276.44744849205017,5704944,314.5439453125,420.0,314.5439453125,1.0,0,softmax,1.5,0,0,4.789168834686279,0.4147568345069885,130.196533203125,48.74938201904297,0.08018666505813599,0.2351759374141693,0.31657353043556213,0.1362903118133545,0.14858870208263397,0.2919391393661499,0.9999999403953552,0.9999999403953552,1.0,5.21317720413208,0.17662940919399261,0.0,0.0,0.0,0.0,none,persistence,1.0,0.0,none,1.0,0.0,success,2026-07-07 03:12:54,c2426e68ca13f74aaec08045c5c724d8ad328124,true,,,0,0,0,custom,./dataset/electricity/,electricity.csv,OT,h,2021,0,iTransformer,Electricity_pl720_latent_query_attention_softmax_ratio0p1_k32_seed2021,Electricity_pl720_latent_query_attention_softmax_ratio0p1_k32_seed2021_iTransformer_custom_M_ft96_sl48_ll720_pl512_dm8_nh3_el1_dl512_df1_fctimeF_ebTrue_dtsparse_wcomp_projection_0,96,48,3,512,512,16,0.0005,10,3,0,True,./checkpoints/Electricity_pl720_latent_query_attention_softmax_ratio0p1_k32_seed2021_iTransformer_custom_M_ft96_sl48_ll720_pl512_dm8_nh3_el1_dl512_df1_fctimeF_ebTrue_dtsparse_wcomp_projection_0,./results/Electricity_pl720_latent_query_attention_softmax_ratio0p1_k32_seed2021_iTransformer_custom_M_ft96_sl48_ll720_pl512_dm8_nh3_el1_dl512_df1_fctimeF_ebTrue_dtsparse_wcomp_projection_0/,./results/Electricity_pl720_latent_query_attention_softmax_ratio0p1_k32_seed2021_iTransformer_custom_M_ft96_sl48_ll720_pl512_dm8_nh3_el1_dl512_df1_fctimeF_ebTrue_dtsparse_wcomp_projection_0/weight_matrices,./results/sparse_attention_wcomp/plots/latent_query_attention_softmax/Electricity_pl720_latent_query_attention_softmax_ratio0p1_k32_seed2021_iTransformer_custom_M_ft96_sl48_ll720_pl512_dm8_nh3_el1_dl512_df1_fctimeF_ebTrue_dtsparse_wcomp_projection_0
Electricity,720,latent_query_attention,latent_query_attention_softmax_entropy,,,0,latent_query_attention,slot_learned_linear,learned_expand_linear,feature,,mse,1.0,True,1,321,321,321,32,32,0.1,32,0.1,0.09968847352024922,0.09968847352024922,32,32,0.09968847352024922,0.09968847352024922,96,False,8,0.0,1.0,scalar,1.0,1.0,1.0,4,False,False,ratio,,32,,325,36,4,0.11076923076923077,88.92307692307693,0.012269822485207102,98.77301775147929,test,True,0.2451114534554322,0.3424109020261683,0.4950873190210311,2.918704541087113,173449.52493866076,0.01,0.0,0.0,0.0,0.001,0.01,0.001,0.0,234.84978532791138,10990,0.0213694072181903,46.79586989894456,283.6016254425049,5704944,315.79833984375,422.0,315.79833984375,1.0,0,softmax,1.5,0,0,4.7992753982543945,0.4369112253189087,131.82635498046875,46.674949645996094,0.08332623541355133,0.23810380697250366,0.3157798647880554,0.13991935551166534,0.16733869910240173,0.2921854257583618,0.9999999403953552,0.9999999403953552,1.0,5.19693660736084,0.18036259710788727,0.0,0.0,0.0,0.0,none,persistence,1.0,0.0,none,1.0,0.0,success,2026-07-07 03:17:40,c2426e68ca13f74aaec08045c5c724d8ad328124,true,,,0,0,0,custom,./dataset/electricity/,electricity.csv,OT,h,2021,0,iTransformer,Electricity_pl720_latent_query_attention_softmax_entropy_ratio0p1_k32_seed2021,Electricity_pl720_latent_query_attention_softmax_entropy_ratio0p1_k32_seed2021_iTransformer_custom_M_ft96_sl48_ll720_pl512_dm8_nh3_el1_dl512_df1_fctimeF_ebTrue_dtsparse_wcomp_projection_0,96,48,3,512,512,16,0.0005,10,3,0,True,./checkpoints/Electricity_pl720_latent_query_attention_softmax_entropy_ratio0p1_k32_seed2021_iTransformer_custom_M_ft96_sl48_ll720_pl512_dm8_nh3_el1_dl512_df1_fctimeF_ebTrue_dtsparse_wcomp_projection_0,./results/Electricity_pl720_latent_query_attention_softmax_entropy_ratio0p1_k32_seed2021_iTransformer_custom_M_ft96_sl48_ll720_pl512_dm8_nh3_el1_dl512_df1_fctimeF_ebTrue_dtsparse_wcomp_projection_0/,./results/Electricity_pl720_latent_query_attention_softmax_entropy_ratio0p1_k32_seed2021_iTransformer_custom_M_ft96_sl48_ll720_pl512_dm8_nh3_el1_dl512_df1_fctimeF_ebTrue_dtsparse_wcomp_projection_0/weight_matrices,./results/sparse_attention_wcomp/plots/latent_query_attention_softmax_entropy/Electricity_pl720_latent_query_attention_softmax_entropy_ratio0p1_k32_seed2021_iTransformer_custom_M_ft96_sl48_ll720_pl512_dm8_nh3_el1_dl512_df1_fctimeF_ebTrue_dtsparse_wcomp_projection_0
Electricity,720,latent_query_attention,latent_query_attention_entmax,,,0,latent_query_attention,slot_learned_linear,learned_expand_linear,feature,,mse,1.0,True,1,321,321,321,32,32,0.1,32,0.1,0.09968847352024922,0.09968847352024922,32,32,0.09968847352024922,0.09968847352024922,96,False,8,0.0,1.0,scalar,1.0,1.0,1.0,4,False,False,ratio,,32,,325,36,4,0.11076923076923077,88.92307692307693,0.012269822485207102,98.77301775147929,test,True,0.24216769924973167,0.3403651748952202,0.4921053741321382,2.9143517497360434,167106.27755408888,0.01,0.0,0.0,0.0,0.0,0.01,0.0,0.0,355.3056728839874,10990,0.03232990654085418,30.931113232150384,431.2017307281494,5704944,316.48876953125,420.0,316.48876953125,1.0,0,entmax15,1.5,0,0,3.9230074882507324,0.5897256135940552,60.13745880126953,35.57903289794922,0.10691066086292267,0.2875998616218567,0.4267328977584839,0.07540322840213776,0.09072580188512802,0.18002793192863464,0.3731502890586853,0.9999999403953552,1.0,5.150097846984863,0.14986607432365417,0.0,0.0,0.0,0.0,none,persistence,1.0,0.0,none,1.0,0.0,success,2026-07-07 03:24:53,c2426e68ca13f74aaec08045c5c724d8ad328124,true,,,0,0,0,custom,./dataset/electricity/,electricity.csv,OT,h,2021,0,iTransformer,Electricity_pl720_latent_query_attention_entmax_ratio0p1_k32_seed2021,Electricity_pl720_latent_query_attention_entmax_ratio0p1_k32_seed2021_iTransformer_custom_M_ft96_sl48_ll720_pl512_dm8_nh3_el1_dl512_df1_fctimeF_ebTrue_dtsparse_wcomp_projection_0,96,48,3,512,512,16,0.0005,10,3,0,True,./checkpoints/Electricity_pl720_latent_query_attention_entmax_ratio0p1_k32_seed2021_iTransformer_custom_M_ft96_sl48_ll720_pl512_dm8_nh3_el1_dl512_df1_fctimeF_ebTrue_dtsparse_wcomp_projection_0,./results/Electricity_pl720_latent_query_attention_entmax_ratio0p1_k32_seed2021_iTransformer_custom_M_ft96_sl48_ll720_pl512_dm8_nh3_el1_dl512_df1_fctimeF_ebTrue_dtsparse_wcomp_projection_0/,./results/Electricity_pl720_latent_query_attention_entmax_ratio0p1_k32_seed2021_iTransformer_custom_M_ft96_sl48_ll720_pl512_dm8_nh3_el1_dl512_df1_fctimeF_ebTrue_dtsparse_wcomp_projection_0/weight_matrices,./results/sparse_attention_wcomp/plots/latent_query_attention_entmax/Electricity_pl720_latent_query_attention_entmax_ratio0p1_k32_seed2021_iTransformer_custom_M_ft96_sl48_ll720_pl512_dm8_nh3_el1_dl512_df1_fctimeF_ebTrue_dtsparse_wcomp_projection_0
Electricity,720,latent_query_attention,latent_query_attention_entmax_entropy,,,0,latent_query_attention,slot_learned_linear,learned_expand_linear,feature,,mse,1.0,True,1,321,321,321,32,32,0.1,32,0.1,0.09968847352024922,0.09968847352024922,32,32,0.09968847352024922,0.09968847352024922,96,False,8,0.0,1.0,scalar,1.0,1.0,1.0,4,False,False,ratio,,32,,325,36,4,0.11076923076923077,88.92307692307693,0.012269822485207102,98.77301775147929,test,True,0.23982608522213006,0.338002134976257,0.48972041536179606,2.9289070364271343,177062.7595181567,0.01,0.0,0.0,0.0,0.001,0.01,0.001,0.0,355.5743272304535,10990,0.0323543518863015,30.90774321532275,433.704797744751,5704944,317.7431640625,422.0,317.7431640625,1.0,0,entmax15,1.5,0,0,3.8335769176483154,0.5130233764648438,52.937294006347656,28.858896255493164,0.0919114500284195,0.31010520458221436,0.46876004338264465,0.07258064299821854,0.08790323138237,0.1689213365316391,0.34277647733688354,0.9999999403953552,1.0,5.143612861633301,0.13910651206970215,0.0,0.0,0.0,0.0,none,persistence,1.0,0.0,none,1.0,0.0,success,2026-07-07 03:32:09,c2426e68ca13f74aaec08045c5c724d8ad328124,true,,,0,0,0,custom,./dataset/electricity/,electricity.csv,OT,h,2021,0,iTransformer,Electricity_pl720_latent_query_attention_entmax_entropy_ratio0p1_k32_seed2021,Electricity_pl720_latent_query_attention_entmax_entropy_ratio0p1_k32_seed2021_iTransformer_custom_M_ft96_sl48_ll720_pl512_dm8_nh3_el1_dl512_df1_fctimeF_ebTrue_dtsparse_wcomp_projection_0,96,48,3,512,512,16,0.0005,10,3,0,True,./checkpoints/Electricity_pl720_latent_query_attention_entmax_entropy_ratio0p1_k32_seed2021_iTransformer_custom_M_ft96_sl48_ll720_pl512_dm8_nh3_el1_dl512_df1_fctimeF_ebTrue_dtsparse_wcomp_projection_0,./results/Electricity_pl720_latent_query_attention_entmax_entropy_ratio0p1_k32_seed2021_iTransformer_custom_M_ft96_sl48_ll720_pl512_dm8_nh3_el1_dl512_df1_fctimeF_ebTrue_dtsparse_wcomp_projection_0/,./results/Electricity_pl720_latent_query_attention_entmax_entropy_ratio0p1_k32_seed2021_iTransformer_custom_M_ft96_sl48_ll720_pl512_dm8_nh3_el1_dl512_df1_fctimeF_ebTrue_dtsparse_wcomp_projection_0/weight_matrices,./results/sparse_attention_wcomp/plots/latent_query_attention_entmax_entropy/Electricity_pl720_latent_query_attention_entmax_entropy_ratio0p1_k32_seed2021_iTransformer_custom_M_ft96_sl48_ll720_pl512_dm8_nh3_el1_dl512_df1_fctimeF_ebTrue_dtsparse_wcomp_projection_0
Electricity,720,MLP_attention,MLP_attention_softmax,,,0,MLP_attention,slot_learned_linear,learned_expand_linear,feature,,mse,1.0,True,1,321,321,321,96,96,0.3,96,0.3,0.29906542056074764,0.29906542056074764,96,96,0.29906542056074764,0.29906542056074764,96,False,8,0.0,1.0,scalar,1.0,1.0,1.0,4,False,False,ratio,,96,,325,100,4,0.3076923076923077,69.23076923076923,0.09467455621301776,90.53254437869822,test,True,0.23132185112376277,0.33019985230418075,0.48095930298078526,2.8530426789345475,164716.4973309441,0.01,0.0,0.0,0.0,0.0,0.01,0.0,0.0,234.85582900047302,10990,0.021369957142900183,46.79466567541684,282.0618243217468,5496720,406.81298828125,528.0,406.81298828125,1.0,0,softmax,1.5,0,0,4.195369243621826,0.8638309240341187,87.49935150146484,54.453392028808594,0.10846960544586182,0.30715030431747437,0.4343622326850891,0.06526315212249756,0.09396930783987045,0.19101963937282562,0.9902324080467224,1.0,0.999980628490448,5.093245029449463,0.16746936738491058,0.0,0.0,0.0,0.0,none,persistence,1.0,0.0,none,1.0,0.0,success,2026-07-07 03:36:54,c2426e68ca13f74aaec08045c5c724d8ad328124,true,,,0,0,0,custom,./dataset/electricity/,electricity.csv,OT,h,2021,0,iTransformer,Electricity_pl720_MLP_attention_softmax_ratio0p3_k96_seed2021,Electricity_pl720_MLP_attention_softmax_ratio0p3_k96_seed2021_iTransformer_custom_M_ft96_sl48_ll720_pl512_dm8_nh3_el1_dl512_df1_fctimeF_ebTrue_dtsparse_wcomp_projection_0,96,48,3,512,512,16,0.0005,10,3,0,True,./checkpoints/Electricity_pl720_MLP_attention_softmax_ratio0p3_k96_seed2021_iTransformer_custom_M_ft96_sl48_ll720_pl512_dm8_nh3_el1_dl512_df1_fctimeF_ebTrue_dtsparse_wcomp_projection_0,./results/Electricity_pl720_MLP_attention_softmax_ratio0p3_k96_seed2021_iTransformer_custom_M_ft96_sl48_ll720_pl512_dm8_nh3_el1_dl512_df1_fctimeF_ebTrue_dtsparse_wcomp_projection_0/,./results/Electricity_pl720_MLP_attention_softmax_ratio0p3_k96_seed2021_iTransformer_custom_M_ft96_sl48_ll720_pl512_dm8_nh3_el1_dl512_df1_fctimeF_ebTrue_dtsparse_wcomp_projection_0/weight_matrices,./results/sparse_attention_wcomp/plots/MLP_attention_softmax/Electricity_pl720_MLP_attention_softmax_ratio0p3_k96_seed2021_iTransformer_custom_M_ft96_sl48_ll720_pl512_dm8_nh3_el1_dl512_df1_fctimeF_ebTrue_dtsparse_wcomp_projection_0
Electricity,720,MLP_attention,MLP_attention_softmax_entropy,,,0,MLP_attention,slot_learned_linear,learned_expand_linear,feature,,mse,1.0,True,1,321,321,321,96,96,0.3,96,0.3,0.29906542056074764,0.29906542056074764,96,96,0.29906542056074764,0.29906542056074764,96,False,8,0.0,1.0,scalar,1.0,1.0,1.0,4,False,False,ratio,,96,,325,100,4,0.3076923076923077,69.23076923076923,0.09467455621301776,90.53254437869822,test,True,0.2303881104232847,0.32897942754724424,0.479987614864472,2.8013673157097982,159725.3520836566,0.01,0.0,0.0,0.0,0.001,0.01,0.001,0.0,240.59427618980408,10990,0.021892108843476258,45.67855966502721,288.55944180488586,5496720,410.619140625,536.0,410.619140625,1.0,0,softmax,1.5,0,0,4.11806583404541,0.8832581043243408,84.29118347167969,59.60718536376953,0.10620473325252533,0.3200749456882477,0.4511144757270813,0.0670614019036293,0.0929824560880661,0.19040071964263916,0.9905568957328796,1.0,1.0,5.094356536865234,0.16852980852127075,0.0,0.0,0.0,0.0,none,persistence,1.0,0.0,none,1.0,0.0,success,2026-07-07 03:41:45,c2426e68ca13f74aaec08045c5c724d8ad328124,true,,,0,0,0,custom,./dataset/electricity/,electricity.csv,OT,h,2021,0,iTransformer,Electricity_pl720_MLP_attention_softmax_entropy_ratio0p3_k96_seed2021,Electricity_pl720_MLP_attention_softmax_entropy_ratio0p3_k96_seed2021_iTransformer_custom_M_ft96_sl48_ll720_pl512_dm8_nh3_el1_dl512_df1_fctimeF_ebTrue_dtsparse_wcomp_projection_0,96,48,3,512,512,16,0.0005,10,3,0,True,./checkpoints/Electricity_pl720_MLP_attention_softmax_entropy_ratio0p3_k96_seed2021_iTransformer_custom_M_ft96_sl48_ll720_pl512_dm8_nh3_el1_dl512_df1_fctimeF_ebTrue_dtsparse_wcomp_projection_0,./results/Electricity_pl720_MLP_attention_softmax_entropy_ratio0p3_k96_seed2021_iTransformer_custom_M_ft96_sl48_ll720_pl512_dm8_nh3_el1_dl512_df1_fctimeF_ebTrue_dtsparse_wcomp_projection_0/,./results/Electricity_pl720_MLP_attention_softmax_entropy_ratio0p3_k96_seed2021_iTransformer_custom_M_ft96_sl48_ll720_pl512_dm8_nh3_el1_dl512_df1_fctimeF_ebTrue_dtsparse_wcomp_projection_0/weight_matrices,./results/sparse_attention_wcomp/plots/MLP_attention_softmax_entropy/Electricity_pl720_MLP_attention_softmax_entropy_ratio0p3_k96_seed2021_iTransformer_custom_M_ft96_sl48_ll720_pl512_dm8_nh3_el1_dl512_df1_fctimeF_ebTrue_dtsparse_wcomp_projection_0
Electricity,720,MLP_attention,MLP_attention_entmax,,,0,MLP_attention,slot_learned_linear,learned_expand_linear,feature,,mse,1.0,True,1,321,321,321,96,96,0.3,96,0.3,0.29906542056074764,0.29906542056074764,96,96,0.29906542056074764,0.29906542056074764,96,False,8,0.0,1.0,scalar,1.0,1.0,1.0,4,False,False,ratio,,96,,325,100,4,0.3076923076923077,69.23076923076923,0.09467455621301776,90.53254437869822,test,True,0.24384512448930074,0.3410055884589587,0.49380676837129395,2.854753729930515,135398.87344250464,0.01,0.0,0.0,0.0,0.0,0.01,0.0,0.0,361.14568305015564,10990,0.03286129964059651,30.43093276702332,438.0063328742981,5496720,411.2587890625,532.0,411.2587890625,1.0,0,entmax15,1.5,0,0,3.4231081008911133,0.9660745859146118,41.694664001464844,25.27459144592285,0.15480415523052216,0.3690895736217499,0.5300294756889343,0.05096491053700447,0.07385965436697006,0.139834925532341,0.24114097654819489,1.0,0.9999903440475464,5.002610683441162,0.1776370257139206,0.0,0.0,0.0,0.0,none,persistence,1.0,0.0,none,1.0,0.0,success,2026-07-07 03:49:06,c2426e68ca13f74aaec08045c5c724d8ad328124,true,,,0,0,0,custom,./dataset/electricity/,electricity.csv,OT,h,2021,0,iTransformer,Electricity_pl720_MLP_attention_entmax_ratio0p3_k96_seed2021,Electricity_pl720_MLP_attention_entmax_ratio0p3_k96_seed2021_iTransformer_custom_M_ft96_sl48_ll720_pl512_dm8_nh3_el1_dl512_df1_fctimeF_ebTrue_dtsparse_wcomp_projection_0,96,48,3,512,512,16,0.0005,10,3,0,True,./checkpoints/Electricity_pl720_MLP_attention_entmax_ratio0p3_k96_seed2021_iTransformer_custom_M_ft96_sl48_ll720_pl512_dm8_nh3_el1_dl512_df1_fctimeF_ebTrue_dtsparse_wcomp_projection_0,./results/Electricity_pl720_MLP_attention_entmax_ratio0p3_k96_seed2021_iTransformer_custom_M_ft96_sl48_ll720_pl512_dm8_nh3_el1_dl512_df1_fctimeF_ebTrue_dtsparse_wcomp_projection_0/,./results/Electricity_pl720_MLP_attention_entmax_ratio0p3_k96_seed2021_iTransformer_custom_M_ft96_sl48_ll720_pl512_dm8_nh3_el1_dl512_df1_fctimeF_ebTrue_dtsparse_wcomp_projection_0/weight_matrices,./results/sparse_attention_wcomp/plots/MLP_attention_entmax/Electricity_pl720_MLP_attention_entmax_ratio0p3_k96_seed2021_iTransformer_custom_M_ft96_sl48_ll720_pl512_dm8_nh3_el1_dl512_df1_fctimeF_ebTrue_dtsparse_wcomp_projection_0
Electricity,720,MLP_attention,MLP_attention_entmax_entropy,,,0,MLP_attention,slot_learned_linear,learned_expand_linear,feature,,mse,1.0,True,1,321,321,321,96,96,0.3,96,0.3,0.29906542056074764,0.29906542056074764,96,96,0.29906542056074764,0.29906542056074764,96,False,8,0.0,1.0,scalar,1.0,1.0,1.0,4,False,False,ratio,,96,,325,100,4,0.3076923076923077,69.23076923076923,0.09467455621301776,90.53254437869822,test,True,0.2400935986674008,0.3376650188472958,0.489993467984422,2.853829980386244,132404.0544823182,0.01,0.0,0.0,0.0,0.001,0.01,0.001,0.0,364.56903743743896,10990,0.03317279685508999,30.14518204082516,444.15025901794434,5496720,415.07763671875,532.0,415.07763671875,1.0,0,entmax15,1.5,0,0,3.22268009185791,0.9201589822769165,32.990501403808594,17.916149139404297,0.1659860610961914,0.41507577896118164,0.5884756445884705,0.052061405032873154,0.0667763203382492,0.11405152827501297,0.1961967945098877,1.0,0.9999903440475464,4.975198268890381,0.1899237036705017,0.0,0.0,0.0,0.0,none,persistence,1.0,0.0,none,1.0,0.0,success,2026-07-07 03:56:32,c2426e68ca13f74aaec08045c5c724d8ad328124,true,,,0,0,0,custom,./dataset/electricity/,electricity.csv,OT,h,2021,0,iTransformer,Electricity_pl720_MLP_attention_entmax_entropy_ratio0p3_k96_seed2021,Electricity_pl720_MLP_attention_entmax_entropy_ratio0p3_k96_seed2021_iTransformer_custom_M_ft96_sl48_ll720_pl512_dm8_nh3_el1_dl512_df1_fctimeF_ebTrue_dtsparse_wcomp_projection_0,96,48,3,512,512,16,0.0005,10,3,0,True,./checkpoints/Electricity_pl720_MLP_attention_entmax_entropy_ratio0p3_k96_seed2021_iTransformer_custom_M_ft96_sl48_ll720_pl512_dm8_nh3_el1_dl512_df1_fctimeF_ebTrue_dtsparse_wcomp_projection_0,./results/Electricity_pl720_MLP_attention_entmax_entropy_ratio0p3_k96_seed2021_iTransformer_custom_M_ft96_sl48_ll720_pl512_dm8_nh3_el1_dl512_df1_fctimeF_ebTrue_dtsparse_wcomp_projection_0/,./results/Electricity_pl720_MLP_attention_entmax_entropy_ratio0p3_k96_seed2021_iTransformer_custom_M_ft96_sl48_ll720_pl512_dm8_nh3_el1_dl512_df1_fctimeF_ebTrue_dtsparse_wcomp_projection_0/weight_matrices,./results/sparse_attention_wcomp/plots/MLP_attention_entmax_entropy/Electricity_pl720_MLP_attention_entmax_entropy_ratio0p3_k96_seed2021_iTransformer_custom_M_ft96_sl48_ll720_pl512_dm8_nh3_el1_dl512_df1_fctimeF_ebTrue_dtsparse_wcomp_projection_0
Electricity,720,latent_query_attention,latent_query_attention_softmax,,,0,latent_query_attention,slot_learned_linear,learned_expand_linear,feature,,mse,1.0,True,1,321,321,321,96,96,0.3,96,0.3,0.29906542056074764,0.29906542056074764,96,96,0.29906542056074764,0.29906542056074764,96,False,8,0.0,1.0,scalar,1.0,1.0,1.0,4,False,False,ratio,,96,,325,100,4,0.3076923076923077,69.23076923076923,0.09467455621301776,90.53254437869822,test,True,0.24406887867489133,0.34130677046858565,0.4940332768902226,2.9240507905659183,190731.67517682328,0.01,0.0,0.0,0.0,0.0,0.01,0.0,0.0,239.99052548408508,10990,0.021837172473529124,45.793474462510815,287.01375675201416,5758256,418.302734375,546.0,418.302734375,1.0,0,softmax,1.5,0,0,4.6649885177612305,0.7976391315460205,134.75997924804688,77.20814514160156,0.1161104291677475,0.24986760318279266,0.32844623923301697,0.12938596308231354,0.15076754987239838,0.2971283495426178,1.0,1.0,1.0,5.047993183135986,0.20770667493343353,0.0,0.0,0.0,0.0,none,persistence,1.0,0.0,none,1.0,0.0,success,2026-07-07 04:01:22,c2426e68ca13f74aaec08045c5c724d8ad328124,true,,,0,0,0,custom,./dataset/electricity/,electricity.csv,OT,h,2021,0,iTransformer,Electricity_pl720_latent_query_attention_softmax_ratio0p3_k96_seed2021,Electricity_pl720_latent_query_attention_softmax_ratio0p3_k96_seed2021_iTransformer_custom_M_ft96_sl48_ll720_pl512_dm8_nh3_el1_dl512_df1_fctimeF_ebTrue_dtsparse_wcomp_projection_0,96,48,3,512,512,16,0.0005,10,3,0,True,./checkpoints/Electricity_pl720_latent_query_attention_softmax_ratio0p3_k96_seed2021_iTransformer_custom_M_ft96_sl48_ll720_pl512_dm8_nh3_el1_dl512_df1_fctimeF_ebTrue_dtsparse_wcomp_projection_0,./results/Electricity_pl720_latent_query_attention_softmax_ratio0p3_k96_seed2021_iTransformer_custom_M_ft96_sl48_ll720_pl512_dm8_nh3_el1_dl512_df1_fctimeF_ebTrue_dtsparse_wcomp_projection_0/,./results/Electricity_pl720_latent_query_attention_softmax_ratio0p3_k96_seed2021_iTransformer_custom_M_ft96_sl48_ll720_pl512_dm8_nh3_el1_dl512_df1_fctimeF_ebTrue_dtsparse_wcomp_projection_0/weight_matrices,./results/sparse_attention_wcomp/plots/latent_query_attention_softmax/Electricity_pl720_latent_query_attention_softmax_ratio0p3_k96_seed2021_iTransformer_custom_M_ft96_sl48_ll720_pl512_dm8_nh3_el1_dl512_df1_fctimeF_ebTrue_dtsparse_wcomp_projection_0
Electricity,720,latent_query_attention,latent_query_attention_softmax_entropy,,,0,latent_query_attention,slot_learned_linear,learned_expand_linear,feature,,mse,1.0,True,1,321,321,321,96,96,0.3,96,0.3,0.29906542056074764,0.29906542056074764,96,96,0.29906542056074764,0.29906542056074764,96,False,8,0.0,1.0,scalar,1.0,1.0,1.0,4,False,False,ratio,,96,,325,100,4,0.3076923076923077,69.23076923076923,0.09467455621301776,90.53254437869822,test,True,0.24057701654562658,0.3383438192285776,0.490486510054687,2.9061970944189146,175971.66556229486,0.01,0.0,0.0,0.0,0.001,0.01,0.001,0.0,245.3483817577362,10990,0.022324693517537415,44.7934480809082,293.1590185165405,5758256,422.77294921875,554.0,422.77294921875,1.0,0,softmax,1.5,0,0,4.5888285636901855,0.8979259729385376,130.90452575683594,79.70906829833984,0.10986720025539398,0.24733826518058777,0.3359973132610321,0.10916668176651001,0.13563597202301025,0.2918151319026947,1.0,1.0,1.0,5.079570770263672,0.18765059113502502,0.0,0.0,0.0,0.0,none,persistence,1.0,0.0,none,1.0,0.0,success,2026-07-07 04:06:17,c2426e68ca13f74aaec08045c5c724d8ad328124,true,,,0,0,0,custom,./dataset/electricity/,electricity.csv,OT,h,2021,0,iTransformer,Electricity_pl720_latent_query_attention_softmax_entropy_ratio0p3_k96_seed2021,Electricity_pl720_latent_query_attention_softmax_entropy_ratio0p3_k96_seed2021_iTransformer_custom_M_ft96_sl48_ll720_pl512_dm8_nh3_el1_dl512_df1_fctimeF_ebTrue_dtsparse_wcomp_projection_0,96,48,3,512,512,16,0.0005,10,3,0,True,./checkpoints/Electricity_pl720_latent_query_attention_softmax_entropy_ratio0p3_k96_seed2021_iTransformer_custom_M_ft96_sl48_ll720_pl512_dm8_nh3_el1_dl512_df1_fctimeF_ebTrue_dtsparse_wcomp_projection_0,./results/Electricity_pl720_latent_query_attention_softmax_entropy_ratio0p3_k96_seed2021_iTransformer_custom_M_ft96_sl48_ll720_pl512_dm8_nh3_el1_dl512_df1_fctimeF_ebTrue_dtsparse_wcomp_projection_0/,./results/Electricity_pl720_latent_query_attention_softmax_entropy_ratio0p3_k96_seed2021_iTransformer_custom_M_ft96_sl48_ll720_pl512_dm8_nh3_el1_dl512_df1_fctimeF_ebTrue_dtsparse_wcomp_projection_0/weight_matrices,./results/sparse_attention_wcomp/plots/latent_query_attention_softmax_entropy/Electricity_pl720_latent_query_attention_softmax_entropy_ratio0p3_k96_seed2021_iTransformer_custom_M_ft96_sl48_ll720_pl512_dm8_nh3_el1_dl512_df1_fctimeF_ebTrue_dtsparse_wcomp_projection_0
Electricity,720,latent_query_attention,latent_query_attention_entmax,,,0,latent_query_attention,slot_learned_linear,learned_expand_linear,feature,,mse,1.0,True,1,321,321,321,96,96,0.3,96,0.3,0.29906542056074764,0.29906542056074764,96,96,0.29906542056074764,0.29906542056074764,96,False,8,0.0,1.0,scalar,1.0,1.0,1.0,4,False,False,ratio,,96,,325,100,4,0.3076923076923077,69.23076923076923,0.09467455621301776,90.53254437869822,test,True,0.23759063480433892,0.33581052600815214,0.4874326977176838,2.9006251039308037,170219.05520383306,0.01,0.0,0.0,0.0,0.0,0.01,0.0,0.0,360.83357286453247,10990,0.03283290016965718,30.45725460841741,438.0493383407593,5758256,424.09814453125,552.0,424.09814453125,1.0,0,entmax15,1.5,0,0,3.867953300476074,0.6267825961112976,58.69199752807617,39.952877044677734,0.09903248399496078,0.30116280913352966,0.45819467306137085,0.09109649807214737,0.11605263501405716,0.19956378638744354,0.38483256101608276,1.0,1.0,4.9977126121521,0.17390547692775726,0.0,0.0,0.0,0.0,none,persistence,1.0,0.0,none,1.0,0.0,success,2026-07-07 04:13:38,c2426e68ca13f74aaec08045c5c724d8ad328124,true,,,0,0,0,custom,./dataset/electricity/,electricity.csv,OT,h,2021,0,iTransformer,Electricity_pl720_latent_query_attention_entmax_ratio0p3_k96_seed2021,Electricity_pl720_latent_query_attention_entmax_ratio0p3_k96_seed2021_iTransformer_custom_M_ft96_sl48_ll720_pl512_dm8_nh3_el1_dl512_df1_fctimeF_ebTrue_dtsparse_wcomp_projection_0,96,48,3,512,512,16,0.0005,10,3,0,True,./checkpoints/Electricity_pl720_latent_query_attention_entmax_ratio0p3_k96_seed2021_iTransformer_custom_M_ft96_sl48_ll720_pl512_dm8_nh3_el1_dl512_df1_fctimeF_ebTrue_dtsparse_wcomp_projection_0,./results/Electricity_pl720_latent_query_attention_entmax_ratio0p3_k96_seed2021_iTransformer_custom_M_ft96_sl48_ll720_pl512_dm8_nh3_el1_dl512_df1_fctimeF_ebTrue_dtsparse_wcomp_projection_0/,./results/Electricity_pl720_latent_query_attention_entmax_ratio0p3_k96_seed2021_iTransformer_custom_M_ft96_sl48_ll720_pl512_dm8_nh3_el1_dl512_df1_fctimeF_ebTrue_dtsparse_wcomp_projection_0/weight_matrices,./results/sparse_attention_wcomp/plots/latent_query_attention_entmax/Electricity_pl720_latent_query_attention_entmax_ratio0p3_k96_seed2021_iTransformer_custom_M_ft96_sl48_ll720_pl512_dm8_nh3_el1_dl512_df1_fctimeF_ebTrue_dtsparse_wcomp_projection_0
Electricity,720,latent_query_attention,latent_query_attention_entmax_entropy,,,0,latent_query_attention,slot_learned_linear,learned_expand_linear,feature,,mse,1.0,True,1,321,321,321,96,96,0.3,96,0.3,0.29906542056074764,0.29906542056074764,96,96,0.29906542056074764,0.29906542056074764,96,False,8,0.0,1.0,scalar,1.0,1.0,1.0,4,False,False,ratio,,96,,325,100,4,0.3076923076923077,69.23076923076923,0.09467455621301776,90.53254437869822,test,True,0.23562213279904354,0.33462460941790495,0.4854092425974639,2.830903174852638,135217.82234081492,0.01,0.0,0.0,0.0,0.001,0.01,0.001,0.0,361.8635046482086,10990,0.0329266155275895,30.370567517396108,439.5181665420532,5758256,428.6630859375,552.0,428.6630859375,1.0,0,entmax15,1.5,0,0,3.8870768547058105,0.600030779838562,58.78900146484375,38.12321472167969,0.08425024151802063,0.28135234117507935,0.4369891285896301,0.0767105221748352,0.10521930456161499,0.19425633549690247,0.34443148970603943,1.0,1.0,5.064619541168213,0.15095123648643494,0.0,0.0,0.0,0.0,none,persistence,1.0,0.0,none,1.0,0.0,success,2026-07-07 04:21:00,c2426e68ca13f74aaec08045c5c724d8ad328124,true,,,0,0,0,custom,./dataset/electricity/,electricity.csv,OT,h,2021,0,iTransformer,Electricity_pl720_latent_query_attention_entmax_entropy_ratio0p3_k96_seed2021,Electricity_pl720_latent_query_attention_entmax_entropy_ratio0p3_k96_seed2021_iTransformer_custom_M_ft96_sl48_ll720_pl512_dm8_nh3_el1_dl512_df1_fctimeF_ebTrue_dtsparse_wcomp_projection_0,96,48,3,512,512,16,0.0005,10,3,0,True,./checkpoints/Electricity_pl720_latent_query_attention_entmax_entropy_ratio0p3_k96_seed2021_iTransformer_custom_M_ft96_sl48_ll720_pl512_dm8_nh3_el1_dl512_df1_fctimeF_ebTrue_dtsparse_wcomp_projection_0,./results/Electricity_pl720_latent_query_attention_entmax_entropy_ratio0p3_k96_seed2021_iTransformer_custom_M_ft96_sl48_ll720_pl512_dm8_nh3_el1_dl512_df1_fctimeF_ebTrue_dtsparse_wcomp_projection_0/,./results/Electricity_pl720_latent_query_attention_entmax_entropy_ratio0p3_k96_seed2021_iTransformer_custom_M_ft96_sl48_ll720_pl512_dm8_nh3_el1_dl512_df1_fctimeF_ebTrue_dtsparse_wcomp_projection_0/weight_matrices,./results/sparse_attention_wcomp/plots/latent_query_attention_entmax_entropy/Electricity_pl720_latent_query_attention_entmax_entropy_ratio0p3_k96_seed2021_iTransformer_custom_M_ft96_sl48_ll720_pl512_dm8_nh3_el1_dl512_df1_fctimeF_ebTrue_dtsparse_wcomp_projection_0
Traffic,96,MLP_attention,MLP_attention_softmax,,,0,MLP_attention,slot_learned_linear,learned_expand_linear,feature,,mse,1.0,True,1,862,862,862,86,86,0.1,86,0.1,0.09976798143851508,0.09976798143851508,86,86,0.09976798143851508,0.09976798143851508,258,False,8,0.0,1.0,scalar,1.0,1.0,1.0,4,False,False,ratio,,86,,866,90,4,0.10392609699769054,89.60739030023095,0.010800633637173382,98.91993663628266,test,True,1.2314920698765097,0.6790510884389501,1.1097261238145697,6.078580355807998,1053409.4957529842,0.01,0.0,0.0,0.0,0.0,0.01,0.0,0.0,179.3146789073944,7550,0.023750288597005884,42.1047515239906,221.70511770248413,6792778,502.44970703125,632.0,502.44970703125,1.0,0,softmax,1.5,0,0,0.1947920173406601,0.29616430401802063,1.2804737091064453,0.5036149024963379,0.9277577996253967,0.9990631937980652,0.9997994303703308,0.199726402759552,0.2156771570444107,0.1419411450624466,0.01522959116846323,1.0,0.4219682812690735,2.52225399017334,0.634340226650238,0.0,0.0,0.0,0.0,none,persistence,1.0,0.0,none,1.0,0.0,success,2026-07-07 04:24:44,c2426e68ca13f74aaec08045c5c724d8ad328124,true,,,0,0,0,custom,./dataset/traffic/,traffic.csv,OT,h,2021,0,iTransformer,Traffic_pl96_MLP_attention_softmax_ratio0p1_k86_seed2021,Traffic_pl96_MLP_attention_softmax_ratio0p1_k86_seed2021_iTransformer_custom_M_ft96_sl48_ll96_pl512_dm8_nh4_el1_dl512_df1_fctimeF_ebTrue_dtsparse_wcomp_projection_0,96,48,4,512,512,16,0.001,10,3,0,True,./checkpoints/Traffic_pl96_MLP_attention_softmax_ratio0p1_k86_seed2021_iTransformer_custom_M_ft96_sl48_ll96_pl512_dm8_nh4_el1_dl512_df1_fctimeF_ebTrue_dtsparse_wcomp_projection_0,./results/Traffic_pl96_MLP_attention_softmax_ratio0p1_k86_seed2021_iTransformer_custom_M_ft96_sl48_ll96_pl512_dm8_nh4_el1_dl512_df1_fctimeF_ebTrue_dtsparse_wcomp_projection_0/,./results/Traffic_pl96_MLP_attention_softmax_ratio0p1_k86_seed2021_iTransformer_custom_M_ft96_sl48_ll96_pl512_dm8_nh4_el1_dl512_df1_fctimeF_ebTrue_dtsparse_wcomp_projection_0/weight_matrices,./results/sparse_attention_wcomp/plots/MLP_attention_softmax/Traffic_pl96_MLP_attention_softmax_ratio0p1_k86_seed2021_iTransformer_custom_M_ft96_sl48_ll96_pl512_dm8_nh4_el1_dl512_df1_fctimeF_ebTrue_dtsparse_wcomp_projection_0
Traffic,96,MLP_attention,MLP_attention_softmax_entropy,,,0,MLP_attention,slot_learned_linear,learned_expand_linear,feature,,mse,1.0,True,1,862,862,862,86,86,0.1,86,0.1,0.09976798143851508,0.09976798143851508,86,86,0.09976798143851508,0.09976798143851508,258,False,8,0.0,1.0,scalar,1.0,1.0,1.0,4,False,False,ratio,,86,,866,90,4,0.10392609699769054,89.60739030023095,0.010800633637173382,98.91993663628266,test,True,1.408452929918762,0.7990613200198169,1.186782595894784,3.224506352586885,102295.54267575906,0.01,0.0,0.0,0.0,0.001,0.01,0.001,0.0,144.1327247619629,6040,0.023863033900987235,41.90581986134752,183.43598818778992,6792778,508.20458984375,652.0,508.20458984375,1.0,0,softmax,1.5,0,0,1.2331717014312744,1.116751790046692,6.380742073059082,7.123783111572266,0.604329526424408,0.8467946648597717,0.9250988364219666,0.1078522577881813,0.12388508021831512,0.06895247846841812,0.11526736617088318,1.0,0.9082450270652771,3.971332311630249,0.34293025732040405,0.0,0.0,0.0,0.0,none,persistence,1.0,0.0,none,1.0,0.0,success,2026-07-07 04:27:50,c2426e68ca13f74aaec08045c5c724d8ad328124,true,,,0,0,0,custom,./dataset/traffic/,traffic.csv,OT,h,2021,0,iTransformer,Traffic_pl96_MLP_attention_softmax_entropy_ratio0p1_k86_seed2021,Traffic_pl96_MLP_attention_softmax_entropy_ratio0p1_k86_seed2021_iTransformer_custom_M_ft96_sl48_ll96_pl512_dm8_nh4_el1_dl512_df1_fctimeF_ebTrue_dtsparse_wcomp_projection_0,96,48,4,512,512,16,0.001,10,3,0,True,./checkpoints/Traffic_pl96_MLP_attention_softmax_entropy_ratio0p1_k86_seed2021_iTransformer_custom_M_ft96_sl48_ll96_pl512_dm8_nh4_el1_dl512_df1_fctimeF_ebTrue_dtsparse_wcomp_projection_0,./results/Traffic_pl96_MLP_attention_softmax_entropy_ratio0p1_k86_seed2021_iTransformer_custom_M_ft96_sl48_ll96_pl512_dm8_nh4_el1_dl512_df1_fctimeF_ebTrue_dtsparse_wcomp_projection_0/,./results/Traffic_pl96_MLP_attention_softmax_entropy_ratio0p1_k86_seed2021_iTransformer_custom_M_ft96_sl48_ll96_pl512_dm8_nh4_el1_dl512_df1_fctimeF_ebTrue_dtsparse_wcomp_projection_0/weight_matrices,./results/sparse_attention_wcomp/plots/MLP_attention_softmax_entropy/Traffic_pl96_MLP_attention_softmax_entropy_ratio0p1_k86_seed2021_iTransformer_custom_M_ft96_sl48_ll96_pl512_dm8_nh4_el1_dl512_df1_fctimeF_ebTrue_dtsparse_wcomp_projection_0
Traffic,96,MLP_attention,MLP_attention_entmax,,,0,MLP_attention,slot_learned_linear,learned_expand_linear,feature,,mse,1.0,True,1,862,862,862,86,86,0.1,86,0.1,0.09976798143851508,0.09976798143851508,86,86,0.09976798143851508,0.09976798143851508,258,False,8,0.0,1.0,scalar,1.0,1.0,1.0,4,False,False,ratio,,86,,866,90,4,0.10392609699769054,89.60739030023095,0.010800633637173382,98.91993663628266,test,True,1.4224364947070192,0.7615178005840775,1.1926594210867658,6.049050415724536,923381.0183739255,0.01,0.0,0.0,0.0,0.0,0.01,0.0,0.0,97.27593946456909,3020,0.032210575981645395,31.045703764187007,149.9616150856018,6792778,515.63818359375,652.0,515.63818359375,1.0,0,entmax15,1.5,0,0,0.3889279067516327,0.49386852979660034,1.7259464263916016,1.356876015663147,0.8443934321403503,0.9913603067398071,0.9977120757102966,0.41641587018966675,0.6498768925666809,0.07024035602807999,0.0032104894053190947,1.0,0.13569317758083344,3.542600631713867,0.3816167116165161,0.0,0.0,0.0,0.0,none,persistence,1.0,0.0,none,1.0,0.0,success,2026-07-07 04:30:22,c2426e68ca13f74aaec08045c5c724d8ad328124,true,,,0,0,0,custom,./dataset/traffic/,traffic.csv,OT,h,2021,0,iTransformer,Traffic_pl96_MLP_attention_entmax_ratio0p1_k86_seed2021,Traffic_pl96_MLP_attention_entmax_ratio0p1_k86_seed2021_iTransformer_custom_M_ft96_sl48_ll96_pl512_dm8_nh4_el1_dl512_df1_fctimeF_ebTrue_dtsparse_wcomp_projection_0,96,48,4,512,512,16,0.001,10,3,0,True,./checkpoints/Traffic_pl96_MLP_attention_entmax_ratio0p1_k86_seed2021_iTransformer_custom_M_ft96_sl48_ll96_pl512_dm8_nh4_el1_dl512_df1_fctimeF_ebTrue_dtsparse_wcomp_projection_0,./results/Traffic_pl96_MLP_attention_entmax_ratio0p1_k86_seed2021_iTransformer_custom_M_ft96_sl48_ll96_pl512_dm8_nh4_el1_dl512_df1_fctimeF_ebTrue_dtsparse_wcomp_projection_0/,./results/Traffic_pl96_MLP_attention_entmax_ratio0p1_k86_seed2021_iTransformer_custom_M_ft96_sl48_ll96_pl512_dm8_nh4_el1_dl512_df1_fctimeF_ebTrue_dtsparse_wcomp_projection_0/weight_matrices,./results/sparse_attention_wcomp/plots/MLP_attention_entmax/Traffic_pl96_MLP_attention_entmax_ratio0p1_k86_seed2021_iTransformer_custom_M_ft96_sl48_ll96_pl512_dm8_nh4_el1_dl512_df1_fctimeF_ebTrue_dtsparse_wcomp_projection_0
Traffic,96,MLP_attention,MLP_attention_entmax_entropy,,,0,MLP_attention,slot_learned_linear,learned_expand_linear,feature,,mse,1.0,True,1,862,862,862,86,86,0.1,86,0.1,0.09976798143851508,0.09976798143851508,86,86,0.09976798143851508,0.09976798143851508,258,False,8,0.0,1.0,scalar,1.0,1.0,1.0,4,False,False,ratio,,86,,866,90,4,0.10392609699769054,89.60739030023095,0.010800633637173382,98.91993663628266,test,True,1.336435037587832,0.7272761917352704,1.1560428355332826,6.546827706508923,1249945.6586488846,0.01,0.0,0.0,0.0,0.001,0.01,0.001,0.0,98.4853367805481,3020,0.03261103866905566,30.664463347770997,151.5323441028595,6792778,522.666015625,638.0,522.666015625,1.0,0,entmax15,1.5,0,0,0.31235870718955994,0.5149593353271484,1.656754970550537,1.6305651664733887,0.8706599473953247,0.9878314733505249,0.9985758066177368,0.5023802518844604,0.6941450238227844,0.10121041536331177,0.0027923164889216423,1.0,0.10092538595199585,3.271984815597534,0.44481971859931946,0.0,0.0,0.0,0.0,none,persistence,1.0,0.0,none,1.0,0.0,success,2026-07-07 04:32:56,c2426e68ca13f74aaec08045c5c724d8ad328124,true,,,0,0,0,custom,./dataset/traffic/,traffic.csv,OT,h,2021,0,iTransformer,Traffic_pl96_MLP_attention_entmax_entropy_ratio0p1_k86_seed2021,Traffic_pl96_MLP_attention_entmax_entropy_ratio0p1_k86_seed2021_iTransformer_custom_M_ft96_sl48_ll96_pl512_dm8_nh4_el1_dl512_df1_fctimeF_ebTrue_dtsparse_wcomp_projection_0,96,48,4,512,512,16,0.001,10,3,0,True,./checkpoints/Traffic_pl96_MLP_attention_entmax_entropy_ratio0p1_k86_seed2021_iTransformer_custom_M_ft96_sl48_ll96_pl512_dm8_nh4_el1_dl512_df1_fctimeF_ebTrue_dtsparse_wcomp_projection_0,./results/Traffic_pl96_MLP_attention_entmax_entropy_ratio0p1_k86_seed2021_iTransformer_custom_M_ft96_sl48_ll96_pl512_dm8_nh4_el1_dl512_df1_fctimeF_ebTrue_dtsparse_wcomp_projection_0/,./results/Traffic_pl96_MLP_attention_entmax_entropy_ratio0p1_k86_seed2021_iTransformer_custom_M_ft96_sl48_ll96_pl512_dm8_nh4_el1_dl512_df1_fctimeF_ebTrue_dtsparse_wcomp_projection_0/weight_matrices,./results/sparse_attention_wcomp/plots/MLP_attention_entmax_entropy/Traffic_pl96_MLP_attention_entmax_entropy_ratio0p1_k86_seed2021_iTransformer_custom_M_ft96_sl48_ll96_pl512_dm8_nh4_el1_dl512_df1_fctimeF_ebTrue_dtsparse_wcomp_projection_0
Traffic,96,latent_query_attention,latent_query_attention_softmax,,,0,latent_query_attention,slot_learned_linear,learned_expand_linear,feature,,mse,1.0,True,1,862,862,862,86,86,0.1,86,0.1,0.09976798143851508,0.09976798143851508,86,86,0.09976798143851508,0.09976798143851508,258,False,8,0.0,1.0,scalar,1.0,1.0,1.0,4,False,False,ratio,,86,,866,90,4,0.10392609699769054,89.60739030023095,0.010800633637173382,98.91993663628266,test,True,1.2560647437723327,0.6943224468348359,1.120742942771594,5.712637554685982,920674.3548169656,0.01,0.0,0.0,0.0,0.0,0.01,0.0,0.0,197.48754048347473,7550,0.026157290130261555,38.23025990154434,240.56952214241028,7054324,532.3798828125,662.0,532.3798828125,1.0,0,softmax,1.5,0,0,4.394677639007568,1.0887393951416016,148.9207000732422,182.09033203125,0.08754809200763702,0.2787442207336426,0.40863898396492004,0.24082081019878387,0.27450069785118103,0.3624194264411926,0.9061673879623413,1.0,0.9999986886978149,6.493465423583984,0.059315137565135956,0.0,0.0,0.0,0.0,none,persistence,1.0,0.0,none,1.0,0.0,success,2026-07-07 04:36:59,c2426e68ca13f74aaec08045c5c724d8ad328124,true,,,0,0,0,custom,./dataset/traffic/,traffic.csv,OT,h,2021,0,iTransformer,Traffic_pl96_latent_query_attention_softmax_ratio0p1_k86_seed2021,Traffic_pl96_latent_query_attention_softmax_ratio0p1_k86_seed2021_iTransformer_custom_M_ft96_sl48_ll96_pl512_dm8_nh4_el1_dl512_df1_fctimeF_ebTrue_dtsparse_wcomp_projection_0,96,48,4,512,512,16,0.001,10,3,0,True,./checkpoints/Traffic_pl96_latent_query_attention_softmax_ratio0p1_k86_seed2021_iTransformer_custom_M_ft96_sl48_ll96_pl512_dm8_nh4_el1_dl512_df1_fctimeF_ebTrue_dtsparse_wcomp_projection_0,./results/Traffic_pl96_latent_query_attention_softmax_ratio0p1_k86_seed2021_iTransformer_custom_M_ft96_sl48_ll96_pl512_dm8_nh4_el1_dl512_df1_fctimeF_ebTrue_dtsparse_wcomp_projection_0/,./results/Traffic_pl96_latent_query_attention_softmax_ratio0p1_k86_seed2021_iTransformer_custom_M_ft96_sl48_ll96_pl512_dm8_nh4_el1_dl512_df1_fctimeF_ebTrue_dtsparse_wcomp_projection_0/weight_matrices,./results/sparse_attention_wcomp/plots/latent_query_attention_softmax/Traffic_pl96_latent_query_attention_softmax_ratio0p1_k86_seed2021_iTransformer_custom_M_ft96_sl48_ll96_pl512_dm8_nh4_el1_dl512_df1_fctimeF_ebTrue_dtsparse_wcomp_projection_0
Traffic,96,latent_query_attention,latent_query_attention_softmax_entropy,,,0,latent_query_attention,slot_learned_linear,learned_expand_linear,feature,,mse,1.0,True,1,862,862,862,86,86,0.1,86,0.1,0.09976798143851508,0.09976798143851508,86,86,0.09976798143851508,0.09976798143851508,258,False,8,0.0,1.0,scalar,1.0,1.0,1.0,4,False,False,ratio,,86,,866,90,4,0.10392609699769054,89.60739030023095,0.010800633637173382,98.91993663628266,test,True,1.4081821745247254,0.7997874082553884,1.1866685192271367,3.246168049217547,104625.52596868703,0.01,0.0,0.0,0.0,0.001,0.01,0.001,0.0,200.98748779296875,7550,0.026620859310326987,37.56452743852906,243.82677245140076,7054324,538.45751953125,682.0,538.45751953125,1.0,0,softmax,1.5,0,0,4.254193305969238,2.6969804763793945,369.9542541503906,316.94415283203125,0.27377310395240784,0.3963185250759125,0.41270092129707336,0.30139535665512085,0.2864295244216919,0.432837575674057,0.6690633296966553,1.0,0.9999784827232361,4.8267412185668945,0.4083248972892761,0.0,0.0,0.0,0.0,none,persistence,1.0,0.0,none,1.0,0.0,success,2026-07-07 04:41:05,c2426e68ca13f74aaec08045c5c724d8ad328124,true,,,0,0,0,custom,./dataset/traffic/,traffic.csv,OT,h,2021,0,iTransformer,Traffic_pl96_latent_query_attention_softmax_entropy_ratio0p1_k86_seed2021,Traffic_pl96_latent_query_attention_softmax_entropy_ratio0p1_k86_seed2021_iTransformer_custom_M_ft96_sl48_ll96_pl512_dm8_nh4_el1_dl512_df1_fctimeF_ebTrue_dtsparse_wcomp_projection_0,96,48,4,512,512,16,0.001,10,3,0,True,./checkpoints/Traffic_pl96_latent_query_attention_softmax_entropy_ratio0p1_k86_seed2021_iTransformer_custom_M_ft96_sl48_ll96_pl512_dm8_nh4_el1_dl512_df1_fctimeF_ebTrue_dtsparse_wcomp_projection_0,./results/Traffic_pl96_latent_query_attention_softmax_entropy_ratio0p1_k86_seed2021_iTransformer_custom_M_ft96_sl48_ll96_pl512_dm8_nh4_el1_dl512_df1_fctimeF_ebTrue_dtsparse_wcomp_projection_0/,./results/Traffic_pl96_latent_query_attention_softmax_entropy_ratio0p1_k86_seed2021_iTransformer_custom_M_ft96_sl48_ll96_pl512_dm8_nh4_el1_dl512_df1_fctimeF_ebTrue_dtsparse_wcomp_projection_0/weight_matrices,./results/sparse_attention_wcomp/plots/latent_query_attention_softmax_entropy/Traffic_pl96_latent_query_attention_softmax_entropy_ratio0p1_k86_seed2021_iTransformer_custom_M_ft96_sl48_ll96_pl512_dm8_nh4_el1_dl512_df1_fctimeF_ebTrue_dtsparse_wcomp_projection_0
Traffic,96,latent_query_attention,latent_query_attention_entmax,,,0,latent_query_attention,slot_learned_linear,learned_expand_linear,feature,,mse,1.0,True,1,862,862,862,86,86,0.1,86,0.1,0.09976798143851508,0.09976798143851508,86,86,0.09976798143851508,0.09976798143851508,258,False,8,0.0,1.0,scalar,1.0,1.0,1.0,4,False,False,ratio,,86,,866,90,4,0.10392609699769054,89.60739030023095,0.010800633637173382,98.91993663628266,test,True,1.408470729423565,0.7993554802569389,1.1867900949298342,3.2324775762475837,103037.27855318438,0.01,0.0,0.0,0.0,0.0,0.01,0.0,0.0,245.86455464363098,7550,0.03256484167465311,30.707964435716924,310.2264013290405,7054324,546.20849609375,684.0,546.20849609375,1.0,0,entmax15,1.5,0,0,2.8004744052886963,1.2088649272918701,35.19218826293945,55.368141174316406,0.25880110263824463,0.5755367875099182,0.7099351286888123,0.1562790721654892,0.1686183363199234,0.19669894874095917,0.0904332846403122,1.0,0.9999340772628784,5.0189409255981445,0.27509185671806335,0.0,0.0,0.0,0.0,none,persistence,1.0,0.0,none,1.0,0.0,success,2026-07-07 04:46:18,c2426e68ca13f74aaec08045c5c724d8ad328124,true,,,0,0,0,custom,./dataset/traffic/,traffic.csv,OT,h,2021,0,iTransformer,Traffic_pl96_latent_query_attention_entmax_ratio0p1_k86_seed2021,Traffic_pl96_latent_query_attention_entmax_ratio0p1_k86_seed2021_iTransformer_custom_M_ft96_sl48_ll96_pl512_dm8_nh4_el1_dl512_df1_fctimeF_ebTrue_dtsparse_wcomp_projection_0,96,48,4,512,512,16,0.001,10,3,0,True,./checkpoints/Traffic_pl96_latent_query_attention_entmax_ratio0p1_k86_seed2021_iTransformer_custom_M_ft96_sl48_ll96_pl512_dm8_nh4_el1_dl512_df1_fctimeF_ebTrue_dtsparse_wcomp_projection_0,./results/Traffic_pl96_latent_query_attention_entmax_ratio0p1_k86_seed2021_iTransformer_custom_M_ft96_sl48_ll96_pl512_dm8_nh4_el1_dl512_df1_fctimeF_ebTrue_dtsparse_wcomp_projection_0/,./results/Traffic_pl96_latent_query_attention_entmax_ratio0p1_k86_seed2021_iTransformer_custom_M_ft96_sl48_ll96_pl512_dm8_nh4_el1_dl512_df1_fctimeF_ebTrue_dtsparse_wcomp_projection_0/weight_matrices,./results/sparse_attention_wcomp/plots/latent_query_attention_entmax/Traffic_pl96_latent_query_attention_entmax_ratio0p1_k86_seed2021_iTransformer_custom_M_ft96_sl48_ll96_pl512_dm8_nh4_el1_dl512_df1_fctimeF_ebTrue_dtsparse_wcomp_projection_0
Traffic,96,latent_query_attention,latent_query_attention_entmax_entropy,,,0,latent_query_attention,slot_learned_linear,learned_expand_linear,feature,,mse,1.0,True,1,862,862,862,86,86,0.1,86,0.1,0.09976798143851508,0.09976798143851508,86,86,0.09976798143851508,0.09976798143851508,258,False,8,0.0,1.0,scalar,1.0,1.0,1.0,4,False,False,ratio,,86,,866,90,4,0.10392609699769054,89.60739030023095,0.010800633637173382,98.91993663628266,test,True,1.3353014993681296,0.7369160235033049,1.1555524650002393,5.3512757228005485,814659.5992971881,0.01,0.0,0.0,0.0,0.001,0.01,0.001,0.0,98.90757751464844,3020,0.03275085348167167,30.533555425040422,151.01623606681824,7054324,553.55859375,650.0,553.55859375,1.0,0,entmax15,1.5,0,0,1.6894261837005615,1.3489559888839722,12.596598625183105,15.87752628326416,0.4792718291282654,0.7576423287391663,0.8626160621643066,0.21181942522525787,0.28051984310150146,0.23203527927398682,0.029852157458662987,1.0,0.4257325232028961,3.919604539871216,0.41364848613739014,0.0,0.0,0.0,0.0,none,persistence,1.0,0.0,none,1.0,0.0,success,2026-07-07 04:48:51,c2426e68ca13f74aaec08045c5c724d8ad328124,true,,,0,0,0,custom,./dataset/traffic/,traffic.csv,OT,h,2021,0,iTransformer,Traffic_pl96_latent_query_attention_entmax_entropy_ratio0p1_k86_seed2021,Traffic_pl96_latent_query_attention_entmax_entropy_ratio0p1_k86_seed2021_iTransformer_custom_M_ft96_sl48_ll96_pl512_dm8_nh4_el1_dl512_df1_fctimeF_ebTrue_dtsparse_wcomp_projection_0,96,48,4,512,512,16,0.001,10,3,0,True,./checkpoints/Traffic_pl96_latent_query_attention_entmax_entropy_ratio0p1_k86_seed2021_iTransformer_custom_M_ft96_sl48_ll96_pl512_dm8_nh4_el1_dl512_df1_fctimeF_ebTrue_dtsparse_wcomp_projection_0,./results/Traffic_pl96_latent_query_attention_entmax_entropy_ratio0p1_k86_seed2021_iTransformer_custom_M_ft96_sl48_ll96_pl512_dm8_nh4_el1_dl512_df1_fctimeF_ebTrue_dtsparse_wcomp_projection_0/,./results/Traffic_pl96_latent_query_attention_entmax_entropy_ratio0p1_k86_seed2021_iTransformer_custom_M_ft96_sl48_ll96_pl512_dm8_nh4_el1_dl512_df1_fctimeF_ebTrue_dtsparse_wcomp_projection_0/weight_matrices,./results/sparse_attention_wcomp/plots/latent_query_attention_entmax_entropy/Traffic_pl96_latent_query_attention_entmax_entropy_ratio0p1_k86_seed2021_iTransformer_custom_M_ft96_sl48_ll96_pl512_dm8_nh4_el1_dl512_df1_fctimeF_ebTrue_dtsparse_wcomp_projection_0
Traffic,96,MLP_attention,MLP_attention_softmax,,,0,MLP_attention,slot_learned_linear,learned_expand_linear,feature,,mse,1.0,True,1,862,862,862,258,258,0.3,258,0.3,0.29930394431554525,0.29930394431554525,258,258,0.29930394431554525,0.29930394431554525,258,False,8,0.0,1.0,scalar,1.0,1.0,1.0,4,False,False,ratio,,258,,866,262,4,0.302540415704388,69.7459584295612,0.0915307031345839,90.84692968654161,test,True,1.4084122394797136,0.7996142533536403,1.1867654525978222,3.249040886176493,108002.08992591145,0.01,0.0,0.0,0.0,0.0,0.01,0.0,0.0,206.6693811416626,3775,0.05474685593156625,18.265889117906667,245.68516492843628,7029278,1047.619140625,1170.0,1047.619140625,1.0,0,softmax,1.5,0,0,0.9150720834732056,1.2773568630218506,9.537580490112305,26.996126174926758,0.7535631060600281,0.9106766581535339,0.9362314939498901,0.17713630199432373,0.18846862018108368,0.13037912547588348,0.17018291354179382,0.9999999403953552,0.9999017715454102,3.9213061332702637,0.433504581451416,0.0,0.0,0.0,0.0,none,persistence,1.0,0.0,none,1.0,0.0,success,2026-07-07 04:52:59,c2426e68ca13f74aaec08045c5c724d8ad328124,true,,,0,0,0,custom,./dataset/traffic/,traffic.csv,OT,h,2021,0,iTransformer,Traffic_pl96_MLP_attention_softmax_ratio0p3_k258_seed2021,Traffic_pl96_MLP_attention_softmax_ratio0p3_k258_seed2021_iTransformer_custom_M_ft96_sl48_ll96_pl512_dm8_nh4_el1_dl512_df1_fctimeF_ebTrue_dtsparse_wcomp_projection_0,96,48,4,512,512,16,0.001,10,3,0,True,./checkpoints/Traffic_pl96_MLP_attention_softmax_ratio0p3_k258_seed2021_iTransformer_custom_M_ft96_sl48_ll96_pl512_dm8_nh4_el1_dl512_df1_fctimeF_ebTrue_dtsparse_wcomp_projection_0,./results/Traffic_pl96_MLP_attention_softmax_ratio0p3_k258_seed2021_iTransformer_custom_M_ft96_sl48_ll96_pl512_dm8_nh4_el1_dl512_df1_fctimeF_ebTrue_dtsparse_wcomp_projection_0/,./results/Traffic_pl96_MLP_attention_softmax_ratio0p3_k258_seed2021_iTransformer_custom_M_ft96_sl48_ll96_pl512_dm8_nh4_el1_dl512_df1_fctimeF_ebTrue_dtsparse_wcomp_projection_0/weight_matrices,./results/sparse_attention_wcomp/plots/MLP_attention_softmax/Traffic_pl96_MLP_attention_softmax_ratio0p3_k258_seed2021_iTransformer_custom_M_ft96_sl48_ll96_pl512_dm8_nh4_el1_dl512_df1_fctimeF_ebTrue_dtsparse_wcomp_projection_0
Traffic,96,MLP_attention,MLP_attention_softmax_entropy,,,0,MLP_attention,slot_learned_linear,learned_expand_linear,feature,,mse,1.0,True,1,862,862,862,258,258,0.3,258,0.3,0.29930394431554525,0.29930394431554525,258,258,0.29930394431554525,0.29930394431554525,258,False,8,0.0,1.0,scalar,1.0,1.0,1.0,4,False,False,ratio,,258,,866,262,4,0.302540415704388,69.7459584295612,0.0915307031345839,90.84692968654161,test,True,1.3033216505475016,0.6925932135678633,1.141631135939933,7.696375038081813,1711329.9915555809,0.01,0.0,0.0,0.0,0.001,0.01,0.001,0.0,436.83650040626526,7550,0.057859139126657654,17.283354282387972,487.724502325058,7029278,1075.51171875,1226.0,1075.51171875,1.0,0,softmax,1.5,0,0,0.3602047264575958,0.6504400372505188,2.0787317752838135,3.631162405014038,0.8781175017356873,0.9811331629753113,0.991422176361084,0.10534793883562088,0.135990709066391,0.053394999355077744,0.035621143877506256,0.9999999403953552,0.7396305203437805,3.6398868560791016,0.3891679346561432,0.0,0.0,0.0,0.0,none,persistence,1.0,0.0,none,1.0,0.0,success,2026-07-07 05:01:09,c2426e68ca13f74aaec08045c5c724d8ad328124,true,,,0,0,0,custom,./dataset/traffic/,traffic.csv,OT,h,2021,0,iTransformer,Traffic_pl96_MLP_attention_softmax_entropy_ratio0p3_k258_seed2021,Traffic_pl96_MLP_attention_softmax_entropy_ratio0p3_k258_seed2021_iTransformer_custom_M_ft96_sl48_ll96_pl512_dm8_nh4_el1_dl512_df1_fctimeF_ebTrue_dtsparse_wcomp_projection_0,96,48,4,512,512,16,0.001,10,3,0,True,./checkpoints/Traffic_pl96_MLP_attention_softmax_entropy_ratio0p3_k258_seed2021_iTransformer_custom_M_ft96_sl48_ll96_pl512_dm8_nh4_el1_dl512_df1_fctimeF_ebTrue_dtsparse_wcomp_projection_0,./results/Traffic_pl96_MLP_attention_softmax_entropy_ratio0p3_k258_seed2021_iTransformer_custom_M_ft96_sl48_ll96_pl512_dm8_nh4_el1_dl512_df1_fctimeF_ebTrue_dtsparse_wcomp_projection_0/,./results/Traffic_pl96_MLP_attention_softmax_entropy_ratio0p3_k258_seed2021_iTransformer_custom_M_ft96_sl48_ll96_pl512_dm8_nh4_el1_dl512_df1_fctimeF_ebTrue_dtsparse_wcomp_projection_0/weight_matrices,./results/sparse_attention_wcomp/plots/MLP_attention_softmax_entropy/Traffic_pl96_MLP_attention_softmax_entropy_ratio0p3_k258_seed2021_iTransformer_custom_M_ft96_sl48_ll96_pl512_dm8_nh4_el1_dl512_df1_fctimeF_ebTrue_dtsparse_wcomp_projection_0
Traffic,96,MLP_attention,MLP_attention_entmax,,,0,MLP_attention,slot_learned_linear,learned_expand_linear,feature,,mse,1.0,True,1,862,862,862,258,258,0.3,258,0.3,0.29930394431554525,0.29930394431554525,258,258,0.29930394431554525,0.29930394431554525,258,False,8,0.0,1.0,scalar,1.0,1.0,1.0,4,False,False,ratio,,258,,866,262,4,0.302540415704388,69.7459584295612,0.0915307031345839,90.84692968654161,test,True,1.230197843680118,0.6667975236142052,1.109142841873903,7.0826740957411785,1372849.8676919674,0.01,0.0,0.0,0.0,0.0,0.01,0.0,0.0,518.6486251354218,7550,0.06869518213714196,14.55706162920736,602.0551853179932,7029278,1090.4658203125,1200.0,1090.4658203125,1.0,0,entmax15,1.5,0,0,0.1545165628194809,0.2877105474472046,1.2260839939117432,0.4640049934387207,0.9276972413063049,0.9999874830245972,1.0,0.6624196767807007,0.8304375410079956,0.07935914397239685,0.0016771883238106966,0.9999999403953552,0.08929754048585892,3.418267250061035,0.4199254810810089,0.0,0.0,0.0,0.0,none,persistence,1.0,0.0,none,1.0,0.0,success,2026-07-07 05:11:14,c2426e68ca13f74aaec08045c5c724d8ad328124,true,,,0,0,0,custom,./dataset/traffic/,traffic.csv,OT,h,2021,0,iTransformer,Traffic_pl96_MLP_attention_entmax_ratio0p3_k258_seed2021,Traffic_pl96_MLP_attention_entmax_ratio0p3_k258_seed2021_iTransformer_custom_M_ft96_sl48_ll96_pl512_dm8_nh4_el1_dl512_df1_fctimeF_ebTrue_dtsparse_wcomp_projection_0,96,48,4,512,512,16,0.001,10,3,0,True,./checkpoints/Traffic_pl96_MLP_attention_entmax_ratio0p3_k258_seed2021_iTransformer_custom_M_ft96_sl48_ll96_pl512_dm8_nh4_el1_dl512_df1_fctimeF_ebTrue_dtsparse_wcomp_projection_0,./results/Traffic_pl96_MLP_attention_entmax_ratio0p3_k258_seed2021_iTransformer_custom_M_ft96_sl48_ll96_pl512_dm8_nh4_el1_dl512_df1_fctimeF_ebTrue_dtsparse_wcomp_projection_0/,./results/Traffic_pl96_MLP_attention_entmax_ratio0p3_k258_seed2021_iTransformer_custom_M_ft96_sl48_ll96_pl512_dm8_nh4_el1_dl512_df1_fctimeF_ebTrue_dtsparse_wcomp_projection_0/weight_matrices,./results/sparse_attention_wcomp/plots/MLP_attention_entmax/Traffic_pl96_MLP_attention_entmax_ratio0p3_k258_seed2021_iTransformer_custom_M_ft96_sl48_ll96_pl512_dm8_nh4_el1_dl512_df1_fctimeF_ebTrue_dtsparse_wcomp_projection_0
Traffic,96,MLP_attention,MLP_attention_entmax_entropy,,,0,MLP_attention,slot_learned_linear,learned_expand_linear,feature,,mse,1.0,True,1,862,862,862,258,258,0.3,258,0.3,0.29930394431554525,0.29930394431554525,258,258,0.29930394431554525,0.29930394431554525,258,False,8,0.0,1.0,scalar,1.0,1.0,1.0,4,False,False,ratio,,258,,866,262,4,0.302540415704388,69.7459584295612,0.0915307031345839,90.84692968654161,test,True,1.2046055407270846,0.6472906237060958,1.09754523402322,7.666269249959928,1761492.6884495334,0.01,0.0,0.0,0.0,0.001,0.01,0.001,0.0,517.6430420875549,7550,0.06856199232947748,14.58534044918734,601.7101805210114,7029278,1117.67578125,1268.0,1117.67578125,1.0,0,entmax15,1.5,0,0,0.07143095880746841,0.20676422119140625,1.1031839847564697,0.32327234745025635,0.9678859114646912,1.0,1.0,0.7460922598838806,0.8730459809303284,0.10967197269201279,0.001398406457155943,0.9999999403953552,0.06726250797510147,3.1364333629608154,0.5004003047943115,0.0,0.0,0.0,0.0,none,persistence,1.0,0.0,none,1.0,0.0,success,2026-07-07 05:21:18,c2426e68ca13f74aaec08045c5c724d8ad328124,true,,,0,0,0,custom,./dataset/traffic/,traffic.csv,OT,h,2021,0,iTransformer,Traffic_pl96_MLP_attention_entmax_entropy_ratio0p3_k258_seed2021,Traffic_pl96_MLP_attention_entmax_entropy_ratio0p3_k258_seed2021_iTransformer_custom_M_ft96_sl48_ll96_pl512_dm8_nh4_el1_dl512_df1_fctimeF_ebTrue_dtsparse_wcomp_projection_0,96,48,4,512,512,16,0.001,10,3,0,True,./checkpoints/Traffic_pl96_MLP_attention_entmax_entropy_ratio0p3_k258_seed2021_iTransformer_custom_M_ft96_sl48_ll96_pl512_dm8_nh4_el1_dl512_df1_fctimeF_ebTrue_dtsparse_wcomp_projection_0,./results/Traffic_pl96_MLP_attention_entmax_entropy_ratio0p3_k258_seed2021_iTransformer_custom_M_ft96_sl48_ll96_pl512_dm8_nh4_el1_dl512_df1_fctimeF_ebTrue_dtsparse_wcomp_projection_0/,./results/Traffic_pl96_MLP_attention_entmax_entropy_ratio0p3_k258_seed2021_iTransformer_custom_M_ft96_sl48_ll96_pl512_dm8_nh4_el1_dl512_df1_fctimeF_ebTrue_dtsparse_wcomp_projection_0/weight_matrices,./results/sparse_attention_wcomp/plots/MLP_attention_entmax_entropy/Traffic_pl96_MLP_attention_entmax_entropy_ratio0p3_k258_seed2021_iTransformer_custom_M_ft96_sl48_ll96_pl512_dm8_nh4_el1_dl512_df1_fctimeF_ebTrue_dtsparse_wcomp_projection_0
Traffic,96,latent_query_attention,latent_query_attention_softmax,,,0,latent_query_attention,slot_learned_linear,learned_expand_linear,feature,,mse,1.0,True,1,862,862,862,258,258,0.3,258,0.3,0.29930394431554525,0.29930394431554525,258,258,0.29930394431554525,0.29930394431554525,258,False,8,0.0,1.0,scalar,1.0,1.0,1.0,4,False,False,ratio,,258,,866,262,4,0.302540415704388,69.7459584295612,0.0915307031345839,90.84692968654161,test,True,1.2542928202799701,0.7001410838816663,1.119952150888586,5.638417671132144,881985.3418756195,0.01,0.0,0.0,0.0,0.0,0.01,0.0,0.0,266.5577344894409,4530,0.05884276699546157,16.994442155942938,308.097128868103,7290652,1076.3251953125,1208.0,1076.3251953125,1.0,0,softmax,1.5,0,0,3.4990174770355225,2.2001454830169678,172.45924377441406,253.1927490234375,0.3170584738254547,0.4785599112510681,0.5537260174751282,0.33226558566093445,0.35036948323249817,0.36176827549934387,0.6136845946311951,0.9999999403953552,1.0,5.876584053039551,0.17454493045806885,0.0,0.0,0.0,0.0,none,persistence,1.0,0.0,none,1.0,0.0,success,2026-07-07 05:26:28,c2426e68ca13f74aaec08045c5c724d8ad328124,true,,,0,0,0,custom,./dataset/traffic/,traffic.csv,OT,h,2021,0,iTransformer,Traffic_pl96_latent_query_attention_softmax_ratio0p3_k258_seed2021,Traffic_pl96_latent_query_attention_softmax_ratio0p3_k258_seed2021_iTransformer_custom_M_ft96_sl48_ll96_pl512_dm8_nh4_el1_dl512_df1_fctimeF_ebTrue_dtsparse_wcomp_projection_0,96,48,4,512,512,16,0.001,10,3,0,True,./checkpoints/Traffic_pl96_latent_query_attention_softmax_ratio0p3_k258_seed2021_iTransformer_custom_M_ft96_sl48_ll96_pl512_dm8_nh4_el1_dl512_df1_fctimeF_ebTrue_dtsparse_wcomp_projection_0,./results/Traffic_pl96_latent_query_attention_softmax_ratio0p3_k258_seed2021_iTransformer_custom_M_ft96_sl48_ll96_pl512_dm8_nh4_el1_dl512_df1_fctimeF_ebTrue_dtsparse_wcomp_projection_0/,./results/Traffic_pl96_latent_query_attention_softmax_ratio0p3_k258_seed2021_iTransformer_custom_M_ft96_sl48_ll96_pl512_dm8_nh4_el1_dl512_df1_fctimeF_ebTrue_dtsparse_wcomp_projection_0/weight_matrices,./results/sparse_attention_wcomp/plots/latent_query_attention_softmax/Traffic_pl96_latent_query_attention_softmax_ratio0p3_k258_seed2021_iTransformer_custom_M_ft96_sl48_ll96_pl512_dm8_nh4_el1_dl512_df1_fctimeF_ebTrue_dtsparse_wcomp_projection_0
Traffic,96,latent_query_attention,latent_query_attention_softmax_entropy,,,0,latent_query_attention,slot_learned_linear,learned_expand_linear,feature,,mse,1.0,True,1,862,862,862,258,258,0.3,258,0.3,0.29930394431554525,0.29930394431554525,258,258,0.29930394431554525,0.29930394431554525,258,False,8,0.0,1.0,scalar,1.0,1.0,1.0,4,False,False,ratio,,258,,866,262,4,0.302540415704388,69.7459584295612,0.0915307031345839,90.84692968654161,test,True,1.4086620157536063,0.8013025485337382,1.1868706819841859,3.2813794480765264,115159.0521443032,0.01,0.0,0.0,0.0,0.001,0.01,0.001,0.0,181.92737650871277,3020,0.06024085314858039,16.60003050643325,218.45450353622437,7290652,1105.546875,1230.0,1105.546875,1.0,0,softmax,1.5,0,0,4.954498291015625,1.2991386651992798,264.64794921875,253.6363525390625,0.11955414712429047,0.24164040386676788,0.32057806849479675,0.21667422354221344,0.22607305645942688,0.32627737522125244,0.9722251892089844,0.9999999403953552,0.999981164932251,5.17769718170166,0.270912766456604,0.0,0.0,0.0,0.0,none,persistence,1.0,0.0,none,1.0,0.0,success,2026-07-07 05:30:09,c2426e68ca13f74aaec08045c5c724d8ad328124,true,,,0,0,0,custom,./dataset/traffic/,traffic.csv,OT,h,2021,0,iTransformer,Traffic_pl96_latent_query_attention_softmax_entropy_ratio0p3_k258_seed2021,Traffic_pl96_latent_query_attention_softmax_entropy_ratio0p3_k258_seed2021_iTransformer_custom_M_ft96_sl48_ll96_pl512_dm8_nh4_el1_dl512_df1_fctimeF_ebTrue_dtsparse_wcomp_projection_0,96,48,4,512,512,16,0.001,10,3,0,True,./checkpoints/Traffic_pl96_latent_query_attention_softmax_entropy_ratio0p3_k258_seed2021_iTransformer_custom_M_ft96_sl48_ll96_pl512_dm8_nh4_el1_dl512_df1_fctimeF_ebTrue_dtsparse_wcomp_projection_0,./results/Traffic_pl96_latent_query_attention_softmax_entropy_ratio0p3_k258_seed2021_iTransformer_custom_M_ft96_sl48_ll96_pl512_dm8_nh4_el1_dl512_df1_fctimeF_ebTrue_dtsparse_wcomp_projection_0/,./results/Traffic_pl96_latent_query_attention_softmax_entropy_ratio0p3_k258_seed2021_iTransformer_custom_M_ft96_sl48_ll96_pl512_dm8_nh4_el1_dl512_df1_fctimeF_ebTrue_dtsparse_wcomp_projection_0/weight_matrices,./results/sparse_attention_wcomp/plots/latent_query_attention_softmax_entropy/Traffic_pl96_latent_query_attention_softmax_entropy_ratio0p3_k258_seed2021_iTransformer_custom_M_ft96_sl48_ll96_pl512_dm8_nh4_el1_dl512_df1_fctimeF_ebTrue_dtsparse_wcomp_projection_0
Traffic,96,latent_query_attention,latent_query_attention_entmax,,,0,latent_query_attention,slot_learned_linear,learned_expand_linear,feature,,mse,1.0,True,1,862,862,862,258,258,0.3,258,0.3,0.29930394431554525,0.29930394431554525,258,258,0.29930394431554525,0.29930394431554525,258,False,8,0.0,1.0,scalar,1.0,1.0,1.0,4,False,False,ratio,,258,,866,262,4,0.302540415704388,69.7459584295612,0.0915307031345839,90.84692968654161,test,True,1.4084248380530653,0.8005282164295189,1.186770760531732,3.250739879119095,108939.40980770039,0.01,0.0,0.0,0.0,0.0,0.01,0.0,0.0,217.16365575790405,3020,0.07190849528407418,13.906562723215172,277.1145210266113,7290652,1120.39306640625,1234.0,1120.39306640625,1.0,0,entmax15,1.5,0,0,3.077263355255127,1.8317753076553345,72.44027709960938,86.74237060546875,0.2612907886505127,0.5399805307388306,0.6021692752838135,0.1991252601146698,0.1921243965625763,0.2639460563659668,0.16925664246082306,0.9999999403953552,0.9999825358390808,5.318850994110107,0.2788413465023041,0.0,0.0,0.0,0.0,none,persistence,1.0,0.0,none,1.0,0.0,success,2026-07-07 05:34:48,c2426e68ca13f74aaec08045c5c724d8ad328124,true,,,0,0,0,custom,./dataset/traffic/,traffic.csv,OT,h,2021,0,iTransformer,Traffic_pl96_latent_query_attention_entmax_ratio0p3_k258_seed2021,Traffic_pl96_latent_query_attention_entmax_ratio0p3_k258_seed2021_iTransformer_custom_M_ft96_sl48_ll96_pl512_dm8_nh4_el1_dl512_df1_fctimeF_ebTrue_dtsparse_wcomp_projection_0,96,48,4,512,512,16,0.001,10,3,0,True,./checkpoints/Traffic_pl96_latent_query_attention_entmax_ratio0p3_k258_seed2021_iTransformer_custom_M_ft96_sl48_ll96_pl512_dm8_nh4_el1_dl512_df1_fctimeF_ebTrue_dtsparse_wcomp_projection_0,./results/Traffic_pl96_latent_query_attention_entmax_ratio0p3_k258_seed2021_iTransformer_custom_M_ft96_sl48_ll96_pl512_dm8_nh4_el1_dl512_df1_fctimeF_ebTrue_dtsparse_wcomp_projection_0/,./results/Traffic_pl96_latent_query_attention_entmax_ratio0p3_k258_seed2021_iTransformer_custom_M_ft96_sl48_ll96_pl512_dm8_nh4_el1_dl512_df1_fctimeF_ebTrue_dtsparse_wcomp_projection_0/weight_matrices,./results/sparse_attention_wcomp/plots/latent_query_attention_entmax/Traffic_pl96_latent_query_attention_entmax_ratio0p3_k258_seed2021_iTransformer_custom_M_ft96_sl48_ll96_pl512_dm8_nh4_el1_dl512_df1_fctimeF_ebTrue_dtsparse_wcomp_projection_0
Traffic,96,latent_query_attention,latent_query_attention_entmax_entropy,,,0,latent_query_attention,slot_learned_linear,learned_expand_linear,feature,,mse,1.0,True,1,862,862,862,258,258,0.3,258,0.3,0.29930394431554525,0.29930394431554525,258,258,0.29930394431554525,0.29930394431554525,258,False,8,0.0,1.0,scalar,1.0,1.0,1.0,4,False,False,ratio,,258,,866,262,4,0.302540415704388,69.7459584295612,0.0915307031345839,90.84692968654161,test,True,1.362565285606502,0.7721980232016689,1.167289717939168,3.834343608204075,216927.38648004772,0.01,0.0,0.0,0.0,0.001,0.01,0.001,0.0,376.06244111061096,5285,0.07115656407012506,14.053517241424084,447.42940497398376,7290652,1147.60302734375,1302.0,1147.60302734375,1.0,0,entmax15,1.5,0,0,1.9434272050857544,0.99276202917099,11.151217460632324,12.431610107421875,0.38602301478385925,0.7674269676208496,0.8823118209838867,0.17500074207782745,0.1904955804347992,0.21234388649463654,0.029119227081537247,0.9999999403953552,0.6292521357536316,4.173173904418945,0.3708820343017578,0.0,0.0,0.0,0.0,none,persistence,1.0,0.0,none,1.0,0.0,success,2026-07-07 05:42:18,c2426e68ca13f74aaec08045c5c724d8ad328124,true,,,0,0,0,custom,./dataset/traffic/,traffic.csv,OT,h,2021,0,iTransformer,Traffic_pl96_latent_query_attention_entmax_entropy_ratio0p3_k258_seed2021,Traffic_pl96_latent_query_attention_entmax_entropy_ratio0p3_k258_seed2021_iTransformer_custom_M_ft96_sl48_ll96_pl512_dm8_nh4_el1_dl512_df1_fctimeF_ebTrue_dtsparse_wcomp_projection_0,96,48,4,512,512,16,0.001,10,3,0,True,./checkpoints/Traffic_pl96_latent_query_attention_entmax_entropy_ratio0p3_k258_seed2021_iTransformer_custom_M_ft96_sl48_ll96_pl512_dm8_nh4_el1_dl512_df1_fctimeF_ebTrue_dtsparse_wcomp_projection_0,./results/Traffic_pl96_latent_query_attention_entmax_entropy_ratio0p3_k258_seed2021_iTransformer_custom_M_ft96_sl48_ll96_pl512_dm8_nh4_el1_dl512_df1_fctimeF_ebTrue_dtsparse_wcomp_projection_0/,./results/Traffic_pl96_latent_query_attention_entmax_entropy_ratio0p3_k258_seed2021_iTransformer_custom_M_ft96_sl48_ll96_pl512_dm8_nh4_el1_dl512_df1_fctimeF_ebTrue_dtsparse_wcomp_projection_0/weight_matrices,./results/sparse_attention_wcomp/plots/latent_query_attention_entmax_entropy/Traffic_pl96_latent_query_attention_entmax_entropy_ratio0p3_k258_seed2021_iTransformer_custom_M_ft96_sl48_ll96_pl512_dm8_nh4_el1_dl512_df1_fctimeF_ebTrue_dtsparse_wcomp_projection_0
Traffic,720,MLP_attention,MLP_attention_softmax,,,0,MLP_attention,slot_learned_linear,learned_expand_linear,feature,,mse,1.0,True,1,862,862,862,86,86,0.1,86,0.1,0.09976798143851508,0.09976798143851508,86,86,0.09976798143851508,0.09976798143851508,258,False,8,0.0,1.0,scalar,1.0,1.0,1.0,4,False,False,ratio,,86,,866,90,4,0.10392609699769054,89.60739030023095,0.010800633637173382,98.91993663628266,test,True,0.7733980291388943,0.4500438382979514,0.8794305141049487,5.0832076609073304,567063.5784822888,0.01,0.0,0.0,0.0,0.0,0.01,0.0,0.0,124.26580667495728,2864,0.0433888989786862,23.047369800538775,172.22156929969788,7112890,733.1455078125,928.0,733.1455078125,1.0,0,softmax,1.5,0,0,6.1522016525268555,0.28928861021995544,487.2980651855469,120.43357849121094,0.016778165474534035,0.057962529361248016,0.095115065574646,0.06812585145235062,0.0897127240896225,0.42549148201942444,1.0,1.0,0.9999905824661255,6.392542839050293,0.03998396545648575,0.0,0.0,0.0,0.0,none,persistence,1.0,0.0,none,1.0,0.0,success,2026-07-07 05:45:13,c2426e68ca13f74aaec08045c5c724d8ad328124,true,,,0,0,0,custom,./dataset/traffic/,traffic.csv,OT,h,2021,0,iTransformer,Traffic_pl720_MLP_attention_softmax_ratio0p1_k86_seed2021,Traffic_pl720_MLP_attention_softmax_ratio0p1_k86_seed2021_iTransformer_custom_M_ft96_sl48_ll720_pl512_dm8_nh4_el1_dl512_df1_fctimeF_ebTrue_dtsparse_wcomp_projection_0,96,48,4,512,512,16,0.001,10,3,0,True,./checkpoints/Traffic_pl720_MLP_attention_softmax_ratio0p1_k86_seed2021_iTransformer_custom_M_ft96_sl48_ll720_pl512_dm8_nh4_el1_dl512_df1_fctimeF_ebTrue_dtsparse_wcomp_projection_0,./results/Traffic_pl720_MLP_attention_softmax_ratio0p1_k86_seed2021_iTransformer_custom_M_ft96_sl48_ll720_pl512_dm8_nh4_el1_dl512_df1_fctimeF_ebTrue_dtsparse_wcomp_projection_0/,./results/Traffic_pl720_MLP_attention_softmax_ratio0p1_k86_seed2021_iTransformer_custom_M_ft96_sl48_ll720_pl512_dm8_nh4_el1_dl512_df1_fctimeF_ebTrue_dtsparse_wcomp_projection_0/weight_matrices,./results/sparse_attention_wcomp/plots/MLP_attention_softmax/Traffic_pl720_MLP_attention_softmax_ratio0p1_k86_seed2021_iTransformer_custom_M_ft96_sl48_ll720_pl512_dm8_nh4_el1_dl512_df1_fctimeF_ebTrue_dtsparse_wcomp_projection_0
Traffic,720,MLP_attention,MLP_attention_softmax_entropy,,,0,MLP_attention,slot_learned_linear,learned_expand_linear,feature,,mse,1.0,True,1,862,862,862,86,86,0.1,86,0.1,0.09976798143851508,0.09976798143851508,86,86,0.09976798143851508,0.09976798143851508,258,False,8,0.0,1.0,scalar,1.0,1.0,1.0,4,False,False,ratio,,86,,866,90,4,0.10392609699769054,89.60739030023095,0.010800633637173382,98.91993663628266,test,True,0.7647520444967685,0.4476895596412078,0.8745010260124161,4.939023493605215,525525.8986133373,0.01,0.0,0.0,0.0,0.001,0.01,0.001,0.0,124.69270753860474,2864,0.04353795654280892,22.96846428740276,173.10154342651367,7112890,742.51513671875,966.0,742.51513671875,1.0,0,softmax,1.5,0,0,5.816161632537842,0.3272676169872284,353.1399841308594,108.97777557373047,0.020114267244935036,0.0769663155078888,0.12772969901561737,0.05214774236083031,0.07056088000535965,0.3395366072654724,0.9999191164970398,1.0,0.9999825358390808,6.308772563934326,0.03973054885864258,0.0,0.0,0.0,0.0,none,persistence,1.0,0.0,none,1.0,0.0,success,2026-07-07 05:48:08,c2426e68ca13f74aaec08045c5c724d8ad328124,true,,,0,0,0,custom,./dataset/traffic/,traffic.csv,OT,h,2021,0,iTransformer,Traffic_pl720_MLP_attention_softmax_entropy_ratio0p1_k86_seed2021,Traffic_pl720_MLP_attention_softmax_entropy_ratio0p1_k86_seed2021_iTransformer_custom_M_ft96_sl48_ll720_pl512_dm8_nh4_el1_dl512_df1_fctimeF_ebTrue_dtsparse_wcomp_projection_0,96,48,4,512,512,16,0.001,10,3,0,True,./checkpoints/Traffic_pl720_MLP_attention_softmax_entropy_ratio0p1_k86_seed2021_iTransformer_custom_M_ft96_sl48_ll720_pl512_dm8_nh4_el1_dl512_df1_fctimeF_ebTrue_dtsparse_wcomp_projection_0,./results/Traffic_pl720_MLP_attention_softmax_entropy_ratio0p1_k86_seed2021_iTransformer_custom_M_ft96_sl48_ll720_pl512_dm8_nh4_el1_dl512_df1_fctimeF_ebTrue_dtsparse_wcomp_projection_0/,./results/Traffic_pl720_MLP_attention_softmax_entropy_ratio0p1_k86_seed2021_iTransformer_custom_M_ft96_sl48_ll720_pl512_dm8_nh4_el1_dl512_df1_fctimeF_ebTrue_dtsparse_wcomp_projection_0/weight_matrices,./results/sparse_attention_wcomp/plots/MLP_attention_softmax_entropy/Traffic_pl720_MLP_attention_softmax_entropy_ratio0p1_k86_seed2021_iTransformer_custom_M_ft96_sl48_ll720_pl512_dm8_nh4_el1_dl512_df1_fctimeF_ebTrue_dtsparse_wcomp_projection_0
Traffic,720,MLP_attention,MLP_attention_entmax,,,0,MLP_attention,slot_learned_linear,learned_expand_linear,feature,,mse,1.0,True,1,862,862,862,86,86,0.1,86,0.1,0.09976798143851508,0.09976798143851508,86,86,0.09976798143851508,0.09976798143851508,258,False,8,0.0,1.0,scalar,1.0,1.0,1.0,4,False,False,ratio,,86,,866,90,4,0.10392609699769054,89.60739030023095,0.010800633637173382,98.91993663628266,test,True,1.4506971875567536,0.8089951341544968,1.2044489144653474,3.1904994671873315,87594.92925346816,0.01,0.0,0.0,0.0,0.0,0.01,0.0,0.0,267.85772490501404,5012,0.05344328110634757,18.71142600713615,344.3956742286682,7112890,747.65087890625,948.0,747.65087890625,1.0,0,entmax15,1.5,0,0,0.5892652273178101,0.6002821922302246,2.254706859588623,2.1125328540802,0.7542886137962341,0.9856796264648438,0.9971323013305664,0.33679890632629395,0.5786593556404114,0.0976618304848671,0.0039793881587684155,1.0,0.16588789224624634,3.6896517276763916,0.40287449955940247,0.0,0.0,0.0,0.0,none,persistence,1.0,0.0,none,1.0,0.0,success,2026-07-07 05:53:55,c2426e68ca13f74aaec08045c5c724d8ad328124,true,,,0,0,0,custom,./dataset/traffic/,traffic.csv,OT,h,2021,0,iTransformer,Traffic_pl720_MLP_attention_entmax_ratio0p1_k86_seed2021,Traffic_pl720_MLP_attention_entmax_ratio0p1_k86_seed2021_iTransformer_custom_M_ft96_sl48_ll720_pl512_dm8_nh4_el1_dl512_df1_fctimeF_ebTrue_dtsparse_wcomp_projection_0,96,48,4,512,512,16,0.001,10,3,0,True,./checkpoints/Traffic_pl720_MLP_attention_entmax_ratio0p1_k86_seed2021_iTransformer_custom_M_ft96_sl48_ll720_pl512_dm8_nh4_el1_dl512_df1_fctimeF_ebTrue_dtsparse_wcomp_projection_0,./results/Traffic_pl720_MLP_attention_entmax_ratio0p1_k86_seed2021_iTransformer_custom_M_ft96_sl48_ll720_pl512_dm8_nh4_el1_dl512_df1_fctimeF_ebTrue_dtsparse_wcomp_projection_0/,./results/Traffic_pl720_MLP_attention_entmax_ratio0p1_k86_seed2021_iTransformer_custom_M_ft96_sl48_ll720_pl512_dm8_nh4_el1_dl512_df1_fctimeF_ebTrue_dtsparse_wcomp_projection_0/weight_matrices,./results/sparse_attention_wcomp/plots/MLP_attention_entmax/Traffic_pl720_MLP_attention_entmax_ratio0p1_k86_seed2021_iTransformer_custom_M_ft96_sl48_ll720_pl512_dm8_nh4_el1_dl512_df1_fctimeF_ebTrue_dtsparse_wcomp_projection_0
Traffic,720,MLP_attention,MLP_attention_entmax_entropy,,,0,MLP_attention,slot_learned_linear,learned_expand_linear,feature,,mse,1.0,True,1,862,862,862,86,86,0.1,86,0.1,0.09976798143851508,0.09976798143851508,86,86,0.09976798143851508,0.09976798143851508,258,False,8,0.0,1.0,scalar,1.0,1.0,1.0,4,False,False,ratio,,86,,866,90,4,0.10392609699769054,89.60739030023095,0.010800633637173382,98.91993663628266,test,True,1.332757693269971,0.704129284574003,1.154451252011089,7.8956987252536,1598403.994497055,0.01,0.0,0.0,0.0,0.001,0.01,0.001,0.0,154.49551129341125,2864,0.05394396344043689,18.53775540805722,216.6529905796051,7112890,757.63037109375,950.0,757.63037109375,1.0,0,entmax15,1.5,0,0,0.9003637433052063,0.775561511516571,3.454921007156372,3.477409601211548,0.6701903343200684,0.9500982761383057,0.9860027432441711,0.19600547850131989,0.3594801425933838,0.12468358129262924,0.007446177303791046,1.0,0.31435689330101013,4.199685096740723,0.32209816575050354,0.0,0.0,0.0,0.0,none,persistence,1.0,0.0,none,1.0,0.0,success,2026-07-07 05:57:34,c2426e68ca13f74aaec08045c5c724d8ad328124,true,,,0,0,0,custom,./dataset/traffic/,traffic.csv,OT,h,2021,0,iTransformer,Traffic_pl720_MLP_attention_entmax_entropy_ratio0p1_k86_seed2021,Traffic_pl720_MLP_attention_entmax_entropy_ratio0p1_k86_seed2021_iTransformer_custom_M_ft96_sl48_ll720_pl512_dm8_nh4_el1_dl512_df1_fctimeF_ebTrue_dtsparse_wcomp_projection_0,96,48,4,512,512,16,0.001,10,3,0,True,./checkpoints/Traffic_pl720_MLP_attention_entmax_entropy_ratio0p1_k86_seed2021_iTransformer_custom_M_ft96_sl48_ll720_pl512_dm8_nh4_el1_dl512_df1_fctimeF_ebTrue_dtsparse_wcomp_projection_0,./results/Traffic_pl720_MLP_attention_entmax_entropy_ratio0p1_k86_seed2021_iTransformer_custom_M_ft96_sl48_ll720_pl512_dm8_nh4_el1_dl512_df1_fctimeF_ebTrue_dtsparse_wcomp_projection_0/,./results/Traffic_pl720_MLP_attention_entmax_entropy_ratio0p1_k86_seed2021_iTransformer_custom_M_ft96_sl48_ll720_pl512_dm8_nh4_el1_dl512_df1_fctimeF_ebTrue_dtsparse_wcomp_projection_0/weight_matrices,./results/sparse_attention_wcomp/plots/MLP_attention_entmax_entropy/Traffic_pl720_MLP_attention_entmax_entropy_ratio0p1_k86_seed2021_iTransformer_custom_M_ft96_sl48_ll720_pl512_dm8_nh4_el1_dl512_df1_fctimeF_ebTrue_dtsparse_wcomp_projection_0
Traffic,720,latent_query_attention,latent_query_attention_softmax,,,0,latent_query_attention,slot_learned_linear,learned_expand_linear,feature,,mse,1.0,True,1,862,862,862,86,86,0.1,86,0.1,0.09976798143851508,0.09976798143851508,86,86,0.09976798143851508,0.09976798143851508,258,False,8,0.0,1.0,scalar,1.0,1.0,1.0,4,False,False,ratio,,86,,866,90,4,0.10392609699769054,89.60739030023095,0.010800633637173382,98.91993663628266,test,True,1.315593113165306,0.7200162017825558,1.1469930745934371,5.328932512657409,617257.9334594205,0.01,0.0,0.0,0.0,0.0,0.01,0.0,0.0,219.40189933776855,5012,0.043775319101709606,22.843922569166285,280.04035997390747,7374436,762.9716796875,960.0,762.9716796875,1.0,0,softmax,1.5,0,0,2.2259960174560547,1.8001359701156616,58.08932876586914,131.6446990966797,0.455585777759552,0.7428107261657715,0.8058018088340759,0.3493843972682953,0.3362243175506592,0.3245331645011902,0.4820185899734497,1.0,0.9999973177909851,5.579075336456299,0.2584120035171509,0.0,0.0,0.0,0.0,none,persistence,1.0,0.0,none,1.0,0.0,success,2026-07-07 06:02:16,c2426e68ca13f74aaec08045c5c724d8ad328124,true,,,0,0,0,custom,./dataset/traffic/,traffic.csv,OT,h,2021,0,iTransformer,Traffic_pl720_latent_query_attention_softmax_ratio0p1_k86_seed2021,Traffic_pl720_latent_query_attention_softmax_ratio0p1_k86_seed2021_iTransformer_custom_M_ft96_sl48_ll720_pl512_dm8_nh4_el1_dl512_df1_fctimeF_ebTrue_dtsparse_wcomp_projection_0,96,48,4,512,512,16,0.001,10,3,0,True,./checkpoints/Traffic_pl720_latent_query_attention_softmax_ratio0p1_k86_seed2021_iTransformer_custom_M_ft96_sl48_ll720_pl512_dm8_nh4_el1_dl512_df1_fctimeF_ebTrue_dtsparse_wcomp_projection_0,./results/Traffic_pl720_latent_query_attention_softmax_ratio0p1_k86_seed2021_iTransformer_custom_M_ft96_sl48_ll720_pl512_dm8_nh4_el1_dl512_df1_fctimeF_ebTrue_dtsparse_wcomp_projection_0/,./results/Traffic_pl720_latent_query_attention_softmax_ratio0p1_k86_seed2021_iTransformer_custom_M_ft96_sl48_ll720_pl512_dm8_nh4_el1_dl512_df1_fctimeF_ebTrue_dtsparse_wcomp_projection_0/weight_matrices,./results/sparse_attention_wcomp/plots/latent_query_attention_softmax/Traffic_pl720_latent_query_attention_softmax_ratio0p1_k86_seed2021_iTransformer_custom_M_ft96_sl48_ll720_pl512_dm8_nh4_el1_dl512_df1_fctimeF_ebTrue_dtsparse_wcomp_projection_0
Traffic,720,latent_query_attention,latent_query_attention_softmax_entropy,,,0,latent_query_attention,slot_learned_linear,learned_expand_linear,feature,,mse,1.0,True,1,862,862,862,86,86,0.1,86,0.1,0.09976798143851508,0.09976798143851508,86,86,0.09976798143851508,0.09976798143851508,258,False,8,0.0,1.0,scalar,1.0,1.0,1.0,4,False,False,ratio,,86,,866,90,4,0.10392609699769054,89.60739030023095,0.010800633637173382,98.91993663628266,test,True,1.3074434294745512,0.7056873882016305,1.1434349257717078,5.47388851014135,698711.3250485754,0.01,0.0,0.0,0.0,0.001,0.01,0.001,0.0,157.51753425598145,3580,0.043999311244687554,22.727628494883298,208.4489130973816,7374436,775.59765625,998.0,775.59765625,1.0,0,softmax,1.5,0,0,3.1295840740203857,2.301758289337158,131.40081787109375,189.92214965820312,0.41026872396469116,0.5224305987358093,0.5796175003051758,0.2809302508831024,0.2582489848136902,0.3605894148349762,0.7515782713890076,1.0,0.9999973177909851,6.378904819488525,0.08965694159269333,0.0,0.0,0.0,0.0,none,persistence,1.0,0.0,none,1.0,0.0,success,2026-07-07 06:05:47,c2426e68ca13f74aaec08045c5c724d8ad328124,true,,,0,0,0,custom,./dataset/traffic/,traffic.csv,OT,h,2021,0,iTransformer,Traffic_pl720_latent_query_attention_softmax_entropy_ratio0p1_k86_seed2021,Traffic_pl720_latent_query_attention_softmax_entropy_ratio0p1_k86_seed2021_iTransformer_custom_M_ft96_sl48_ll720_pl512_dm8_nh4_el1_dl512_df1_fctimeF_ebTrue_dtsparse_wcomp_projection_0,96,48,4,512,512,16,0.001,10,3,0,True,./checkpoints/Traffic_pl720_latent_query_attention_softmax_entropy_ratio0p1_k86_seed2021_iTransformer_custom_M_ft96_sl48_ll720_pl512_dm8_nh4_el1_dl512_df1_fctimeF_ebTrue_dtsparse_wcomp_projection_0,./results/Traffic_pl720_latent_query_attention_softmax_entropy_ratio0p1_k86_seed2021_iTransformer_custom_M_ft96_sl48_ll720_pl512_dm8_nh4_el1_dl512_df1_fctimeF_ebTrue_dtsparse_wcomp_projection_0/,./results/Traffic_pl720_latent_query_attention_softmax_entropy_ratio0p1_k86_seed2021_iTransformer_custom_M_ft96_sl48_ll720_pl512_dm8_nh4_el1_dl512_df1_fctimeF_ebTrue_dtsparse_wcomp_projection_0/weight_matrices,./results/sparse_attention_wcomp/plots/latent_query_attention_softmax_entropy/Traffic_pl720_latent_query_attention_softmax_entropy_ratio0p1_k86_seed2021_iTransformer_custom_M_ft96_sl48_ll720_pl512_dm8_nh4_el1_dl512_df1_fctimeF_ebTrue_dtsparse_wcomp_projection_0
Traffic,720,latent_query_attention,latent_query_attention_entmax,,,0,latent_query_attention,slot_learned_linear,learned_expand_linear,feature,,mse,1.0,True,1,862,862,862,86,86,0.1,86,0.1,0.09976798143851508,0.09976798143851508,86,86,0.09976798143851508,0.09976798143851508,258,False,8,0.0,1.0,scalar,1.0,1.0,1.0,4,False,False,ratio,,86,,866,90,4,0.10392609699769054,89.60739030023095,0.010800633637173382,98.91993663628266,test,True,1.4505949951992232,0.8087929502909948,1.2044064908490086,3.1850120979149428,86769.82512386052,0.01,0.0,0.0,0.0,0.0,0.01,0.0,0.0,345.39563369750977,6444,0.053599570716559554,18.656865841111124,432.4534261226654,7374436,777.298828125,980.0,777.298828125,1.0,0,entmax15,1.5,0,0,2.427743673324585,0.6768796443939209,14.363691329956055,11.840686798095703,0.2641216218471527,0.672296941280365,0.841640055179596,0.11879616975784302,0.13545827567577362,0.14636540412902832,0.037069011479616165,1.0,0.6894114017486572,4.885667324066162,0.22227376699447632,0.0,0.0,0.0,0.0,none,persistence,1.0,0.0,none,1.0,0.0,success,2026-07-07 06:13:01,c2426e68ca13f74aaec08045c5c724d8ad328124,true,,,0,0,0,custom,./dataset/traffic/,traffic.csv,OT,h,2021,0,iTransformer,Traffic_pl720_latent_query_attention_entmax_ratio0p1_k86_seed2021,Traffic_pl720_latent_query_attention_entmax_ratio0p1_k86_seed2021_iTransformer_custom_M_ft96_sl48_ll720_pl512_dm8_nh4_el1_dl512_df1_fctimeF_ebTrue_dtsparse_wcomp_projection_0,96,48,4,512,512,16,0.001,10,3,0,True,./checkpoints/Traffic_pl720_latent_query_attention_entmax_ratio0p1_k86_seed2021_iTransformer_custom_M_ft96_sl48_ll720_pl512_dm8_nh4_el1_dl512_df1_fctimeF_ebTrue_dtsparse_wcomp_projection_0,./results/Traffic_pl720_latent_query_attention_entmax_ratio0p1_k86_seed2021_iTransformer_custom_M_ft96_sl48_ll720_pl512_dm8_nh4_el1_dl512_df1_fctimeF_ebTrue_dtsparse_wcomp_projection_0/,./results/Traffic_pl720_latent_query_attention_entmax_ratio0p1_k86_seed2021_iTransformer_custom_M_ft96_sl48_ll720_pl512_dm8_nh4_el1_dl512_df1_fctimeF_ebTrue_dtsparse_wcomp_projection_0/weight_matrices,./results/sparse_attention_wcomp/plots/latent_query_attention_entmax/Traffic_pl720_latent_query_attention_entmax_ratio0p1_k86_seed2021_iTransformer_custom_M_ft96_sl48_ll720_pl512_dm8_nh4_el1_dl512_df1_fctimeF_ebTrue_dtsparse_wcomp_projection_0
Traffic,720,latent_query_attention,latent_query_attention_entmax_entropy,,,0,latent_query_attention,slot_learned_linear,learned_expand_linear,feature,,mse,1.0,True,1,862,862,862,86,86,0.1,86,0.1,0.09976798143851508,0.09976798143851508,86,86,0.09976798143851508,0.09976798143851508,258,False,8,0.0,1.0,scalar,1.0,1.0,1.0,4,False,False,ratio,,86,,866,90,4,0.10392609699769054,89.60739030023095,0.010800633637173382,98.91993663628266,test,True,1.4506104071253096,0.8087872815553706,1.204412888973424,3.1854693613949325,86783.72373553258,0.01,0.0,0.0,0.0,0.001,0.01,0.001,0.0,346.42530155181885,6444,0.053759357782715525,18.601412688778726,433.6886308193207,7374436,789.22119140625,980.0,789.22119140625,1.0,0,entmax15,1.5,0,0,2.347205638885498,1.0057367086410522,16.358665466308594,18.706052780151367,0.2992802560329437,0.6543017625808716,0.812132716178894,0.0875512957572937,0.10916552692651749,0.12244819104671478,0.03831004351377487,1.0,0.7235399484634399,4.654258728027344,0.2774948477745056,0.0,0.0,0.0,0.0,none,persistence,1.0,0.0,none,1.0,0.0,success,2026-07-07 06:20:17,c2426e68ca13f74aaec08045c5c724d8ad328124,true,,,0,0,0,custom,./dataset/traffic/,traffic.csv,OT,h,2021,0,iTransformer,Traffic_pl720_latent_query_attention_entmax_entropy_ratio0p1_k86_seed2021,Traffic_pl720_latent_query_attention_entmax_entropy_ratio0p1_k86_seed2021_iTransformer_custom_M_ft96_sl48_ll720_pl512_dm8_nh4_el1_dl512_df1_fctimeF_ebTrue_dtsparse_wcomp_projection_0,96,48,4,512,512,16,0.001,10,3,0,True,./checkpoints/Traffic_pl720_latent_query_attention_entmax_entropy_ratio0p1_k86_seed2021_iTransformer_custom_M_ft96_sl48_ll720_pl512_dm8_nh4_el1_dl512_df1_fctimeF_ebTrue_dtsparse_wcomp_projection_0,./results/Traffic_pl720_latent_query_attention_entmax_entropy_ratio0p1_k86_seed2021_iTransformer_custom_M_ft96_sl48_ll720_pl512_dm8_nh4_el1_dl512_df1_fctimeF_ebTrue_dtsparse_wcomp_projection_0/,./results/Traffic_pl720_latent_query_attention_entmax_entropy_ratio0p1_k86_seed2021_iTransformer_custom_M_ft96_sl48_ll720_pl512_dm8_nh4_el1_dl512_df1_fctimeF_ebTrue_dtsparse_wcomp_projection_0/weight_matrices,./results/sparse_attention_wcomp/plots/latent_query_attention_entmax_entropy/Traffic_pl720_latent_query_attention_entmax_entropy_ratio0p1_k86_seed2021_iTransformer_custom_M_ft96_sl48_ll720_pl512_dm8_nh4_el1_dl512_df1_fctimeF_ebTrue_dtsparse_wcomp_projection_0
Traffic,720,MLP_attention,MLP_attention_softmax,,,0,MLP_attention,slot_learned_linear,learned_expand_linear,feature,,mse,1.0,True,1,862,862,862,258,258,0.3,258,0.3,0.29930394431554525,0.29930394431554525,258,258,0.29930394431554525,0.29930394431554525,258,False,8,0.0,1.0,scalar,1.0,1.0,1.0,4,False,False,ratio,,258,,866,262,4,0.302540415704388,69.7459584295612,0.0915307031345839,90.84692968654161,test,True,1.1437873627575252,0.6144147482856652,1.06947994967532,6.779681810041927,1120372.3084584759,0.01,0.0,0.0,0.0,0.0,0.01,0.0,0.0,480.6577627658844,7160,0.06713097245333581,14.89625374777822,560.9965887069702,7349390,1279.91162109375,1538.0,1279.91162109375,1.0,0,softmax,1.5,0,0,0.31508326530456543,0.4530019164085388,1.5626156330108643,1.06623375415802,0.8837681412696838,0.9947157502174377,0.9992304444313049,0.09594909101724625,0.11499713361263275,0.09281541407108307,0.018727853894233704,0.9999999403953552,0.4699546694755554,3.3454883098602295,0.4980742931365967,0.0,0.0,0.0,0.0,none,persistence,1.0,0.0,none,1.0,0.0,success,2026-07-07 06:29:41,c2426e68ca13f74aaec08045c5c724d8ad328124,true,,,0,0,0,custom,./dataset/traffic/,traffic.csv,OT,h,2021,0,iTransformer,Traffic_pl720_MLP_attention_softmax_ratio0p3_k258_seed2021,Traffic_pl720_MLP_attention_softmax_ratio0p3_k258_seed2021_iTransformer_custom_M_ft96_sl48_ll720_pl512_dm8_nh4_el1_dl512_df1_fctimeF_ebTrue_dtsparse_wcomp_projection_0,96,48,4,512,512,16,0.001,10,3,0,True,./checkpoints/Traffic_pl720_MLP_attention_softmax_ratio0p3_k258_seed2021_iTransformer_custom_M_ft96_sl48_ll720_pl512_dm8_nh4_el1_dl512_df1_fctimeF_ebTrue_dtsparse_wcomp_projection_0,./results/Traffic_pl720_MLP_attention_softmax_ratio0p3_k258_seed2021_iTransformer_custom_M_ft96_sl48_ll720_pl512_dm8_nh4_el1_dl512_df1_fctimeF_ebTrue_dtsparse_wcomp_projection_0/,./results/Traffic_pl720_MLP_attention_softmax_ratio0p3_k258_seed2021_iTransformer_custom_M_ft96_sl48_ll720_pl512_dm8_nh4_el1_dl512_df1_fctimeF_ebTrue_dtsparse_wcomp_projection_0/weight_matrices,./results/sparse_attention_wcomp/plots/MLP_attention_softmax/Traffic_pl720_MLP_attention_softmax_ratio0p3_k258_seed2021_iTransformer_custom_M_ft96_sl48_ll720_pl512_dm8_nh4_el1_dl512_df1_fctimeF_ebTrue_dtsparse_wcomp_projection_0
Traffic,720,MLP_attention,MLP_attention_softmax_entropy,,,0,MLP_attention,slot_learned_linear,learned_expand_linear,feature,,mse,1.0,True,1,862,862,862,258,258,0.3,258,0.3,0.29930394431554525,0.29930394431554525,258,258,0.29930394431554525,0.29930394431554525,258,False,8,0.0,1.0,scalar,1.0,1.0,1.0,4,False,False,ratio,,258,,866,262,4,0.302540415704388,69.7459584295612,0.0915307031345839,90.84692968654161,test,True,0.7649634620745633,0.46246643247045477,0.8746218966356624,5.350837979455212,718455.8726046125,0.01,0.0,0.0,0.0,0.001,0.01,0.001,0.0,193.33628058433533,2864,0.06750568456156959,14.813567279477548,242.8291516304016,7349390,1308.73291015625,1560.0,1308.73291015625,1.0,0,softmax,1.5,0,0,5.0029730796813965,0.6766332387924194,177.80001831054688,95.36309814453125,0.05164000764489174,0.15856799483299255,0.24353446066379547,0.07745302468538284,0.10339033603668213,0.2792118489742279,0.8506582379341125,0.9999999403953552,0.9999825358390808,5.830047130584717,0.09268069267272949,0.0,0.0,0.0,0.0,none,persistence,1.0,0.0,none,1.0,0.0,success,2026-07-07 06:33:46,c2426e68ca13f74aaec08045c5c724d8ad328124,true,,,0,0,0,custom,./dataset/traffic/,traffic.csv,OT,h,2021,0,iTransformer,Traffic_pl720_MLP_attention_softmax_entropy_ratio0p3_k258_seed2021,Traffic_pl720_MLP_attention_softmax_entropy_ratio0p3_k258_seed2021_iTransformer_custom_M_ft96_sl48_ll720_pl512_dm8_nh4_el1_dl512_df1_fctimeF_ebTrue_dtsparse_wcomp_projection_0,96,48,4,512,512,16,0.001,10,3,0,True,./checkpoints/Traffic_pl720_MLP_attention_softmax_entropy_ratio0p3_k258_seed2021_iTransformer_custom_M_ft96_sl48_ll720_pl512_dm8_nh4_el1_dl512_df1_fctimeF_ebTrue_dtsparse_wcomp_projection_0,./results/Traffic_pl720_MLP_attention_softmax_entropy_ratio0p3_k258_seed2021_iTransformer_custom_M_ft96_sl48_ll720_pl512_dm8_nh4_el1_dl512_df1_fctimeF_ebTrue_dtsparse_wcomp_projection_0/,./results/Traffic_pl720_MLP_attention_softmax_entropy_ratio0p3_k258_seed2021_iTransformer_custom_M_ft96_sl48_ll720_pl512_dm8_nh4_el1_dl512_df1_fctimeF_ebTrue_dtsparse_wcomp_projection_0/weight_matrices,./results/sparse_attention_wcomp/plots/MLP_attention_softmax_entropy/Traffic_pl720_MLP_attention_softmax_entropy_ratio0p3_k258_seed2021_iTransformer_custom_M_ft96_sl48_ll720_pl512_dm8_nh4_el1_dl512_df1_fctimeF_ebTrue_dtsparse_wcomp_projection_0
Traffic,720,MLP_attention,MLP_attention_entmax,,,0,MLP_attention,slot_learned_linear,learned_expand_linear,feature,,mse,1.0,True,1,862,862,862,258,258,0.3,258,0.3,0.29930394431554525,0.29930394431554525,258,258,0.29930394431554525,0.29930394431554525,258,False,8,0.0,1.0,scalar,1.0,1.0,1.0,4,False,False,ratio,,258,,866,262,4,0.302540415704388,69.7459584295612,0.0915307031345839,90.84692968654161,test,True,0.7608734962388831,0.45406992366297805,0.872280629292479,4.9830997403814425,556660.3327222625,0.01,0.0,0.0,0.0,0.0,0.01,0.0,0.0,241.03029417991638,2864,0.08415862226952388,11.882323795622865,308.19070506095886,7349390,1322.6650390625,1590.0,1322.6650390625,1.0,0,entmax15,1.5,0,0,3.259305715560913,0.6687649488449097,31.592266082763672,18.686983108520508,0.13626573979854584,0.4231971800327301,0.6123517751693726,0.04617379978299141,0.06490211933851242,0.098292775452137,0.07375132292509079,0.9999999403953552,0.9000086188316345,5.652627944946289,0.10839297622442245,0.0,0.0,0.0,0.0,none,persistence,1.0,0.0,none,1.0,0.0,success,2026-07-07 06:38:56,c2426e68ca13f74aaec08045c5c724d8ad328124,true,,,0,0,0,custom,./dataset/traffic/,traffic.csv,OT,h,2021,0,iTransformer,Traffic_pl720_MLP_attention_entmax_ratio0p3_k258_seed2021,Traffic_pl720_MLP_attention_entmax_ratio0p3_k258_seed2021_iTransformer_custom_M_ft96_sl48_ll720_pl512_dm8_nh4_el1_dl512_df1_fctimeF_ebTrue_dtsparse_wcomp_projection_0,96,48,4,512,512,16,0.001,10,3,0,True,./checkpoints/Traffic_pl720_MLP_attention_entmax_ratio0p3_k258_seed2021_iTransformer_custom_M_ft96_sl48_ll720_pl512_dm8_nh4_el1_dl512_df1_fctimeF_ebTrue_dtsparse_wcomp_projection_0,./results/Traffic_pl720_MLP_attention_entmax_ratio0p3_k258_seed2021_iTransformer_custom_M_ft96_sl48_ll720_pl512_dm8_nh4_el1_dl512_df1_fctimeF_ebTrue_dtsparse_wcomp_projection_0/,./results/Traffic_pl720_MLP_attention_entmax_ratio0p3_k258_seed2021_iTransformer_custom_M_ft96_sl48_ll720_pl512_dm8_nh4_el1_dl512_df1_fctimeF_ebTrue_dtsparse_wcomp_projection_0/weight_matrices,./results/sparse_attention_wcomp/plots/MLP_attention_entmax/Traffic_pl720_MLP_attention_entmax_ratio0p3_k258_seed2021_iTransformer_custom_M_ft96_sl48_ll720_pl512_dm8_nh4_el1_dl512_df1_fctimeF_ebTrue_dtsparse_wcomp_projection_0
Traffic,720,MLP_attention,MLP_attention_entmax_entropy,,,0,MLP_attention,slot_learned_linear,learned_expand_linear,feature,,mse,1.0,True,1,862,862,862,258,258,0.3,258,0.3,0.29930394431554525,0.29930394431554525,258,258,0.29930394431554525,0.29930394431554525,258,False,8,0.0,1.0,scalar,1.0,1.0,1.0,4,False,False,ratio,,258,,866,262,4,0.302540415704388,69.7459584295612,0.0915307031345839,90.84692968654161,test,True,0.7663725295895122,0.4532415941294431,0.8754270555503252,4.908377680353398,574328.5948918452,0.01,0.0,0.0,0.0,0.001,0.01,0.001,0.0,237.65726351737976,2864,0.08298088809964377,12.050967673414101,304.8101894855499,7349390,1351.326171875,1604.0,1351.326171875,1.0,0,entmax15,1.5,0,0,3.0664141178131104,0.6071868538856506,25.18844223022461,13.574766159057617,0.1525101363658905,0.4739142656326294,0.675041139125824,0.044243358075618744,0.058745816349983215,0.08526457846164703,0.06019442528486252,0.9999999403953552,0.8578307628631592,5.572425365447998,0.10799780488014221,0.0,0.0,0.0,0.0,none,persistence,1.0,0.0,none,1.0,0.0,success,2026-07-07 06:44:03,c2426e68ca13f74aaec08045c5c724d8ad328124,true,,,0,0,0,custom,./dataset/traffic/,traffic.csv,OT,h,2021,0,iTransformer,Traffic_pl720_MLP_attention_entmax_entropy_ratio0p3_k258_seed2021,Traffic_pl720_MLP_attention_entmax_entropy_ratio0p3_k258_seed2021_iTransformer_custom_M_ft96_sl48_ll720_pl512_dm8_nh4_el1_dl512_df1_fctimeF_ebTrue_dtsparse_wcomp_projection_0,96,48,4,512,512,16,0.001,10,3,0,True,./checkpoints/Traffic_pl720_MLP_attention_entmax_entropy_ratio0p3_k258_seed2021_iTransformer_custom_M_ft96_sl48_ll720_pl512_dm8_nh4_el1_dl512_df1_fctimeF_ebTrue_dtsparse_wcomp_projection_0,./results/Traffic_pl720_MLP_attention_entmax_entropy_ratio0p3_k258_seed2021_iTransformer_custom_M_ft96_sl48_ll720_pl512_dm8_nh4_el1_dl512_df1_fctimeF_ebTrue_dtsparse_wcomp_projection_0/,./results/Traffic_pl720_MLP_attention_entmax_entropy_ratio0p3_k258_seed2021_iTransformer_custom_M_ft96_sl48_ll720_pl512_dm8_nh4_el1_dl512_df1_fctimeF_ebTrue_dtsparse_wcomp_projection_0/weight_matrices,./results/sparse_attention_wcomp/plots/MLP_attention_entmax_entropy/Traffic_pl720_MLP_attention_entmax_entropy_ratio0p3_k258_seed2021_iTransformer_custom_M_ft96_sl48_ll720_pl512_dm8_nh4_el1_dl512_df1_fctimeF_ebTrue_dtsparse_wcomp_projection_0
Traffic,720,latent_query_attention,latent_query_attention_softmax,,,0,latent_query_attention,slot_learned_linear,learned_expand_linear,feature,,mse,1.0,True,1,862,862,862,258,258,0.3,258,0.3,0.29930394431554525,0.29930394431554525,258,258,0.29930394431554525,0.29930394431554525,258,False,8,0.0,1.0,scalar,1.0,1.0,1.0,4,False,False,ratio,,258,,866,262,4,0.302540415704388,69.7459584295612,0.0915307031345839,90.84692968654161,test,True,1.4506669482647387,0.8089493283135771,1.2044363612348885,3.190136033345147,87540.67450876835,0.01,0.0,0.0,0.0,0.0,0.01,0.0,0.0,348.39055728912354,5012,0.06951128437532393,14.386153399216916,412.1699912548065,7610764,1310.15478515625,1578.0,1310.15478515625,1.0,0,softmax,1.5,0,0,3.922804117202759,1.2616642713546753,125.83922576904297,202.54287719726562,0.15984554588794708,0.4028282165527344,0.5362671613693237,0.33461225032806396,0.3595511317253113,0.37802499532699585,0.6225111484527588,0.9999999403953552,0.9999973177909851,5.302584648132324,0.28962111473083496,0.0,0.0,0.0,0.0,none,persistence,1.0,0.0,none,1.0,0.0,success,2026-07-07 06:50:58,c2426e68ca13f74aaec08045c5c724d8ad328124,true,,,0,0,0,custom,./dataset/traffic/,traffic.csv,OT,h,2021,0,iTransformer,Traffic_pl720_latent_query_attention_softmax_ratio0p3_k258_seed2021,Traffic_pl720_latent_query_attention_softmax_ratio0p3_k258_seed2021_iTransformer_custom_M_ft96_sl48_ll720_pl512_dm8_nh4_el1_dl512_df1_fctimeF_ebTrue_dtsparse_wcomp_projection_0,96,48,4,512,512,16,0.001,10,3,0,True,./checkpoints/Traffic_pl720_latent_query_attention_softmax_ratio0p3_k258_seed2021_iTransformer_custom_M_ft96_sl48_ll720_pl512_dm8_nh4_el1_dl512_df1_fctimeF_ebTrue_dtsparse_wcomp_projection_0,./results/Traffic_pl720_latent_query_attention_softmax_ratio0p3_k258_seed2021_iTransformer_custom_M_ft96_sl48_ll720_pl512_dm8_nh4_el1_dl512_df1_fctimeF_ebTrue_dtsparse_wcomp_projection_0/,./results/Traffic_pl720_latent_query_attention_softmax_ratio0p3_k258_seed2021_iTransformer_custom_M_ft96_sl48_ll720_pl512_dm8_nh4_el1_dl512_df1_fctimeF_ebTrue_dtsparse_wcomp_projection_0/weight_matrices,./results/sparse_attention_wcomp/plots/latent_query_attention_softmax/Traffic_pl720_latent_query_attention_softmax_ratio0p3_k258_seed2021_iTransformer_custom_M_ft96_sl48_ll720_pl512_dm8_nh4_el1_dl512_df1_fctimeF_ebTrue_dtsparse_wcomp_projection_0
Traffic,720,latent_query_attention,latent_query_attention_softmax_entropy,,,0,latent_query_attention,slot_learned_linear,learned_expand_linear,feature,,mse,1.0,True,1,862,862,862,258,258,0.3,258,0.3,0.29930394431554525,0.29930394431554525,258,258,0.29930394431554525,0.29930394431554525,258,False,8,0.0,1.0,scalar,1.0,1.0,1.0,4,False,False,ratio,,258,,866,262,4,0.302540415704388,69.7459584295612,0.0915307031345839,90.84692968654161,test,True,1.4501592779104697,0.8096965133285952,1.2042255926156318,3.1798301965131843,89183.44947010114,0.01,0.0,0.0,0.0,0.001,0.01,0.001,0.0,201.0647430419922,2864,0.07020417005656152,14.244168105602961,249.78905868530273,7610764,1336.69091796875,1606.0,1336.69091796875,1.0,0,softmax,1.5,0,0,2.782057046890259,1.677425742149353,59.365089416503906,123.29850769042969,0.370038241147995,0.5922442078590393,0.6996057629585266,0.411214679479599,0.4247187077999115,0.4440906047821045,0.556705117225647,0.9999999403953552,0.9999434947967529,4.096173286437988,0.445848286151886,0.0,0.0,0.0,0.0,none,persistence,1.0,0.0,none,1.0,0.0,success,2026-07-07 06:55:10,c2426e68ca13f74aaec08045c5c724d8ad328124,true,,,0,0,0,custom,./dataset/traffic/,traffic.csv,OT,h,2021,0,iTransformer,Traffic_pl720_latent_query_attention_softmax_entropy_ratio0p3_k258_seed2021,Traffic_pl720_latent_query_attention_softmax_entropy_ratio0p3_k258_seed2021_iTransformer_custom_M_ft96_sl48_ll720_pl512_dm8_nh4_el1_dl512_df1_fctimeF_ebTrue_dtsparse_wcomp_projection_0,96,48,4,512,512,16,0.001,10,3,0,True,./checkpoints/Traffic_pl720_latent_query_attention_softmax_entropy_ratio0p3_k258_seed2021_iTransformer_custom_M_ft96_sl48_ll720_pl512_dm8_nh4_el1_dl512_df1_fctimeF_ebTrue_dtsparse_wcomp_projection_0,./results/Traffic_pl720_latent_query_attention_softmax_entropy_ratio0p3_k258_seed2021_iTransformer_custom_M_ft96_sl48_ll720_pl512_dm8_nh4_el1_dl512_df1_fctimeF_ebTrue_dtsparse_wcomp_projection_0/,./results/Traffic_pl720_latent_query_attention_softmax_entropy_ratio0p3_k258_seed2021_iTransformer_custom_M_ft96_sl48_ll720_pl512_dm8_nh4_el1_dl512_df1_fctimeF_ebTrue_dtsparse_wcomp_projection_0/weight_matrices,./results/sparse_attention_wcomp/plots/latent_query_attention_softmax_entropy/Traffic_pl720_latent_query_attention_softmax_entropy_ratio0p3_k258_seed2021_iTransformer_custom_M_ft96_sl48_ll720_pl512_dm8_nh4_el1_dl512_df1_fctimeF_ebTrue_dtsparse_wcomp_projection_0
Traffic,720,latent_query_attention,latent_query_attention_entmax,,,0,latent_query_attention,slot_learned_linear,learned_expand_linear,feature,,mse,1.0,True,1,862,862,862,258,258,0.3,258,0.3,0.29930394431554525,0.29930394431554525,258,258,0.29930394431554525,0.29930394431554525,258,False,8,0.0,1.0,scalar,1.0,1.0,1.0,4,False,False,ratio,,258,,866,262,4,0.302540415704388,69.7459584295612,0.0915307031345839,90.84692968654161,test,True,1.3442210963361547,0.7330451866985217,1.1594054926280772,4.460809148256018,302749.2602815823,0.01,0.0,0.0,0.0,0.0,0.01,0.0,0.0,239.77545404434204,2864,0.0837204797640859,11.944508713015955,305.87818217277527,7610764,1352.59228515625,1622.0,1352.59228515625,1.0,0,entmax15,1.5,0,0,1.9771326780319214,1.08480966091156,11.871938705444336,10.474120140075684,0.37544479966163635,0.7333685159683228,0.8625327944755554,0.1612946093082428,0.19596415758132935,0.22267811000347137,0.028040071949362755,0.9999999403953552,0.6636161804199219,4.590475082397461,0.29564815759658813,0.0,0.0,0.0,0.0,none,persistence,1.0,0.0,none,1.0,0.0,success,2026-07-07 07:00:18,c2426e68ca13f74aaec08045c5c724d8ad328124,true,,,0,0,0,custom,./dataset/traffic/,traffic.csv,OT,h,2021,0,iTransformer,Traffic_pl720_latent_query_attention_entmax_ratio0p3_k258_seed2021,Traffic_pl720_latent_query_attention_entmax_ratio0p3_k258_seed2021_iTransformer_custom_M_ft96_sl48_ll720_pl512_dm8_nh4_el1_dl512_df1_fctimeF_ebTrue_dtsparse_wcomp_projection_0,96,48,4,512,512,16,0.001,10,3,0,True,./checkpoints/Traffic_pl720_latent_query_attention_entmax_ratio0p3_k258_seed2021_iTransformer_custom_M_ft96_sl48_ll720_pl512_dm8_nh4_el1_dl512_df1_fctimeF_ebTrue_dtsparse_wcomp_projection_0,./results/Traffic_pl720_latent_query_attention_entmax_ratio0p3_k258_seed2021_iTransformer_custom_M_ft96_sl48_ll720_pl512_dm8_nh4_el1_dl512_df1_fctimeF_ebTrue_dtsparse_wcomp_projection_0/,./results/Traffic_pl720_latent_query_attention_entmax_ratio0p3_k258_seed2021_iTransformer_custom_M_ft96_sl48_ll720_pl512_dm8_nh4_el1_dl512_df1_fctimeF_ebTrue_dtsparse_wcomp_projection_0/weight_matrices,./results/sparse_attention_wcomp/plots/latent_query_attention_entmax/Traffic_pl720_latent_query_attention_entmax_ratio0p3_k258_seed2021_iTransformer_custom_M_ft96_sl48_ll720_pl512_dm8_nh4_el1_dl512_df1_fctimeF_ebTrue_dtsparse_wcomp_projection_0
Traffic,720,latent_query_attention,latent_query_attention_entmax_entropy,,,0,latent_query_attention,slot_learned_linear,learned_expand_linear,feature,,mse,1.0,True,1,862,862,862,258,258,0.3,258,0.3,0.29930394431554525,0.29930394431554525,258,258,0.29930394431554525,0.29930394431554525,258,False,8,0.0,1.0,scalar,1.0,1.0,1.0,4,False,False,ratio,,258,,866,262,4,0.302540415704388,69.7459584295612,0.0915307031345839,90.84692968654161,test,True,0.9286830601826291,0.5238466447202592,0.96368203271755,5.519208779314412,821510.8048700104,0.01,0.0,0.0,0.0,0.001,0.01,0.001,0.0,241.46033763885498,2864,0.08430877710853875,11.861161249114128,308.9956011772156,7610764,1381.25341796875,1636.0,1381.25341796875,1.0,0,entmax15,1.5,0,0,3.913019895553589,0.6971213817596436,62.02210235595703,40.205955505371094,0.0920436754822731,0.29584065079689026,0.4449711740016937,0.10958284139633179,0.14141103625297546,0.21554824709892273,0.15022751688957214,0.9999999403953552,0.999925971031189,5.451294422149658,0.1561763882637024,0.0,0.0,0.0,0.0,none,persistence,1.0,0.0,none,1.0,0.0,success,2026-07-07 07:05:30,c2426e68ca13f74aaec08045c5c724d8ad328124,true,,,0,0,0,custom,./dataset/traffic/,traffic.csv,OT,h,2021,0,iTransformer,Traffic_pl720_latent_query_attention_entmax_entropy_ratio0p3_k258_seed2021,Traffic_pl720_latent_query_attention_entmax_entropy_ratio0p3_k258_seed2021_iTransformer_custom_M_ft96_sl48_ll720_pl512_dm8_nh4_el1_dl512_df1_fctimeF_ebTrue_dtsparse_wcomp_projection_0,96,48,4,512,512,16,0.001,10,3,0,True,./checkpoints/Traffic_pl720_latent_query_attention_entmax_entropy_ratio0p3_k258_seed2021_iTransformer_custom_M_ft96_sl48_ll720_pl512_dm8_nh4_el1_dl512_df1_fctimeF_ebTrue_dtsparse_wcomp_projection_0,./results/Traffic_pl720_latent_query_attention_entmax_entropy_ratio0p3_k258_seed2021_iTransformer_custom_M_ft96_sl48_ll720_pl512_dm8_nh4_el1_dl512_df1_fctimeF_ebTrue_dtsparse_wcomp_projection_0/,./results/Traffic_pl720_latent_query_attention_entmax_entropy_ratio0p3_k258_seed2021_iTransformer_custom_M_ft96_sl48_ll720_pl512_dm8_nh4_el1_dl512_df1_fctimeF_ebTrue_dtsparse_wcomp_projection_0/weight_matrices,./results/sparse_attention_wcomp/plots/latent_query_attention_entmax_entropy/Traffic_pl720_latent_query_attention_entmax_entropy_ratio0p3_k258_seed2021_iTransformer_custom_M_ft96_sl48_ll720_pl512_dm8_nh4_el1_dl512_df1_fctimeF_ebTrue_dtsparse_wcomp_projection_0
Solar,96,MLP_attention,MLP_attention_softmax,,,0,MLP_attention,slot_learned_linear,learned_expand_linear,feature,,mse,1.0,True,1,137,137,137,14,14,0.1,14,0.1,0.10218978102189781,0.10218978102189781,14,14,0.10218978102189781,0.10218978102189781,41,False,8,0.0,1.0,scalar,1.0,1.0,1.0,4,False,False,ratio,,14,,137,14,0,0.10218978102189781,89.78102189781022,0.010442751345303427,98.95572486546965,test,True,0.22396726869669079,0.2554662960085629,0.47325180263438066,1.9287573757119736,26952.223321818277,0.01,0.0,0.0,0.0,0.0,0.01,0.0,0.0,122.92272424697876,11430,0.010754394072351597,92.98524800861571,175.99692273139954,3527660,150.51708984375,220.0,150.51708984375,1.0,0,softmax,1.5,0,0,3.1881861686706543,1.121400237083435,42.66645050048828,40.90948486328125,0.1538000851869583,0.5156795978546143,0.6627071499824524,0.34945055842399597,0.4681318700313568,0.48515453934669495,0.9494264721870422,1.0,0.9999999403953552,3.736149311065674,0.4361126124858856,0.0,0.0,0.0,0.0,none,persistence,1.0,0.0,none,1.0,0.0,success,2026-07-07 07:08:28,c2426e68ca13f74aaec08045c5c724d8ad328124,true,,,0,0,0,Solar,./dataset/Solar/,solar_AL.txt,none,t,2021,0,iTransformer,Solar_pl96_MLP_attention_softmax_ratio0p1_k14_seed2021,Solar_pl96_MLP_attention_softmax_ratio0p1_k14_seed2021_iTransformer_Solar_M_ft96_sl48_ll96_pl512_dm8_nh2_el1_dl512_df1_fctimeF_ebTrue_dtsparse_wcomp_projection_0,96,48,2,512,512,32,0.0005,10,3,0,True,./checkpoints/Solar_pl96_MLP_attention_softmax_ratio0p1_k14_seed2021_iTransformer_Solar_M_ft96_sl48_ll96_pl512_dm8_nh2_el1_dl512_df1_fctimeF_ebTrue_dtsparse_wcomp_projection_0,./results/Solar_pl96_MLP_attention_softmax_ratio0p1_k14_seed2021_iTransformer_Solar_M_ft96_sl48_ll96_pl512_dm8_nh2_el1_dl512_df1_fctimeF_ebTrue_dtsparse_wcomp_projection_0/,./results/Solar_pl96_MLP_attention_softmax_ratio0p1_k14_seed2021_iTransformer_Solar_M_ft96_sl48_ll96_pl512_dm8_nh2_el1_dl512_df1_fctimeF_ebTrue_dtsparse_wcomp_projection_0/weight_matrices,./results/sparse_attention_wcomp/plots/MLP_attention_softmax/Solar_pl96_MLP_attention_softmax_ratio0p1_k14_seed2021_iTransformer_Solar_M_ft96_sl48_ll96_pl512_dm8_nh2_el1_dl512_df1_fctimeF_ebTrue_dtsparse_wcomp_projection_0
Solar,96,MLP_attention,MLP_attention_softmax_entropy,,,0,MLP_attention,slot_learned_linear,learned_expand_linear,feature,,mse,1.0,True,1,137,137,137,14,14,0.1,14,0.1,0.10218978102189781,0.10218978102189781,14,14,0.10218978102189781,0.10218978102189781,41,False,8,0.0,1.0,scalar,1.0,1.0,1.0,4,False,False,ratio,,14,,137,14,0,0.10218978102189781,89.78102189781022,0.010442751345303427,98.95572486546965,test,True,0.22767335625874893,0.256763217599562,0.4771512928398591,1.970685433335668,28598.62159334703,0.01,0.0,0.0,0.0,0.001,0.01,0.001,0.0,131.12644219398499,11430,0.011472129675764216,87.1677734006598,187.00244307518005,3527660,150.98681640625,220.0,150.98681640625,1.0,0,softmax,1.5,0,0,2.851567268371582,0.7946327328681946,24.942270278930664,25.499216079711914,0.20293600857257843,0.611867368221283,0.7933818697929382,0.37362638115882874,0.47362637519836426,0.4537217915058136,0.994786262512207,1.0,0.9999999403953552,3.4492924213409424,0.45587724447250366,0.0,0.0,0.0,0.0,none,persistence,1.0,0.0,none,1.0,0.0,success,2026-07-07 07:11:37,c2426e68ca13f74aaec08045c5c724d8ad328124,true,,,0,0,0,Solar,./dataset/Solar/,solar_AL.txt,none,t,2021,0,iTransformer,Solar_pl96_MLP_attention_softmax_entropy_ratio0p1_k14_seed2021,Solar_pl96_MLP_attention_softmax_entropy_ratio0p1_k14_seed2021_iTransformer_Solar_M_ft96_sl48_ll96_pl512_dm8_nh2_el1_dl512_df1_fctimeF_ebTrue_dtsparse_wcomp_projection_0,96,48,2,512,512,32,0.0005,10,3,0,True,./checkpoints/Solar_pl96_MLP_attention_softmax_entropy_ratio0p1_k14_seed2021_iTransformer_Solar_M_ft96_sl48_ll96_pl512_dm8_nh2_el1_dl512_df1_fctimeF_ebTrue_dtsparse_wcomp_projection_0,./results/Solar_pl96_MLP_attention_softmax_entropy_ratio0p1_k14_seed2021_iTransformer_Solar_M_ft96_sl48_ll96_pl512_dm8_nh2_el1_dl512_df1_fctimeF_ebTrue_dtsparse_wcomp_projection_0/,./results/Solar_pl96_MLP_attention_softmax_entropy_ratio0p1_k14_seed2021_iTransformer_Solar_M_ft96_sl48_ll96_pl512_dm8_nh2_el1_dl512_df1_fctimeF_ebTrue_dtsparse_wcomp_projection_0/weight_matrices,./results/sparse_attention_wcomp/plots/MLP_attention_softmax_entropy/Solar_pl96_MLP_attention_softmax_entropy_ratio0p1_k14_seed2021_iTransformer_Solar_M_ft96_sl48_ll96_pl512_dm8_nh2_el1_dl512_df1_fctimeF_ebTrue_dtsparse_wcomp_projection_0
Solar,96,MLP_attention,MLP_attention_entmax,,,0,MLP_attention,slot_learned_linear,learned_expand_linear,feature,,mse,1.0,True,1,137,137,137,14,14,0.1,14,0.1,0.10218978102189781,0.10218978102189781,14,14,0.10218978102189781,0.10218978102189781,41,False,8,0.0,1.0,scalar,1.0,1.0,1.0,4,False,False,ratio,,14,,137,14,0,0.10218978102189781,89.78102189781022,0.010442751345303427,98.95572486546965,test,True,0.22221999776310875,0.24991349028342685,0.4714021613899418,1.9260488707804913,28906.276328918168,0.01,0.0,0.0,0.0,0.0,0.01,0.0,0.0,261.64827036857605,11430,0.02289136223697078,43.684599878680274,374.0610566139221,3527660,151.28271484375,222.0,151.28271484375,1.0,0,entmax15,1.5,0,0,2.410290479660034,0.526516854763031,13.398898124694824,10.875189781188965,0.16525140404701233,0.6640841364860535,0.9097779393196106,0.6131868362426758,0.7637363076210022,0.7499158382415771,0.1939520388841629,1.0,0.8390430808067322,2.9381282329559326,0.5625807642936707,0.0,0.0,0.0,0.0,none,persistence,1.0,0.0,none,1.0,0.0,success,2026-07-07 07:17:53,c2426e68ca13f74aaec08045c5c724d8ad328124,true,,,0,0,0,Solar,./dataset/Solar/,solar_AL.txt,none,t,2021,0,iTransformer,Solar_pl96_MLP_attention_entmax_ratio0p1_k14_seed2021,Solar_pl96_MLP_attention_entmax_ratio0p1_k14_seed2021_iTransformer_Solar_M_ft96_sl48_ll96_pl512_dm8_nh2_el1_dl512_df1_fctimeF_ebTrue_dtsparse_wcomp_projection_0,96,48,2,512,512,32,0.0005,10,3,0,True,./checkpoints/Solar_pl96_MLP_attention_entmax_ratio0p1_k14_seed2021_iTransformer_Solar_M_ft96_sl48_ll96_pl512_dm8_nh2_el1_dl512_df1_fctimeF_ebTrue_dtsparse_wcomp_projection_0,./results/Solar_pl96_MLP_attention_entmax_ratio0p1_k14_seed2021_iTransformer_Solar_M_ft96_sl48_ll96_pl512_dm8_nh2_el1_dl512_df1_fctimeF_ebTrue_dtsparse_wcomp_projection_0/,./results/Solar_pl96_MLP_attention_entmax_ratio0p1_k14_seed2021_iTransformer_Solar_M_ft96_sl48_ll96_pl512_dm8_nh2_el1_dl512_df1_fctimeF_ebTrue_dtsparse_wcomp_projection_0/weight_matrices,./results/sparse_attention_wcomp/plots/MLP_attention_entmax/Solar_pl96_MLP_attention_entmax_ratio0p1_k14_seed2021_iTransformer_Solar_M_ft96_sl48_ll96_pl512_dm8_nh2_el1_dl512_df1_fctimeF_ebTrue_dtsparse_wcomp_projection_0
Solar,96,MLP_attention,MLP_attention_entmax_entropy,,,0,MLP_attention,slot_learned_linear,learned_expand_linear,feature,,mse,1.0,True,1,137,137,137,14,14,0.1,14,0.1,0.10218978102189781,0.10218978102189781,14,14,0.10218978102189781,0.10218978102189781,41,False,8,0.0,1.0,scalar,1.0,1.0,1.0,4,False,False,ratio,,14,,137,14,0,0.10218978102189781,89.78102189781022,0.010442751345303427,98.95572486546965,test,True,0.226309537369472,0.2539347837458117,0.47572001993764357,1.9488299315073534,28525.114487482217,0.01,0.0,0.0,0.0,0.001,0.01,0.001,0.0,266.5482623577118,11430,0.02332005794905615,42.88154009670777,383.62166953086853,3527660,151.75244140625,220.0,151.75244140625,1.0,0,entmax15,1.5,0,0,2.4397408962249756,0.6262273192405701,14.786689758300781,13.727884292602539,0.1621343195438385,0.6445676684379578,0.8917168378829956,0.4769231081008911,0.571428656578064,0.5831009745597839,0.17883211374282837,1.0,0.8978102207183838,3.2656779289245605,0.45465216040611267,0.0,0.0,0.0,0.0,none,persistence,1.0,0.0,none,1.0,0.0,success,2026-07-07 07:24:19,c2426e68ca13f74aaec08045c5c724d8ad328124,true,,,0,0,0,Solar,./dataset/Solar/,solar_AL.txt,none,t,2021,0,iTransformer,Solar_pl96_MLP_attention_entmax_entropy_ratio0p1_k14_seed2021,Solar_pl96_MLP_attention_entmax_entropy_ratio0p1_k14_seed2021_iTransformer_Solar_M_ft96_sl48_ll96_pl512_dm8_nh2_el1_dl512_df1_fctimeF_ebTrue_dtsparse_wcomp_projection_0,96,48,2,512,512,32,0.0005,10,3,0,True,./checkpoints/Solar_pl96_MLP_attention_entmax_entropy_ratio0p1_k14_seed2021_iTransformer_Solar_M_ft96_sl48_ll96_pl512_dm8_nh2_el1_dl512_df1_fctimeF_ebTrue_dtsparse_wcomp_projection_0,./results/Solar_pl96_MLP_attention_entmax_entropy_ratio0p1_k14_seed2021_iTransformer_Solar_M_ft96_sl48_ll96_pl512_dm8_nh2_el1_dl512_df1_fctimeF_ebTrue_dtsparse_wcomp_projection_0/,./results/Solar_pl96_MLP_attention_entmax_entropy_ratio0p1_k14_seed2021_iTransformer_Solar_M_ft96_sl48_ll96_pl512_dm8_nh2_el1_dl512_df1_fctimeF_ebTrue_dtsparse_wcomp_projection_0/weight_matrices,./results/sparse_attention_wcomp/plots/MLP_attention_entmax_entropy/Solar_pl96_MLP_attention_entmax_entropy_ratio0p1_k14_seed2021_iTransformer_Solar_M_ft96_sl48_ll96_pl512_dm8_nh2_el1_dl512_df1_fctimeF_ebTrue_dtsparse_wcomp_projection_0
Solar,96,latent_query_attention,latent_query_attention_softmax,,,0,latent_query_attention,slot_learned_linear,learned_expand_linear,feature,,mse,1.0,True,1,137,137,137,14,14,0.1,14,0.1,0.10218978102189781,0.10218978102189781,14,14,0.10218978102189781,0.10218978102189781,41,False,8,0.0,1.0,scalar,1.0,1.0,1.0,4,False,False,ratio,,14,,137,14,0,0.10218978102189781,89.78102189781022,0.010442751345303427,98.95572486546965,test,True,0.23172302708458234,0.2641202609886151,0.48137618042917574,2.013350948056201,32149.712344080708,0.01,0.0,0.0,0.0,0.0,0.01,0.0,0.0,125.54385733604431,11430,0.010983714552584805,91.04388093959246,179.57304668426514,3789278,153.509765625,224.0,153.509765625,1.0,0,softmax,1.5,0,0,3.4243662357330322,1.5144281387329102,64.27217864990234,50.571144104003906,0.28722941875457764,0.4384475648403168,0.5052141547203064,0.22637364268302917,0.2846153974533081,0.40006324648857117,1.0,1.0,0.9999999403953552,3.799659013748169,0.4203619360923767,0.0,0.0,0.0,0.0,none,persistence,1.0,0.0,none,1.0,0.0,success,2026-07-07 07:27:21,c2426e68ca13f74aaec08045c5c724d8ad328124,true,,,0,0,0,Solar,./dataset/Solar/,solar_AL.txt,none,t,2021,0,iTransformer,Solar_pl96_latent_query_attention_softmax_ratio0p1_k14_seed2021,Solar_pl96_latent_query_attention_softmax_ratio0p1_k14_seed2021_iTransformer_Solar_M_ft96_sl48_ll96_pl512_dm8_nh2_el1_dl512_df1_fctimeF_ebTrue_dtsparse_wcomp_projection_0,96,48,2,512,512,32,0.0005,10,3,0,True,./checkpoints/Solar_pl96_latent_query_attention_softmax_ratio0p1_k14_seed2021_iTransformer_Solar_M_ft96_sl48_ll96_pl512_dm8_nh2_el1_dl512_df1_fctimeF_ebTrue_dtsparse_wcomp_projection_0,./results/Solar_pl96_latent_query_attention_softmax_ratio0p1_k14_seed2021_iTransformer_Solar_M_ft96_sl48_ll96_pl512_dm8_nh2_el1_dl512_df1_fctimeF_ebTrue_dtsparse_wcomp_projection_0/,./results/Solar_pl96_latent_query_attention_softmax_ratio0p1_k14_seed2021_iTransformer_Solar_M_ft96_sl48_ll96_pl512_dm8_nh2_el1_dl512_df1_fctimeF_ebTrue_dtsparse_wcomp_projection_0/weight_matrices,./results/sparse_attention_wcomp/plots/latent_query_attention_softmax/Solar_pl96_latent_query_attention_softmax_ratio0p1_k14_seed2021_iTransformer_Solar_M_ft96_sl48_ll96_pl512_dm8_nh2_el1_dl512_df1_fctimeF_ebTrue_dtsparse_wcomp_projection_0
Solar,96,latent_query_attention,latent_query_attention_softmax_entropy,,,0,latent_query_attention,slot_learned_linear,learned_expand_linear,feature,,mse,1.0,True,1,137,137,137,14,14,0.1,14,0.1,0.10218978102189781,0.10218978102189781,14,14,0.10218978102189781,0.10218978102189781,41,False,8,0.0,1.0,scalar,1.0,1.0,1.0,4,False,False,ratio,,14,,137,14,0,0.10218978102189781,89.78102189781022,0.010442751345303427,98.95572486546965,test,True,0.23318570737333208,0.2652771814368078,0.4828930599763597,2.02471197247273,32336.45670099359,0.01,0.0,0.0,0.0,0.001,0.01,0.001,0.0,128.020010471344,11430,0.011200350872383552,89.28291724018013,182.73948645591736,3789278,153.9794921875,226.0,153.9794921875,1.0,0,softmax,1.5,0,0,3.7976856231689453,1.2403547763824463,72.22631072998047,46.22529983520508,0.2145325392484665,0.36452600359916687,0.4439961016178131,0.19780220091342926,0.2626373767852783,0.4193572402000427,1.0,1.0,0.9999999403953552,4.135243892669678,0.33506807684898376,0.0,0.0,0.0,0.0,none,persistence,1.0,0.0,none,1.0,0.0,success,2026-07-07 07:30:26,c2426e68ca13f74aaec08045c5c724d8ad328124,true,,,0,0,0,Solar,./dataset/Solar/,solar_AL.txt,none,t,2021,0,iTransformer,Solar_pl96_latent_query_attention_softmax_entropy_ratio0p1_k14_seed2021,Solar_pl96_latent_query_attention_softmax_entropy_ratio0p1_k14_seed2021_iTransformer_Solar_M_ft96_sl48_ll96_pl512_dm8_nh2_el1_dl512_df1_fctimeF_ebTrue_dtsparse_wcomp_projection_0,96,48,2,512,512,32,0.0005,10,3,0,True,./checkpoints/Solar_pl96_latent_query_attention_softmax_entropy_ratio0p1_k14_seed2021_iTransformer_Solar_M_ft96_sl48_ll96_pl512_dm8_nh2_el1_dl512_df1_fctimeF_ebTrue_dtsparse_wcomp_projection_0,./results/Solar_pl96_latent_query_attention_softmax_entropy_ratio0p1_k14_seed2021_iTransformer_Solar_M_ft96_sl48_ll96_pl512_dm8_nh2_el1_dl512_df1_fctimeF_ebTrue_dtsparse_wcomp_projection_0/,./results/Solar_pl96_latent_query_attention_softmax_entropy_ratio0p1_k14_seed2021_iTransformer_Solar_M_ft96_sl48_ll96_pl512_dm8_nh2_el1_dl512_df1_fctimeF_ebTrue_dtsparse_wcomp_projection_0/weight_matrices,./results/sparse_attention_wcomp/plots/latent_query_attention_softmax_entropy/Solar_pl96_latent_query_attention_softmax_entropy_ratio0p1_k14_seed2021_iTransformer_Solar_M_ft96_sl48_ll96_pl512_dm8_nh2_el1_dl512_df1_fctimeF_ebTrue_dtsparse_wcomp_projection_0
Solar,96,latent_query_attention,latent_query_attention_entmax,,,0,latent_query_attention,slot_learned_linear,learned_expand_linear,feature,,mse,1.0,True,1,137,137,137,14,14,0.1,14,0.1,0.10218978102189781,0.10218978102189781,14,14,0.10218978102189781,0.10218978102189781,41,False,8,0.0,1.0,scalar,1.0,1.0,1.0,4,False,False,ratio,,14,,137,14,0,0.10218978102189781,89.78102189781022,0.010442751345303427,98.95572486546965,test,True,0.22980597805188327,0.2635098160279109,0.4793808277892257,2.0270941385882377,32414.057930299943,0.01,0.0,0.0,0.0,0.0,0.01,0.0,0.0,263.69956374168396,11430,0.023070827973900608,43.344781606072935,379.4035654067993,3789278,154.275390625,226.0,154.275390625,1.0,0,entmax15,1.5,0,0,3.7352802753448486,1.050062894821167,59.76896667480469,36.34726333618164,0.14045371115207672,0.3658716380596161,0.48272714018821716,0.21978022158145905,0.2142857164144516,0.3719616234302521,0.7867570519447327,1.0,0.9999999403953552,4.226014614105225,0.3067787289619446,0.0,0.0,0.0,0.0,none,persistence,1.0,0.0,none,1.0,0.0,success,2026-07-07 07:36:48,c2426e68ca13f74aaec08045c5c724d8ad328124,true,,,0,0,0,Solar,./dataset/Solar/,solar_AL.txt,none,t,2021,0,iTransformer,Solar_pl96_latent_query_attention_entmax_ratio0p1_k14_seed2021,Solar_pl96_latent_query_attention_entmax_ratio0p1_k14_seed2021_iTransformer_Solar_M_ft96_sl48_ll96_pl512_dm8_nh2_el1_dl512_df1_fctimeF_ebTrue_dtsparse_wcomp_projection_0,96,48,2,512,512,32,0.0005,10,3,0,True,./checkpoints/Solar_pl96_latent_query_attention_entmax_ratio0p1_k14_seed2021_iTransformer_Solar_M_ft96_sl48_ll96_pl512_dm8_nh2_el1_dl512_df1_fctimeF_ebTrue_dtsparse_wcomp_projection_0,./results/Solar_pl96_latent_query_attention_entmax_ratio0p1_k14_seed2021_iTransformer_Solar_M_ft96_sl48_ll96_pl512_dm8_nh2_el1_dl512_df1_fctimeF_ebTrue_dtsparse_wcomp_projection_0/,./results/Solar_pl96_latent_query_attention_entmax_ratio0p1_k14_seed2021_iTransformer_Solar_M_ft96_sl48_ll96_pl512_dm8_nh2_el1_dl512_df1_fctimeF_ebTrue_dtsparse_wcomp_projection_0/weight_matrices,./results/sparse_attention_wcomp/plots/latent_query_attention_entmax/Solar_pl96_latent_query_attention_entmax_ratio0p1_k14_seed2021_iTransformer_Solar_M_ft96_sl48_ll96_pl512_dm8_nh2_el1_dl512_df1_fctimeF_ebTrue_dtsparse_wcomp_projection_0
Solar,96,latent_query_attention,latent_query_attention_entmax_entropy,,,0,latent_query_attention,slot_learned_linear,learned_expand_linear,feature,,mse,1.0,True,1,137,137,137,14,14,0.1,14,0.1,0.10218978102189781,0.10218978102189781,14,14,0.10218978102189781,0.10218978102189781,41,False,8,0.0,1.0,scalar,1.0,1.0,1.0,4,False,False,ratio,,14,,137,14,0,0.10218978102189781,89.78102189781022,0.010442751345303427,98.95572486546965,test,True,0.23630835267286057,0.26745734429400553,0.4861155754271412,2.0806998440304567,34127.86281907588,0.01,0.0,0.0,0.0,0.001,0.01,0.001,0.0,260.59676909446716,11430,0.02279936737484402,43.860866117862685,372.552937746048,3789278,154.7451171875,226.0,154.7451171875,1.0,0,entmax15,1.5,0,0,3.8257038593292236,1.1835768222808838,70.45183563232422,42.20894241333008,0.11895649135112762,0.3295808434486389,0.4370347857475281,0.12307693809270859,0.18131868541240692,0.3798946142196655,0.7492179274559021,1.0,0.9999999403953552,4.322628974914551,0.27912402153015137,0.0,0.0,0.0,0.0,none,persistence,1.0,0.0,none,1.0,0.0,success,2026-07-07 07:43:02,c2426e68ca13f74aaec08045c5c724d8ad328124,true,,,0,0,0,Solar,./dataset/Solar/,solar_AL.txt,none,t,2021,0,iTransformer,Solar_pl96_latent_query_attention_entmax_entropy_ratio0p1_k14_seed2021,Solar_pl96_latent_query_attention_entmax_entropy_ratio0p1_k14_seed2021_iTransformer_Solar_M_ft96_sl48_ll96_pl512_dm8_nh2_el1_dl512_df1_fctimeF_ebTrue_dtsparse_wcomp_projection_0,96,48,2,512,512,32,0.0005,10,3,0,True,./checkpoints/Solar_pl96_latent_query_attention_entmax_entropy_ratio0p1_k14_seed2021_iTransformer_Solar_M_ft96_sl48_ll96_pl512_dm8_nh2_el1_dl512_df1_fctimeF_ebTrue_dtsparse_wcomp_projection_0,./results/Solar_pl96_latent_query_attention_entmax_entropy_ratio0p1_k14_seed2021_iTransformer_Solar_M_ft96_sl48_ll96_pl512_dm8_nh2_el1_dl512_df1_fctimeF_ebTrue_dtsparse_wcomp_projection_0/,./results/Solar_pl96_latent_query_attention_entmax_entropy_ratio0p1_k14_seed2021_iTransformer_Solar_M_ft96_sl48_ll96_pl512_dm8_nh2_el1_dl512_df1_fctimeF_ebTrue_dtsparse_wcomp_projection_0/weight_matrices,./results/sparse_attention_wcomp/plots/latent_query_attention_entmax_entropy/Solar_pl96_latent_query_attention_entmax_entropy_ratio0p1_k14_seed2021_iTransformer_Solar_M_ft96_sl48_ll96_pl512_dm8_nh2_el1_dl512_df1_fctimeF_ebTrue_dtsparse_wcomp_projection_0
Solar,96,MLP_attention,MLP_attention_softmax,,,0,MLP_attention,slot_learned_linear,learned_expand_linear,feature,,mse,1.0,True,1,137,137,137,41,41,0.3,41,0.3,0.29927007299270075,0.29927007299270075,41,41,0.29927007299270075,0.29927007299270075,41,False,8,0.0,1.0,scalar,1.0,1.0,1.0,4,False,False,ratio,,41,,137,41,0,0.29927007299270075,70.07299270072993,0.08956257658905643,91.04374234109436,test,True,0.22298059412277413,0.25044216756971244,0.4722082105626438,1.9445181963799987,30512.05318835764,0.01,0.0,0.0,0.0,0.0,0.01,0.0,0.0,116.82709121704102,10287,0.01135676982765053,88.05320660504029,171.15933084487915,3545210,201.36767578125,264.0,201.36767578125,1.0,0,softmax,1.5,0,0,2.7643117904663086,1.2674965858459473,35.67644500732422,44.038963317871094,0.20644144713878632,0.6186167597770691,0.749725878238678,0.47804877161979675,0.6001219153404236,0.5516977310180664,0.8006053566932678,1.0,0.9999999403953552,3.519775390625,0.498529314994812,0.0,0.0,0.0,0.0,none,persistence,1.0,0.0,none,1.0,0.0,success,2026-07-07 07:45:56,c2426e68ca13f74aaec08045c5c724d8ad328124,true,,,0,0,0,Solar,./dataset/Solar/,solar_AL.txt,none,t,2021,0,iTransformer,Solar_pl96_MLP_attention_softmax_ratio0p3_k41_seed2021,Solar_pl96_MLP_attention_softmax_ratio0p3_k41_seed2021_iTransformer_Solar_M_ft96_sl48_ll96_pl512_dm8_nh2_el1_dl512_df1_fctimeF_ebTrue_dtsparse_wcomp_projection_0,96,48,2,512,512,32,0.0005,10,3,0,True,./checkpoints/Solar_pl96_MLP_attention_softmax_ratio0p3_k41_seed2021_iTransformer_Solar_M_ft96_sl48_ll96_pl512_dm8_nh2_el1_dl512_df1_fctimeF_ebTrue_dtsparse_wcomp_projection_0,./results/Solar_pl96_MLP_attention_softmax_ratio0p3_k41_seed2021_iTransformer_Solar_M_ft96_sl48_ll96_pl512_dm8_nh2_el1_dl512_df1_fctimeF_ebTrue_dtsparse_wcomp_projection_0/,./results/Solar_pl96_MLP_attention_softmax_ratio0p3_k41_seed2021_iTransformer_Solar_M_ft96_sl48_ll96_pl512_dm8_nh2_el1_dl512_df1_fctimeF_ebTrue_dtsparse_wcomp_projection_0/weight_matrices,./results/sparse_attention_wcomp/plots/MLP_attention_softmax/Solar_pl96_MLP_attention_softmax_ratio0p3_k41_seed2021_iTransformer_Solar_M_ft96_sl48_ll96_pl512_dm8_nh2_el1_dl512_df1_fctimeF_ebTrue_dtsparse_wcomp_projection_0
Solar,96,MLP_attention,MLP_attention_softmax_entropy,,,0,MLP_attention,slot_learned_linear,learned_expand_linear,feature,,mse,1.0,True,1,137,137,137,41,41,0.3,41,0.3,0.29927007299270075,0.29927007299270075,41,41,0.29927007299270075,0.29927007299270075,41,False,8,0.0,1.0,scalar,1.0,1.0,1.0,4,False,False,ratio,,41,,137,41,0,0.29927007299270075,70.07299270072993,0.08956257658905643,91.04374234109436,test,True,0.22167793372456898,0.2504935311303977,0.47082686172792754,1.9309027186414724,29971.8818066381,0.01,0.0,0.0,0.0,0.001,0.01,0.001,0.0,121.21376180648804,10287,0.011783198386943524,84.86660133873828,176.21308946609497,3545210,202.74072265625,266.0,202.74072265625,1.0,0,softmax,1.5,0,0,2.3938026428222656,1.182172179222107,24.046607971191406,35.6199951171875,0.2766312062740326,0.7025761008262634,0.8220819234848022,0.467804878950119,0.6167073249816895,0.49946245551109314,0.7420331239700317,1.0,0.9999999403953552,3.328373670578003,0.5277473330497742,0.0,0.0,0.0,0.0,none,persistence,1.0,0.0,none,1.0,0.0,success,2026-07-07 07:48:54,c2426e68ca13f74aaec08045c5c724d8ad328124,true,,,0,0,0,Solar,./dataset/Solar/,solar_AL.txt,none,t,2021,0,iTransformer,Solar_pl96_MLP_attention_softmax_entropy_ratio0p3_k41_seed2021,Solar_pl96_MLP_attention_softmax_entropy_ratio0p3_k41_seed2021_iTransformer_Solar_M_ft96_sl48_ll96_pl512_dm8_nh2_el1_dl512_df1_fctimeF_ebTrue_dtsparse_wcomp_projection_0,96,48,2,512,512,32,0.0005,10,3,0,True,./checkpoints/Solar_pl96_MLP_attention_softmax_entropy_ratio0p3_k41_seed2021_iTransformer_Solar_M_ft96_sl48_ll96_pl512_dm8_nh2_el1_dl512_df1_fctimeF_ebTrue_dtsparse_wcomp_projection_0,./results/Solar_pl96_MLP_attention_softmax_entropy_ratio0p3_k41_seed2021_iTransformer_Solar_M_ft96_sl48_ll96_pl512_dm8_nh2_el1_dl512_df1_fctimeF_ebTrue_dtsparse_wcomp_projection_0/,./results/Solar_pl96_MLP_attention_softmax_entropy_ratio0p3_k41_seed2021_iTransformer_Solar_M_ft96_sl48_ll96_pl512_dm8_nh2_el1_dl512_df1_fctimeF_ebTrue_dtsparse_wcomp_projection_0/weight_matrices,./results/sparse_attention_wcomp/plots/MLP_attention_softmax_entropy/Solar_pl96_MLP_attention_softmax_entropy_ratio0p3_k41_seed2021_iTransformer_Solar_M_ft96_sl48_ll96_pl512_dm8_nh2_el1_dl512_df1_fctimeF_ebTrue_dtsparse_wcomp_projection_0
Solar,96,MLP_attention,MLP_attention_entmax,,,0,MLP_attention,slot_learned_linear,learned_expand_linear,feature,,mse,1.0,True,1,137,137,137,41,41,0.3,41,0.3,0.29927007299270075,0.29927007299270075,41,41,0.29927007299270075,0.29927007299270075,41,False,8,0.0,1.0,scalar,1.0,1.0,1.0,4,False,False,ratio,,41,,137,41,0,0.29927007299270075,70.07299270072993,0.08956257658905643,91.04374234109436,test,True,0.22249637059433747,0.2518104206669879,0.47169520942483345,1.9182547703024613,29462.547267101898,0.01,0.0,0.0,0.0,0.0,0.01,0.0,0.0,241.6589961051941,10287,0.023491688160318276,42.56824767873351,357.2959327697754,3545210,203.6123046875,264.0,203.6123046875,1.0,0,entmax15,1.5,0,0,2.546970844268799,0.7134706974029541,17.929534912109375,20.173032760620117,0.17774374783039093,0.6059989929199219,0.8482107520103455,0.415609747171402,0.6304877996444702,0.5779780745506287,0.21684174239635468,1.0,0.9999999403953552,3.3599627017974854,0.43431803584098816,0.0,0.0,0.0,0.0,none,persistence,1.0,0.0,none,1.0,0.0,success,2026-07-07 07:54:54,c2426e68ca13f74aaec08045c5c724d8ad328124,true,,,0,0,0,Solar,./dataset/Solar/,solar_AL.txt,none,t,2021,0,iTransformer,Solar_pl96_MLP_attention_entmax_ratio0p3_k41_seed2021,Solar_pl96_MLP_attention_entmax_ratio0p3_k41_seed2021_iTransformer_Solar_M_ft96_sl48_ll96_pl512_dm8_nh2_el1_dl512_df1_fctimeF_ebTrue_dtsparse_wcomp_projection_0,96,48,2,512,512,32,0.0005,10,3,0,True,./checkpoints/Solar_pl96_MLP_attention_entmax_ratio0p3_k41_seed2021_iTransformer_Solar_M_ft96_sl48_ll96_pl512_dm8_nh2_el1_dl512_df1_fctimeF_ebTrue_dtsparse_wcomp_projection_0,./results/Solar_pl96_MLP_attention_entmax_ratio0p3_k41_seed2021_iTransformer_Solar_M_ft96_sl48_ll96_pl512_dm8_nh2_el1_dl512_df1_fctimeF_ebTrue_dtsparse_wcomp_projection_0/,./results/Solar_pl96_MLP_attention_entmax_ratio0p3_k41_seed2021_iTransformer_Solar_M_ft96_sl48_ll96_pl512_dm8_nh2_el1_dl512_df1_fctimeF_ebTrue_dtsparse_wcomp_projection_0/weight_matrices,./results/sparse_attention_wcomp/plots/MLP_attention_entmax/Solar_pl96_MLP_attention_entmax_ratio0p3_k41_seed2021_iTransformer_Solar_M_ft96_sl48_ll96_pl512_dm8_nh2_el1_dl512_df1_fctimeF_ebTrue_dtsparse_wcomp_projection_0
Solar,96,MLP_attention,MLP_attention_entmax_entropy,,,0,MLP_attention,slot_learned_linear,learned_expand_linear,feature,,mse,1.0,True,1,137,137,137,41,41,0.3,41,0.3,0.29927007299270075,0.29927007299270075,41,41,0.29927007299270075,0.29927007299270075,41,False,8,0.0,1.0,scalar,1.0,1.0,1.0,4,False,False,ratio,,41,,137,41,0,0.29927007299270075,70.07299270072993,0.08956257658905643,91.04374234109436,test,True,0.21939792307259576,0.24948208345772868,0.46839932010261903,1.9132515810090884,29930.863245840654,0.01,0.0,0.0,0.0,0.001,0.01,0.001,0.0,238.80960249900818,10287,0.023214698405658422,43.07615729163455,351.10300302505493,3545210,204.9853515625,264.0,204.9853515625,1.0,0,entmax15,1.5,0,0,2.5543391704559326,0.7959189414978027,19.54140853881836,23.644685745239258,0.17307336628437042,0.6187264919281006,0.8414138555526733,0.393902450799942,0.5746341347694397,0.5277124643325806,0.23660317063331604,1.0,0.9999999403953552,3.550299644470215,0.412545382976532,0.0,0.0,0.0,0.0,none,persistence,1.0,0.0,none,1.0,0.0,success,2026-07-07 08:00:47,c2426e68ca13f74aaec08045c5c724d8ad328124,true,,,0,0,0,Solar,./dataset/Solar/,solar_AL.txt,none,t,2021,0,iTransformer,Solar_pl96_MLP_attention_entmax_entropy_ratio0p3_k41_seed2021,Solar_pl96_MLP_attention_entmax_entropy_ratio0p3_k41_seed2021_iTransformer_Solar_M_ft96_sl48_ll96_pl512_dm8_nh2_el1_dl512_df1_fctimeF_ebTrue_dtsparse_wcomp_projection_0,96,48,2,512,512,32,0.0005,10,3,0,True,./checkpoints/Solar_pl96_MLP_attention_entmax_entropy_ratio0p3_k41_seed2021_iTransformer_Solar_M_ft96_sl48_ll96_pl512_dm8_nh2_el1_dl512_df1_fctimeF_ebTrue_dtsparse_wcomp_projection_0,./results/Solar_pl96_MLP_attention_entmax_entropy_ratio0p3_k41_seed2021_iTransformer_Solar_M_ft96_sl48_ll96_pl512_dm8_nh2_el1_dl512_df1_fctimeF_ebTrue_dtsparse_wcomp_projection_0/,./results/Solar_pl96_MLP_attention_entmax_entropy_ratio0p3_k41_seed2021_iTransformer_Solar_M_ft96_sl48_ll96_pl512_dm8_nh2_el1_dl512_df1_fctimeF_ebTrue_dtsparse_wcomp_projection_0/weight_matrices,./results/sparse_attention_wcomp/plots/MLP_attention_entmax_entropy/Solar_pl96_MLP_attention_entmax_entropy_ratio0p3_k41_seed2021_iTransformer_Solar_M_ft96_sl48_ll96_pl512_dm8_nh2_el1_dl512_df1_fctimeF_ebTrue_dtsparse_wcomp_projection_0
Solar,96,latent_query_attention,latent_query_attention_softmax,,,0,latent_query_attention,slot_learned_linear,learned_expand_linear,feature,,mse,1.0,True,1,137,137,137,41,41,0.3,41,0.3,0.29927007299270075,0.29927007299270075,41,41,0.29927007299270075,0.29927007299270075,41,False,8,0.0,1.0,scalar,1.0,1.0,1.0,4,False,False,ratio,,41,,137,41,0,0.29927007299270075,70.07299270072993,0.08956257658905643,91.04374234109436,test,True,0.22993543018742194,0.25904590828572227,0.47951582892269773,2.0913210897033783,35821.23625914084,0.01,0.0,0.0,0.0,0.0,0.01,0.0,0.0,120.50275802612305,10287,0.011714081658999032,85.36734070244222,173.83918285369873,3806801,204.3603515625,272.0,204.3603515625,1.0,0,softmax,1.5,0,0,4.071878433227539,0.9579862952232361,78.90188598632812,42.099761962890625,0.18956837058067322,0.30820539593696594,0.38126376271247864,0.2802439033985138,0.2879268229007721,0.5003503561019897,1.0,1.0,0.9999999403953552,4.231505870819092,0.3124145269393921,0.0,0.0,0.0,0.0,none,persistence,1.0,0.0,none,1.0,0.0,success,2026-07-07 08:03:43,c2426e68ca13f74aaec08045c5c724d8ad328124,true,,,0,0,0,Solar,./dataset/Solar/,solar_AL.txt,none,t,2021,0,iTransformer,Solar_pl96_latent_query_attention_softmax_ratio0p3_k41_seed2021,Solar_pl96_latent_query_attention_softmax_ratio0p3_k41_seed2021_iTransformer_Solar_M_ft96_sl48_ll96_pl512_dm8_nh2_el1_dl512_df1_fctimeF_ebTrue_dtsparse_wcomp_projection_0,96,48,2,512,512,32,0.0005,10,3,0,True,./checkpoints/Solar_pl96_latent_query_attention_softmax_ratio0p3_k41_seed2021_iTransformer_Solar_M_ft96_sl48_ll96_pl512_dm8_nh2_el1_dl512_df1_fctimeF_ebTrue_dtsparse_wcomp_projection_0,./results/Solar_pl96_latent_query_attention_softmax_ratio0p3_k41_seed2021_iTransformer_Solar_M_ft96_sl48_ll96_pl512_dm8_nh2_el1_dl512_df1_fctimeF_ebTrue_dtsparse_wcomp_projection_0/,./results/Solar_pl96_latent_query_attention_softmax_ratio0p3_k41_seed2021_iTransformer_Solar_M_ft96_sl48_ll96_pl512_dm8_nh2_el1_dl512_df1_fctimeF_ebTrue_dtsparse_wcomp_projection_0/weight_matrices,./results/sparse_attention_wcomp/plots/latent_query_attention_softmax/Solar_pl96_latent_query_attention_softmax_ratio0p3_k41_seed2021_iTransformer_Solar_M_ft96_sl48_ll96_pl512_dm8_nh2_el1_dl512_df1_fctimeF_ebTrue_dtsparse_wcomp_projection_0
Solar,96,latent_query_attention,latent_query_attention_softmax_entropy,,,0,latent_query_attention,slot_learned_linear,learned_expand_linear,feature,,mse,1.0,True,1,137,137,137,41,41,0.3,41,0.3,0.29927007299270075,0.29927007299270075,41,41,0.29927007299270075,0.29927007299270075,41,False,8,0.0,1.0,scalar,1.0,1.0,1.0,4,False,False,ratio,,41,,137,41,0,0.29927007299270075,70.07299270072993,0.08956257658905643,91.04374234109436,test,True,0.22844229350759468,0.25847269329213723,0.4779563719709098,2.088059829205285,35664.93799512501,0.01,0.0,0.0,0.0,0.001,0.01,0.001,0.0,127.36654758453369,10287,0.012381311129049645,80.766890483331,181.92740988731384,3806801,205.7333984375,270.0,205.7333984375,1.0,0,softmax,1.5,0,0,3.969350576400757,1.1043673753738403,76.03274536132812,43.70143127441406,0.20401667058467865,0.32999417185783386,0.40098026394844055,0.30341464281082153,0.3100000023841858,0.4908832013607025,1.0,1.0,0.9999999403953552,4.20055627822876,0.31854525208473206,0.0,0.0,0.0,0.0,none,persistence,1.0,0.0,none,1.0,0.0,success,2026-07-07 08:06:48,c2426e68ca13f74aaec08045c5c724d8ad328124,true,,,0,0,0,Solar,./dataset/Solar/,solar_AL.txt,none,t,2021,0,iTransformer,Solar_pl96_latent_query_attention_softmax_entropy_ratio0p3_k41_seed2021,Solar_pl96_latent_query_attention_softmax_entropy_ratio0p3_k41_seed2021_iTransformer_Solar_M_ft96_sl48_ll96_pl512_dm8_nh2_el1_dl512_df1_fctimeF_ebTrue_dtsparse_wcomp_projection_0,96,48,2,512,512,32,0.0005,10,3,0,True,./checkpoints/Solar_pl96_latent_query_attention_softmax_entropy_ratio0p3_k41_seed2021_iTransformer_Solar_M_ft96_sl48_ll96_pl512_dm8_nh2_el1_dl512_df1_fctimeF_ebTrue_dtsparse_wcomp_projection_0,./results/Solar_pl96_latent_query_attention_softmax_entropy_ratio0p3_k41_seed2021_iTransformer_Solar_M_ft96_sl48_ll96_pl512_dm8_nh2_el1_dl512_df1_fctimeF_ebTrue_dtsparse_wcomp_projection_0/,./results/Solar_pl96_latent_query_attention_softmax_entropy_ratio0p3_k41_seed2021_iTransformer_Solar_M_ft96_sl48_ll96_pl512_dm8_nh2_el1_dl512_df1_fctimeF_ebTrue_dtsparse_wcomp_projection_0/weight_matrices,./results/sparse_attention_wcomp/plots/latent_query_attention_softmax_entropy/Solar_pl96_latent_query_attention_softmax_entropy_ratio0p3_k41_seed2021_iTransformer_Solar_M_ft96_sl48_ll96_pl512_dm8_nh2_el1_dl512_df1_fctimeF_ebTrue_dtsparse_wcomp_projection_0
Solar,96,latent_query_attention,latent_query_attention_entmax,,,0,latent_query_attention,slot_learned_linear,learned_expand_linear,feature,,mse,1.0,True,1,137,137,137,41,41,0.3,41,0.3,0.29927007299270075,0.29927007299270075,41,41,0.29927007299270075,0.29927007299270075,41,False,8,0.0,1.0,scalar,1.0,1.0,1.0,4,False,False,ratio,,41,,137,41,0,0.29927007299270075,70.07299270072993,0.08956257658905643,91.04374234109436,test,True,0.226218121892312,0.25512322714093755,0.4756239290577294,2.041214778718269,33427.59235199017,0.01,0.0,0.0,0.0,0.0,0.01,0.0,0.0,239.64396119117737,10287,0.023295806473333076,42.92618077612849,353.4463095664978,3806801,206.60498046875,270.0,206.60498046875,1.0,0,entmax15,1.5,0,0,3.6582298278808594,1.1184990406036377,60.842437744140625,41.52531814575195,0.13726043701171875,0.36028116941452026,0.4870307147502899,0.16512194275856018,0.2125609815120697,0.38059183955192566,0.6371728777885437,1.0,0.9999999403953552,4.43479585647583,0.2526763677597046,0.0,0.0,0.0,0.0,none,persistence,1.0,0.0,none,1.0,0.0,success,2026-07-07 08:12:43,c2426e68ca13f74aaec08045c5c724d8ad328124,true,,,0,0,0,Solar,./dataset/Solar/,solar_AL.txt,none,t,2021,0,iTransformer,Solar_pl96_latent_query_attention_entmax_ratio0p3_k41_seed2021,Solar_pl96_latent_query_attention_entmax_ratio0p3_k41_seed2021_iTransformer_Solar_M_ft96_sl48_ll96_pl512_dm8_nh2_el1_dl512_df1_fctimeF_ebTrue_dtsparse_wcomp_projection_0,96,48,2,512,512,32,0.0005,10,3,0,True,./checkpoints/Solar_pl96_latent_query_attention_entmax_ratio0p3_k41_seed2021_iTransformer_Solar_M_ft96_sl48_ll96_pl512_dm8_nh2_el1_dl512_df1_fctimeF_ebTrue_dtsparse_wcomp_projection_0,./results/Solar_pl96_latent_query_attention_entmax_ratio0p3_k41_seed2021_iTransformer_Solar_M_ft96_sl48_ll96_pl512_dm8_nh2_el1_dl512_df1_fctimeF_ebTrue_dtsparse_wcomp_projection_0/,./results/Solar_pl96_latent_query_attention_entmax_ratio0p3_k41_seed2021_iTransformer_Solar_M_ft96_sl48_ll96_pl512_dm8_nh2_el1_dl512_df1_fctimeF_ebTrue_dtsparse_wcomp_projection_0/weight_matrices,./results/sparse_attention_wcomp/plots/latent_query_attention_entmax/Solar_pl96_latent_query_attention_entmax_ratio0p3_k41_seed2021_iTransformer_Solar_M_ft96_sl48_ll96_pl512_dm8_nh2_el1_dl512_df1_fctimeF_ebTrue_dtsparse_wcomp_projection_0
Solar,96,latent_query_attention,latent_query_attention_entmax_entropy,,,0,latent_query_attention,slot_learned_linear,learned_expand_linear,feature,,mse,1.0,True,1,137,137,137,41,41,0.3,41,0.3,0.29927007299270075,0.29927007299270075,41,41,0.29927007299270075,0.29927007299270075,41,False,8,0.0,1.0,scalar,1.0,1.0,1.0,4,False,False,ratio,,41,,137,41,0,0.29927007299270075,70.07299270072993,0.08956257658905643,91.04374234109436,test,True,0.22945055131461972,0.25660372783662383,0.4790099699532565,2.05920017912818,34407.677674803344,0.01,0.0,0.0,0.0,0.001,0.01,0.001,0.0,242.29601883888245,10287,0.023553613185465387,42.45633109985377,354.69665932655334,3806801,207.97802734375,270.0,207.97802734375,1.0,0,entmax15,1.5,0,0,3.5163378715515137,1.0626085996627808,52.43861770629883,39.714256286621094,0.14078283309936523,0.4032033085823059,0.535289466381073,0.17024390399456024,0.20219513773918152,0.3485502302646637,0.621684193611145,1.0,0.9999999403953552,4.246682167053223,0.31112900376319885,0.0,0.0,0.0,0.0,none,persistence,1.0,0.0,none,1.0,0.0,success,2026-07-07 08:18:40,c2426e68ca13f74aaec08045c5c724d8ad328124,true,,,0,0,0,Solar,./dataset/Solar/,solar_AL.txt,none,t,2021,0,iTransformer,Solar_pl96_latent_query_attention_entmax_entropy_ratio0p3_k41_seed2021,Solar_pl96_latent_query_attention_entmax_entropy_ratio0p3_k41_seed2021_iTransformer_Solar_M_ft96_sl48_ll96_pl512_dm8_nh2_el1_dl512_df1_fctimeF_ebTrue_dtsparse_wcomp_projection_0,96,48,2,512,512,32,0.0005,10,3,0,True,./checkpoints/Solar_pl96_latent_query_attention_entmax_entropy_ratio0p3_k41_seed2021_iTransformer_Solar_M_ft96_sl48_ll96_pl512_dm8_nh2_el1_dl512_df1_fctimeF_ebTrue_dtsparse_wcomp_projection_0,./results/Solar_pl96_latent_query_attention_entmax_entropy_ratio0p3_k41_seed2021_iTransformer_Solar_M_ft96_sl48_ll96_pl512_dm8_nh2_el1_dl512_df1_fctimeF_ebTrue_dtsparse_wcomp_projection_0/,./results/Solar_pl96_latent_query_attention_entmax_entropy_ratio0p3_k41_seed2021_iTransformer_Solar_M_ft96_sl48_ll96_pl512_dm8_nh2_el1_dl512_df1_fctimeF_ebTrue_dtsparse_wcomp_projection_0/weight_matrices,./results/sparse_attention_wcomp/plots/latent_query_attention_entmax_entropy/Solar_pl96_latent_query_attention_entmax_entropy_ratio0p3_k41_seed2021_iTransformer_Solar_M_ft96_sl48_ll96_pl512_dm8_nh2_el1_dl512_df1_fctimeF_ebTrue_dtsparse_wcomp_projection_0
Solar,720,MLP_attention,MLP_attention_softmax,,,0,MLP_attention,slot_learned_linear,learned_expand_linear,feature,,mse,1.0,True,1,137,137,137,14,14,0.1,14,0.1,0.10218978102189781,0.10218978102189781,14,14,0.10218978102189781,0.10218978102189781,41,False,8,0.0,1.0,scalar,1.0,1.0,1.0,4,False,False,ratio,,14,,137,14,0,0.10218978102189781,89.78102189781022,0.010442751345303427,98.95572486546965,test,True,0.2766371510195746,0.2930982082365979,0.5259630700149722,2.1516987109349452,33351.35260631402,0.01,0.0,0.0,0.0,0.0,0.01,0.0,0.0,184.10386514663696,11240,0.016379347432974818,61.052493336016866,252.59678769111633,3847772,220.7744140625,332.0,220.7744140625,1.0,0,softmax,1.5,0,0,2.2248051166534424,0.4939759373664856,10.5548095703125,5.955428123474121,0.382086843252182,0.7557969689369202,0.8736974596977234,0.04175824671983719,0.09780220687389374,0.04749570041894913,0.8237747550010681,1.0,0.9998934268951416,3.8221030235290527,0.3354429602622986,0.0,0.0,0.0,0.0,none,persistence,1.0,0.0,none,1.0,0.0,success,2026-07-07 08:22:55,c2426e68ca13f74aaec08045c5c724d8ad328124,true,,,0,0,0,Solar,./dataset/Solar/,solar_AL.txt,none,t,2021,0,iTransformer,Solar_pl720_MLP_attention_softmax_ratio0p1_k14_seed2021,Solar_pl720_MLP_attention_softmax_ratio0p1_k14_seed2021_iTransformer_Solar_M_ft96_sl48_ll720_pl512_dm8_nh2_el1_dl512_df1_fctimeF_ebTrue_dtsparse_wcomp_projection_0,96,48,2,512,512,32,0.0005,10,3,0,True,./checkpoints/Solar_pl720_MLP_attention_softmax_ratio0p1_k14_seed2021_iTransformer_Solar_M_ft96_sl48_ll720_pl512_dm8_nh2_el1_dl512_df1_fctimeF_ebTrue_dtsparse_wcomp_projection_0,./results/Solar_pl720_MLP_attention_softmax_ratio0p1_k14_seed2021_iTransformer_Solar_M_ft96_sl48_ll720_pl512_dm8_nh2_el1_dl512_df1_fctimeF_ebTrue_dtsparse_wcomp_projection_0/,./results/Solar_pl720_MLP_attention_softmax_ratio0p1_k14_seed2021_iTransformer_Solar_M_ft96_sl48_ll720_pl512_dm8_nh2_el1_dl512_df1_fctimeF_ebTrue_dtsparse_wcomp_projection_0/weight_matrices,./results/sparse_attention_wcomp/plots/MLP_attention_softmax/Solar_pl720_MLP_attention_softmax_ratio0p1_k14_seed2021_iTransformer_Solar_M_ft96_sl48_ll720_pl512_dm8_nh2_el1_dl512_df1_fctimeF_ebTrue_dtsparse_wcomp_projection_0
Solar,720,MLP_attention,MLP_attention_softmax_entropy,,,0,MLP_attention,slot_learned_linear,learned_expand_linear,feature,,mse,1.0,True,1,137,137,137,14,14,0.1,14,0.1,0.10218978102189781,0.10218978102189781,14,14,0.10218978102189781,0.10218978102189781,41,False,8,0.0,1.0,scalar,1.0,1.0,1.0,4,False,False,ratio,,14,,137,14,0,0.10218978102189781,89.78102189781022,0.010442751345303427,98.95572486546965,test,True,0.2776786997256347,0.2933089310897692,0.5269522746185225,2.1552872275515766,33281.76176027316,0.01,0.0,0.0,0.0,0.001,0.01,0.001,0.0,188.05881142616272,11240,0.016731210980975332,59.76853684632132,257.1881515979767,3847772,221.244140625,332.0,221.244140625,1.0,0,softmax,1.5,0,0,2.4213953018188477,0.5330846905708313,12.859659194946289,6.470664024353027,0.3046365976333618,0.7003924250602722,0.8509683012962341,0.0505494549870491,0.09120878577232361,0.06626703590154648,0.8149113655090332,1.0,0.9994139075279236,3.907832384109497,0.3010229170322418,0.0,0.0,0.0,0.0,none,persistence,1.0,0.0,none,1.0,0.0,success,2026-07-07 08:27:15,c2426e68ca13f74aaec08045c5c724d8ad328124,true,,,0,0,0,Solar,./dataset/Solar/,solar_AL.txt,none,t,2021,0,iTransformer,Solar_pl720_MLP_attention_softmax_entropy_ratio0p1_k14_seed2021,Solar_pl720_MLP_attention_softmax_entropy_ratio0p1_k14_seed2021_iTransformer_Solar_M_ft96_sl48_ll720_pl512_dm8_nh2_el1_dl512_df1_fctimeF_ebTrue_dtsparse_wcomp_projection_0,96,48,2,512,512,32,0.0005,10,3,0,True,./checkpoints/Solar_pl720_MLP_attention_softmax_entropy_ratio0p1_k14_seed2021_iTransformer_Solar_M_ft96_sl48_ll720_pl512_dm8_nh2_el1_dl512_df1_fctimeF_ebTrue_dtsparse_wcomp_projection_0,./results/Solar_pl720_MLP_attention_softmax_entropy_ratio0p1_k14_seed2021_iTransformer_Solar_M_ft96_sl48_ll720_pl512_dm8_nh2_el1_dl512_df1_fctimeF_ebTrue_dtsparse_wcomp_projection_0/,./results/Solar_pl720_MLP_attention_softmax_entropy_ratio0p1_k14_seed2021_iTransformer_Solar_M_ft96_sl48_ll720_pl512_dm8_nh2_el1_dl512_df1_fctimeF_ebTrue_dtsparse_wcomp_projection_0/weight_matrices,./results/sparse_attention_wcomp/plots/MLP_attention_softmax_entropy/Solar_pl720_MLP_attention_softmax_entropy_ratio0p1_k14_seed2021_iTransformer_Solar_M_ft96_sl48_ll720_pl512_dm8_nh2_el1_dl512_df1_fctimeF_ebTrue_dtsparse_wcomp_projection_0
Solar,720,MLP_attention,MLP_attention_entmax,,,0,MLP_attention,slot_learned_linear,learned_expand_linear,feature,,mse,1.0,True,1,137,137,137,14,14,0.1,14,0.1,0.10218978102189781,0.10218978102189781,14,14,0.10218978102189781,0.10218978102189781,41,False,8,0.0,1.0,scalar,1.0,1.0,1.0,4,False,False,ratio,,14,,137,14,0,0.10218978102189781,89.78102189781022,0.010442751345303427,98.95572486546965,test,True,0.27493585025597755,0.2908091073279781,0.5243432561366433,2.1637281255526517,33809.63150321454,0.01,0.0,0.0,0.0,0.0,0.01,0.0,0.0,321.98016452789307,11240,0.028645922111022515,34.90898272097218,450.18094754219055,3847772,221.5400390625,332.0,221.5400390625,1.0,0,entmax15,1.5,0,0,2.336923122406006,0.21651920676231384,10.603655815124512,2.4272401332855225,0.23462262749671936,0.7002852559089661,0.9169675707817078,0.14945055544376373,0.22857142984867096,0.24563632905483246,0.16527633368968964,1.0,0.693324089050293,3.6074962615966797,0.34965577721595764,0.0,0.0,0.0,0.0,none,persistence,1.0,0.0,none,1.0,0.0,success,2026-07-07 08:34:47,c2426e68ca13f74aaec08045c5c724d8ad328124,true,,,0,0,0,Solar,./dataset/Solar/,solar_AL.txt,none,t,2021,0,iTransformer,Solar_pl720_MLP_attention_entmax_ratio0p1_k14_seed2021,Solar_pl720_MLP_attention_entmax_ratio0p1_k14_seed2021_iTransformer_Solar_M_ft96_sl48_ll720_pl512_dm8_nh2_el1_dl512_df1_fctimeF_ebTrue_dtsparse_wcomp_projection_0,96,48,2,512,512,32,0.0005,10,3,0,True,./checkpoints/Solar_pl720_MLP_attention_entmax_ratio0p1_k14_seed2021_iTransformer_Solar_M_ft96_sl48_ll720_pl512_dm8_nh2_el1_dl512_df1_fctimeF_ebTrue_dtsparse_wcomp_projection_0,./results/Solar_pl720_MLP_attention_entmax_ratio0p1_k14_seed2021_iTransformer_Solar_M_ft96_sl48_ll720_pl512_dm8_nh2_el1_dl512_df1_fctimeF_ebTrue_dtsparse_wcomp_projection_0/,./results/Solar_pl720_MLP_attention_entmax_ratio0p1_k14_seed2021_iTransformer_Solar_M_ft96_sl48_ll720_pl512_dm8_nh2_el1_dl512_df1_fctimeF_ebTrue_dtsparse_wcomp_projection_0/weight_matrices,./results/sparse_attention_wcomp/plots/MLP_attention_entmax/Solar_pl720_MLP_attention_entmax_ratio0p1_k14_seed2021_iTransformer_Solar_M_ft96_sl48_ll720_pl512_dm8_nh2_el1_dl512_df1_fctimeF_ebTrue_dtsparse_wcomp_projection_0
Solar,720,MLP_attention,MLP_attention_entmax_entropy,,,0,MLP_attention,slot_learned_linear,learned_expand_linear,feature,,mse,1.0,True,1,137,137,137,14,14,0.1,14,0.1,0.10218978102189781,0.10218978102189781,14,14,0.10218978102189781,0.10218978102189781,41,False,8,0.0,1.0,scalar,1.0,1.0,1.0,4,False,False,ratio,,14,,137,14,0,0.10218978102189781,89.78102189781022,0.010442751345303427,98.95572486546965,test,True,0.27568631592211396,0.29217871248570804,0.5250583928689398,2.1628003812492804,33347.255177063635,0.01,0.0,0.0,0.0,0.001,0.01,0.001,0.0,328.6762421131134,11240,0.029241658550988738,34.19778663567588,460.6990079879761,3847772,222.009765625,332.0,222.009765625,1.0,0,entmax15,1.5,0,0,2.331765651702881,0.3708832859992981,11.031058311462402,4.15626335144043,0.24212045967578888,0.6951120495796204,0.8953710794448853,0.13846154510974884,0.19890110194683075,0.18675991892814636,0.14963503181934357,1.0,0.7443124055862427,3.793834686279297,0.3136100471019745,0.0,0.0,0.0,0.0,none,persistence,1.0,0.0,none,1.0,0.0,success,2026-07-07 08:42:30,c2426e68ca13f74aaec08045c5c724d8ad328124,true,,,0,0,0,Solar,./dataset/Solar/,solar_AL.txt,none,t,2021,0,iTransformer,Solar_pl720_MLP_attention_entmax_entropy_ratio0p1_k14_seed2021,Solar_pl720_MLP_attention_entmax_entropy_ratio0p1_k14_seed2021_iTransformer_Solar_M_ft96_sl48_ll720_pl512_dm8_nh2_el1_dl512_df1_fctimeF_ebTrue_dtsparse_wcomp_projection_0,96,48,2,512,512,32,0.0005,10,3,0,True,./checkpoints/Solar_pl720_MLP_attention_entmax_entropy_ratio0p1_k14_seed2021_iTransformer_Solar_M_ft96_sl48_ll720_pl512_dm8_nh2_el1_dl512_df1_fctimeF_ebTrue_dtsparse_wcomp_projection_0,./results/Solar_pl720_MLP_attention_entmax_entropy_ratio0p1_k14_seed2021_iTransformer_Solar_M_ft96_sl48_ll720_pl512_dm8_nh2_el1_dl512_df1_fctimeF_ebTrue_dtsparse_wcomp_projection_0/,./results/Solar_pl720_MLP_attention_entmax_entropy_ratio0p1_k14_seed2021_iTransformer_Solar_M_ft96_sl48_ll720_pl512_dm8_nh2_el1_dl512_df1_fctimeF_ebTrue_dtsparse_wcomp_projection_0/weight_matrices,./results/sparse_attention_wcomp/plots/MLP_attention_entmax_entropy/Solar_pl720_MLP_attention_entmax_entropy_ratio0p1_k14_seed2021_iTransformer_Solar_M_ft96_sl48_ll720_pl512_dm8_nh2_el1_dl512_df1_fctimeF_ebTrue_dtsparse_wcomp_projection_0
Solar,720,latent_query_attention,latent_query_attention_softmax,,,0,latent_query_attention,slot_learned_linear,learned_expand_linear,feature,,mse,1.0,True,1,137,137,137,14,14,0.1,14,0.1,0.10218978102189781,0.10218978102189781,14,14,0.10218978102189781,0.10218978102189781,41,False,8,0.0,1.0,scalar,1.0,1.0,1.0,4,False,False,ratio,,14,,137,14,0,0.10218978102189781,89.78102189781022,0.010442751345303427,98.95572486546965,test,True,0.28330270351395265,0.2977880215381024,0.5322618749393504,2.180976792438145,33690.03893483997,0.01,0.0,0.0,0.0,0.0,0.01,0.0,0.0,188.34109711647034,11240,0.016756325366234014,59.67895574617564,256.8895924091339,4109390,223.76708984375,336.0,223.76708984375,1.0,0,softmax,1.5,0,0,3.599343776702881,0.4602563679218292,39.95682907104492,14.766196250915527,0.1515115201473236,0.41457808017730713,0.5699324011802673,0.12527471780776978,0.1527472585439682,0.23431271314620972,1.0,1.0,0.9999999403953552,4.247356414794922,0.2534770965576172,0.0,0.0,0.0,0.0,none,persistence,1.0,0.0,none,1.0,0.0,success,2026-07-07 08:46:50,c2426e68ca13f74aaec08045c5c724d8ad328124,true,,,0,0,0,Solar,./dataset/Solar/,solar_AL.txt,none,t,2021,0,iTransformer,Solar_pl720_latent_query_attention_softmax_ratio0p1_k14_seed2021,Solar_pl720_latent_query_attention_softmax_ratio0p1_k14_seed2021_iTransformer_Solar_M_ft96_sl48_ll720_pl512_dm8_nh2_el1_dl512_df1_fctimeF_ebTrue_dtsparse_wcomp_projection_0,96,48,2,512,512,32,0.0005,10,3,0,True,./checkpoints/Solar_pl720_latent_query_attention_softmax_ratio0p1_k14_seed2021_iTransformer_Solar_M_ft96_sl48_ll720_pl512_dm8_nh2_el1_dl512_df1_fctimeF_ebTrue_dtsparse_wcomp_projection_0,./results/Solar_pl720_latent_query_attention_softmax_ratio0p1_k14_seed2021_iTransformer_Solar_M_ft96_sl48_ll720_pl512_dm8_nh2_el1_dl512_df1_fctimeF_ebTrue_dtsparse_wcomp_projection_0/,./results/Solar_pl720_latent_query_attention_softmax_ratio0p1_k14_seed2021_iTransformer_Solar_M_ft96_sl48_ll720_pl512_dm8_nh2_el1_dl512_df1_fctimeF_ebTrue_dtsparse_wcomp_projection_0/weight_matrices,./results/sparse_attention_wcomp/plots/latent_query_attention_softmax/Solar_pl720_latent_query_attention_softmax_ratio0p1_k14_seed2021_iTransformer_Solar_M_ft96_sl48_ll720_pl512_dm8_nh2_el1_dl512_df1_fctimeF_ebTrue_dtsparse_wcomp_projection_0
Solar,720,latent_query_attention,latent_query_attention_softmax_entropy,,,0,latent_query_attention,slot_learned_linear,learned_expand_linear,feature,,mse,1.0,True,1,137,137,137,14,14,0.1,14,0.1,0.10218978102189781,0.10218978102189781,14,14,0.10218978102189781,0.10218978102189781,41,False,8,0.0,1.0,scalar,1.0,1.0,1.0,4,False,False,ratio,,14,,137,14,0,0.10218978102189781,89.78102189781022,0.010442751345303427,98.95572486546965,test,True,0.28119079775025724,0.2971324152354928,0.5302742665359665,2.1334552784076055,32118.288473507244,0.01,0.0,0.0,0.0,0.001,0.01,0.001,0.0,189.52948141098022,11240,0.016862053506314967,59.30475784728665,259.649201631546,4109390,224.23681640625,336.0,224.23681640625,1.0,0,softmax,1.5,0,0,3.9157307147979736,0.32398542761802673,52.78263854980469,16.319795608520508,0.1343993991613388,0.34082677960395813,0.4697485864162445,0.07472527772188187,0.10879120975732803,0.23177476227283478,1.0,1.0,0.9999467134475708,4.465857028961182,0.20226053893566132,0.0,0.0,0.0,0.0,none,persistence,1.0,0.0,none,1.0,0.0,success,2026-07-07 08:51:12,c2426e68ca13f74aaec08045c5c724d8ad328124,true,,,0,0,0,Solar,./dataset/Solar/,solar_AL.txt,none,t,2021,0,iTransformer,Solar_pl720_latent_query_attention_softmax_entropy_ratio0p1_k14_seed2021,Solar_pl720_latent_query_attention_softmax_entropy_ratio0p1_k14_seed2021_iTransformer_Solar_M_ft96_sl48_ll720_pl512_dm8_nh2_el1_dl512_df1_fctimeF_ebTrue_dtsparse_wcomp_projection_0,96,48,2,512,512,32,0.0005,10,3,0,True,./checkpoints/Solar_pl720_latent_query_attention_softmax_entropy_ratio0p1_k14_seed2021_iTransformer_Solar_M_ft96_sl48_ll720_pl512_dm8_nh2_el1_dl512_df1_fctimeF_ebTrue_dtsparse_wcomp_projection_0,./results/Solar_pl720_latent_query_attention_softmax_entropy_ratio0p1_k14_seed2021_iTransformer_Solar_M_ft96_sl48_ll720_pl512_dm8_nh2_el1_dl512_df1_fctimeF_ebTrue_dtsparse_wcomp_projection_0/,./results/Solar_pl720_latent_query_attention_softmax_entropy_ratio0p1_k14_seed2021_iTransformer_Solar_M_ft96_sl48_ll720_pl512_dm8_nh2_el1_dl512_df1_fctimeF_ebTrue_dtsparse_wcomp_projection_0/weight_matrices,./results/sparse_attention_wcomp/plots/latent_query_attention_softmax_entropy/Solar_pl720_latent_query_attention_softmax_entropy_ratio0p1_k14_seed2021_iTransformer_Solar_M_ft96_sl48_ll720_pl512_dm8_nh2_el1_dl512_df1_fctimeF_ebTrue_dtsparse_wcomp_projection_0
Solar,720,latent_query_attention,latent_query_attention_entmax,,,0,latent_query_attention,slot_learned_linear,learned_expand_linear,feature,,mse,1.0,True,1,137,137,137,14,14,0.1,14,0.1,0.10218978102189781,0.10218978102189781,14,14,0.10218978102189781,0.10218978102189781,41,False,8,0.0,1.0,scalar,1.0,1.0,1.0,4,False,False,ratio,,14,,137,14,0,0.10218978102189781,89.78102189781022,0.010442751345303427,98.95572486546965,test,True,0.2830949295426788,0.29819815021809243,0.5320666589278817,2.181012481663545,34479.592875787625,0.01,0.0,0.0,0.0,0.0,0.01,0.0,0.0,287.0977785587311,10116,0.0283805633213455,35.23538235225526,411.01976227760315,4109390,224.53271484375,336.0,224.53271484375,1.0,0,entmax15,1.5,0,0,3.347450017929077,0.3392060697078705,30.252145767211914,11.64095401763916,0.11016649007797241,0.3720722496509552,0.5804451704025269,0.059340666979551315,0.09340659528970718,0.17941196262836456,0.4098018705844879,1.0,0.9999999403953552,4.446288585662842,0.16972117125988007,0.0,0.0,0.0,0.0,none,persistence,1.0,0.0,none,1.0,0.0,success,2026-07-07 08:58:05,c2426e68ca13f74aaec08045c5c724d8ad328124,true,,,0,0,0,Solar,./dataset/Solar/,solar_AL.txt,none,t,2021,0,iTransformer,Solar_pl720_latent_query_attention_entmax_ratio0p1_k14_seed2021,Solar_pl720_latent_query_attention_entmax_ratio0p1_k14_seed2021_iTransformer_Solar_M_ft96_sl48_ll720_pl512_dm8_nh2_el1_dl512_df1_fctimeF_ebTrue_dtsparse_wcomp_projection_0,96,48,2,512,512,32,0.0005,10,3,0,True,./checkpoints/Solar_pl720_latent_query_attention_entmax_ratio0p1_k14_seed2021_iTransformer_Solar_M_ft96_sl48_ll720_pl512_dm8_nh2_el1_dl512_df1_fctimeF_ebTrue_dtsparse_wcomp_projection_0,./results/Solar_pl720_latent_query_attention_entmax_ratio0p1_k14_seed2021_iTransformer_Solar_M_ft96_sl48_ll720_pl512_dm8_nh2_el1_dl512_df1_fctimeF_ebTrue_dtsparse_wcomp_projection_0/,./results/Solar_pl720_latent_query_attention_entmax_ratio0p1_k14_seed2021_iTransformer_Solar_M_ft96_sl48_ll720_pl512_dm8_nh2_el1_dl512_df1_fctimeF_ebTrue_dtsparse_wcomp_projection_0/weight_matrices,./results/sparse_attention_wcomp/plots/latent_query_attention_entmax/Solar_pl720_latent_query_attention_entmax_ratio0p1_k14_seed2021_iTransformer_Solar_M_ft96_sl48_ll720_pl512_dm8_nh2_el1_dl512_df1_fctimeF_ebTrue_dtsparse_wcomp_projection_0
Solar,720,latent_query_attention,latent_query_attention_entmax_entropy,,,0,latent_query_attention,slot_learned_linear,learned_expand_linear,feature,,mse,1.0,True,1,137,137,137,14,14,0.1,14,0.1,0.10218978102189781,0.10218978102189781,14,14,0.10218978102189781,0.10218978102189781,41,False,8,0.0,1.0,scalar,1.0,1.0,1.0,4,False,False,ratio,,14,,137,14,0,0.10218978102189781,89.78102189781022,0.010442751345303427,98.95572486546965,test,True,0.288417149381699,0.30043963255239875,0.5370448299552831,2.265573344937094,37358.040883873895,0.01,0.0,0.0,0.0,0.001,0.01,0.001,0.0,257.23632979393005,8992,0.028607243082065175,34.95618215048947,380.0779459476471,4109390,225.00244140625,336.0,225.00244140625,1.0,0,entmax15,1.5,0,0,3.3688323497772217,0.3706677258014679,31.1346492767334,12.09996509552002,0.10331566631793976,0.372148722410202,0.5751760601997375,0.08571428805589676,0.11098901927471161,0.2063172608613968,0.42387905716896057,1.0,0.9999999403953552,4.4282965660095215,0.18375813961029053,0.0,0.0,0.0,0.0,none,persistence,1.0,0.0,none,1.0,0.0,success,2026-07-07 09:04:28,c2426e68ca13f74aaec08045c5c724d8ad328124,true,,,0,0,0,Solar,./dataset/Solar/,solar_AL.txt,none,t,2021,0,iTransformer,Solar_pl720_latent_query_attention_entmax_entropy_ratio0p1_k14_seed2021,Solar_pl720_latent_query_attention_entmax_entropy_ratio0p1_k14_seed2021_iTransformer_Solar_M_ft96_sl48_ll720_pl512_dm8_nh2_el1_dl512_df1_fctimeF_ebTrue_dtsparse_wcomp_projection_0,96,48,2,512,512,32,0.0005,10,3,0,True,./checkpoints/Solar_pl720_latent_query_attention_entmax_entropy_ratio0p1_k14_seed2021_iTransformer_Solar_M_ft96_sl48_ll720_pl512_dm8_nh2_el1_dl512_df1_fctimeF_ebTrue_dtsparse_wcomp_projection_0,./results/Solar_pl720_latent_query_attention_entmax_entropy_ratio0p1_k14_seed2021_iTransformer_Solar_M_ft96_sl48_ll720_pl512_dm8_nh2_el1_dl512_df1_fctimeF_ebTrue_dtsparse_wcomp_projection_0/,./results/Solar_pl720_latent_query_attention_entmax_entropy_ratio0p1_k14_seed2021_iTransformer_Solar_M_ft96_sl48_ll720_pl512_dm8_nh2_el1_dl512_df1_fctimeF_ebTrue_dtsparse_wcomp_projection_0/weight_matrices,./results/sparse_attention_wcomp/plots/latent_query_attention_entmax_entropy/Solar_pl720_latent_query_attention_entmax_entropy_ratio0p1_k14_seed2021_iTransformer_Solar_M_ft96_sl48_ll720_pl512_dm8_nh2_el1_dl512_df1_fctimeF_ebTrue_dtsparse_wcomp_projection_0
Solar,720,MLP_attention,MLP_attention_softmax,,,0,MLP_attention,slot_learned_linear,learned_expand_linear,feature,,mse,1.0,True,1,137,137,137,41,41,0.3,41,0.3,0.29927007299270075,0.29927007299270075,41,41,0.29927007299270075,0.29927007299270075,41,False,8,0.0,1.0,scalar,1.0,1.0,1.0,4,False,False,ratio,,41,,137,41,0,0.29927007299270075,70.07299270072993,0.08956257658905643,91.04374234109436,test,True,0.27132188777047,0.28833792439892764,0.5208856762961236,2.146559208305408,33765.65751418042,0.01,0.0,0.0,0.0,0.0,0.01,0.0,0.0,189.1480987071991,11240,0.01682812266078284,59.42433509416078,257.65867805480957,3865322,275.46533203125,388.0,275.46533203125,1.0,0,softmax,1.5,0,0,1.870396614074707,0.6705158352851868,7.949248790740967,4.91007137298584,0.4512289762496948,0.8146263360977173,0.9184345602989197,0.09292682260274887,0.13402439653873444,0.08789218962192535,0.8084387183189392,1.0,0.9999999403953552,3.7246546745300293,0.36723554134368896,0.0,0.0,0.0,0.0,none,persistence,1.0,0.0,none,1.0,0.0,success,2026-07-07 09:08:48,c2426e68ca13f74aaec08045c5c724d8ad328124,true,,,0,0,0,Solar,./dataset/Solar/,solar_AL.txt,none,t,2021,0,iTransformer,Solar_pl720_MLP_attention_softmax_ratio0p3_k41_seed2021,Solar_pl720_MLP_attention_softmax_ratio0p3_k41_seed2021_iTransformer_Solar_M_ft96_sl48_ll720_pl512_dm8_nh2_el1_dl512_df1_fctimeF_ebTrue_dtsparse_wcomp_projection_0,96,48,2,512,512,32,0.0005,10,3,0,True,./checkpoints/Solar_pl720_MLP_attention_softmax_ratio0p3_k41_seed2021_iTransformer_Solar_M_ft96_sl48_ll720_pl512_dm8_nh2_el1_dl512_df1_fctimeF_ebTrue_dtsparse_wcomp_projection_0,./results/Solar_pl720_MLP_attention_softmax_ratio0p3_k41_seed2021_iTransformer_Solar_M_ft96_sl48_ll720_pl512_dm8_nh2_el1_dl512_df1_fctimeF_ebTrue_dtsparse_wcomp_projection_0/,./results/Solar_pl720_MLP_attention_softmax_ratio0p3_k41_seed2021_iTransformer_Solar_M_ft96_sl48_ll720_pl512_dm8_nh2_el1_dl512_df1_fctimeF_ebTrue_dtsparse_wcomp_projection_0/weight_matrices,./results/sparse_attention_wcomp/plots/MLP_attention_softmax/Solar_pl720_MLP_attention_softmax_ratio0p3_k41_seed2021_iTransformer_Solar_M_ft96_sl48_ll720_pl512_dm8_nh2_el1_dl512_df1_fctimeF_ebTrue_dtsparse_wcomp_projection_0
Solar,720,MLP_attention,MLP_attention_softmax_entropy,,,0,MLP_attention,slot_learned_linear,learned_expand_linear,feature,,mse,1.0,True,1,137,137,137,41,41,0.3,41,0.3,0.29927007299270075,0.29927007299270075,41,41,0.29927007299270075,0.29927007299270075,41,False,8,0.0,1.0,scalar,1.0,1.0,1.0,4,False,False,ratio,,41,,137,41,0,0.29927007299270075,70.07299270072993,0.08956257658905643,91.04374234109436,test,True,0.2735087845438842,0.28898249642869805,0.5229806732030202,2.17580152478876,34548.1239230352,0.01,0.0,0.0,0.0,0.001,0.01,0.001,0.0,187.4938805103302,11240,0.016680950223338986,59.94862322656295,257.43591260910034,3865322,276.837890625,388.0,276.837890625,1.0,0,softmax,1.5,0,0,1.987334966659546,0.7375427484512329,9.407489776611328,6.870596408843994,0.4295409917831421,0.7936920523643494,0.8983745574951172,0.0731707289814949,0.13548780977725983,0.07460358738899231,0.7649991512298584,1.0,0.9999467134475708,3.8770992755889893,0.31863704323768616,0.0,0.0,0.0,0.0,none,persistence,1.0,0.0,none,1.0,0.0,success,2026-07-07 09:13:08,c2426e68ca13f74aaec08045c5c724d8ad328124,true,,,0,0,0,Solar,./dataset/Solar/,solar_AL.txt,none,t,2021,0,iTransformer,Solar_pl720_MLP_attention_softmax_entropy_ratio0p3_k41_seed2021,Solar_pl720_MLP_attention_softmax_entropy_ratio0p3_k41_seed2021_iTransformer_Solar_M_ft96_sl48_ll720_pl512_dm8_nh2_el1_dl512_df1_fctimeF_ebTrue_dtsparse_wcomp_projection_0,96,48,2,512,512,32,0.0005,10,3,0,True,./checkpoints/Solar_pl720_MLP_attention_softmax_entropy_ratio0p3_k41_seed2021_iTransformer_Solar_M_ft96_sl48_ll720_pl512_dm8_nh2_el1_dl512_df1_fctimeF_ebTrue_dtsparse_wcomp_projection_0,./results/Solar_pl720_MLP_attention_softmax_entropy_ratio0p3_k41_seed2021_iTransformer_Solar_M_ft96_sl48_ll720_pl512_dm8_nh2_el1_dl512_df1_fctimeF_ebTrue_dtsparse_wcomp_projection_0/,./results/Solar_pl720_MLP_attention_softmax_entropy_ratio0p3_k41_seed2021_iTransformer_Solar_M_ft96_sl48_ll720_pl512_dm8_nh2_el1_dl512_df1_fctimeF_ebTrue_dtsparse_wcomp_projection_0/weight_matrices,./results/sparse_attention_wcomp/plots/MLP_attention_softmax_entropy/Solar_pl720_MLP_attention_softmax_entropy_ratio0p3_k41_seed2021_iTransformer_Solar_M_ft96_sl48_ll720_pl512_dm8_nh2_el1_dl512_df1_fctimeF_ebTrue_dtsparse_wcomp_projection_0
Solar,720,MLP_attention,MLP_attention_entmax,,,0,MLP_attention,slot_learned_linear,learned_expand_linear,feature,,mse,1.0,True,1,137,137,137,41,41,0.3,41,0.3,0.29927007299270075,0.29927007299270075,41,41,0.29927007299270075,0.29927007299270075,41,False,8,0.0,1.0,scalar,1.0,1.0,1.0,4,False,False,ratio,,41,,137,41,0,0.29927007299270075,70.07299270072993,0.08956257658905643,91.04374234109436,test,True,0.2722442535088293,0.28762501209927904,0.5217703072318597,2.1810643059155876,36368.35410813929,0.01,0.0,0.0,0.0,0.0,0.01,0.0,0.0,321.716477394104,11240,0.028622462401610677,34.93759502479866,451.0875129699707,3865322,277.7099609375,388.0,277.7099609375,1.0,0,entmax15,1.5,0,0,2.2325048446655273,0.3746183216571808,10.026322364807129,4.034343719482422,0.267680823802948,0.7261956930160522,0.9131482243537903,0.14512194693088531,0.21195122599601746,0.20744870603084564,0.1534627079963684,1.0,0.8758057951927185,3.7831273078918457,0.34248191118240356,0.0,0.0,0.0,0.0,none,persistence,1.0,0.0,none,1.0,0.0,success,2026-07-07 09:20:41,c2426e68ca13f74aaec08045c5c724d8ad328124,true,,,0,0,0,Solar,./dataset/Solar/,solar_AL.txt,none,t,2021,0,iTransformer,Solar_pl720_MLP_attention_entmax_ratio0p3_k41_seed2021,Solar_pl720_MLP_attention_entmax_ratio0p3_k41_seed2021_iTransformer_Solar_M_ft96_sl48_ll720_pl512_dm8_nh2_el1_dl512_df1_fctimeF_ebTrue_dtsparse_wcomp_projection_0,96,48,2,512,512,32,0.0005,10,3,0,True,./checkpoints/Solar_pl720_MLP_attention_entmax_ratio0p3_k41_seed2021_iTransformer_Solar_M_ft96_sl48_ll720_pl512_dm8_nh2_el1_dl512_df1_fctimeF_ebTrue_dtsparse_wcomp_projection_0,./results/Solar_pl720_MLP_attention_entmax_ratio0p3_k41_seed2021_iTransformer_Solar_M_ft96_sl48_ll720_pl512_dm8_nh2_el1_dl512_df1_fctimeF_ebTrue_dtsparse_wcomp_projection_0/,./results/Solar_pl720_MLP_attention_entmax_ratio0p3_k41_seed2021_iTransformer_Solar_M_ft96_sl48_ll720_pl512_dm8_nh2_el1_dl512_df1_fctimeF_ebTrue_dtsparse_wcomp_projection_0/weight_matrices,./results/sparse_attention_wcomp/plots/MLP_attention_entmax/Solar_pl720_MLP_attention_entmax_ratio0p3_k41_seed2021_iTransformer_Solar_M_ft96_sl48_ll720_pl512_dm8_nh2_el1_dl512_df1_fctimeF_ebTrue_dtsparse_wcomp_projection_0
Solar,720,MLP_attention,MLP_attention_entmax_entropy,,,0,MLP_attention,slot_learned_linear,learned_expand_linear,feature,,mse,1.0,True,1,137,137,137,41,41,0.3,41,0.3,0.29927007299270075,0.29927007299270075,41,41,0.29927007299270075,0.29927007299270075,41,False,8,0.0,1.0,scalar,1.0,1.0,1.0,4,False,False,ratio,,41,,137,41,0,0.29927007299270075,70.07299270072993,0.08956257658905643,91.04374234109436,test,True,0.27421553762676076,0.28802986490559473,0.5236559343946756,2.204608081757797,36398.751717196086,0.01,0.0,0.0,0.0,0.001,0.01,0.001,0.0,326.4501242637634,11240,0.029043605361544787,34.43098704694738,456.58953189849854,3865322,279.08251953125,390.0,279.08251953125,1.0,0,entmax15,1.5,0,0,2.015270233154297,0.3745836317539215,7.995604991912842,2.662339687347412,0.2945593297481537,0.8031064867973328,0.957252562046051,0.12365853041410446,0.1842682957649231,0.1547706127166748,0.11393982917070389,1.0,0.7955138683319092,3.875032424926758,0.29032284021377563,0.0,0.0,0.0,0.0,none,persistence,1.0,0.0,none,1.0,0.0,success,2026-07-07 09:28:20,c2426e68ca13f74aaec08045c5c724d8ad328124,true,,,0,0,0,Solar,./dataset/Solar/,solar_AL.txt,none,t,2021,0,iTransformer,Solar_pl720_MLP_attention_entmax_entropy_ratio0p3_k41_seed2021,Solar_pl720_MLP_attention_entmax_entropy_ratio0p3_k41_seed2021_iTransformer_Solar_M_ft96_sl48_ll720_pl512_dm8_nh2_el1_dl512_df1_fctimeF_ebTrue_dtsparse_wcomp_projection_0,96,48,2,512,512,32,0.0005,10,3,0,True,./checkpoints/Solar_pl720_MLP_attention_entmax_entropy_ratio0p3_k41_seed2021_iTransformer_Solar_M_ft96_sl48_ll720_pl512_dm8_nh2_el1_dl512_df1_fctimeF_ebTrue_dtsparse_wcomp_projection_0,./results/Solar_pl720_MLP_attention_entmax_entropy_ratio0p3_k41_seed2021_iTransformer_Solar_M_ft96_sl48_ll720_pl512_dm8_nh2_el1_dl512_df1_fctimeF_ebTrue_dtsparse_wcomp_projection_0/,./results/Solar_pl720_MLP_attention_entmax_entropy_ratio0p3_k41_seed2021_iTransformer_Solar_M_ft96_sl48_ll720_pl512_dm8_nh2_el1_dl512_df1_fctimeF_ebTrue_dtsparse_wcomp_projection_0/weight_matrices,./results/sparse_attention_wcomp/plots/MLP_attention_entmax_entropy/Solar_pl720_MLP_attention_entmax_entropy_ratio0p3_k41_seed2021_iTransformer_Solar_M_ft96_sl48_ll720_pl512_dm8_nh2_el1_dl512_df1_fctimeF_ebTrue_dtsparse_wcomp_projection_0
Solar,720,latent_query_attention,latent_query_attention_softmax,,,0,latent_query_attention,slot_learned_linear,learned_expand_linear,feature,,mse,1.0,True,1,137,137,137,41,41,0.3,41,0.3,0.29927007299270075,0.29927007299270075,41,41,0.29927007299270075,0.29927007299270075,41,False,8,0.0,1.0,scalar,1.0,1.0,1.0,4,False,False,ratio,,41,,137,41,0,0.29927007299270075,70.07299270072993,0.08956257658905643,91.04374234109436,test,True,0.27678466897440107,0.2920254966563146,0.5261032873632335,2.1513378163301233,33299.82186322579,0.01,0.0,0.0,0.0,0.0,0.01,0.0,0.0,188.86276507377625,11240,0.01680273710620785,59.51411330660797,257.58016324043274,4126913,278.4580078125,394.0,278.4580078125,1.0,0,softmax,1.5,0,0,3.7701504230499268,0.5047630071640015,49.36006164550781,25.55369758605957,0.13392652571201324,0.3641848862171173,0.5068658590316772,0.15024389326572418,0.18865855038166046,0.30823835730552673,0.9980416893959045,1.0,0.9999999403953552,4.411179065704346,0.20239566266536713,0.0,0.0,0.0,0.0,none,persistence,1.0,0.0,none,1.0,0.0,success,2026-07-07 09:32:40,c2426e68ca13f74aaec08045c5c724d8ad328124,true,,,0,0,0,Solar,./dataset/Solar/,solar_AL.txt,none,t,2021,0,iTransformer,Solar_pl720_latent_query_attention_softmax_ratio0p3_k41_seed2021,Solar_pl720_latent_query_attention_softmax_ratio0p3_k41_seed2021_iTransformer_Solar_M_ft96_sl48_ll720_pl512_dm8_nh2_el1_dl512_df1_fctimeF_ebTrue_dtsparse_wcomp_projection_0,96,48,2,512,512,32,0.0005,10,3,0,True,./checkpoints/Solar_pl720_latent_query_attention_softmax_ratio0p3_k41_seed2021_iTransformer_Solar_M_ft96_sl48_ll720_pl512_dm8_nh2_el1_dl512_df1_fctimeF_ebTrue_dtsparse_wcomp_projection_0,./results/Solar_pl720_latent_query_attention_softmax_ratio0p3_k41_seed2021_iTransformer_Solar_M_ft96_sl48_ll720_pl512_dm8_nh2_el1_dl512_df1_fctimeF_ebTrue_dtsparse_wcomp_projection_0/,./results/Solar_pl720_latent_query_attention_softmax_ratio0p3_k41_seed2021_iTransformer_Solar_M_ft96_sl48_ll720_pl512_dm8_nh2_el1_dl512_df1_fctimeF_ebTrue_dtsparse_wcomp_projection_0/weight_matrices,./results/sparse_attention_wcomp/plots/latent_query_attention_softmax/Solar_pl720_latent_query_attention_softmax_ratio0p3_k41_seed2021_iTransformer_Solar_M_ft96_sl48_ll720_pl512_dm8_nh2_el1_dl512_df1_fctimeF_ebTrue_dtsparse_wcomp_projection_0
Solar,720,latent_query_attention,latent_query_attention_softmax_entropy,,,0,latent_query_attention,slot_learned_linear,learned_expand_linear,feature,,mse,1.0,True,1,137,137,137,41,41,0.3,41,0.3,0.29927007299270075,0.29927007299270075,41,41,0.29927007299270075,0.29927007299270075,41,False,8,0.0,1.0,scalar,1.0,1.0,1.0,4,False,False,ratio,,41,,137,41,0,0.29927007299270075,70.07299270072993,0.08956257658905643,91.04374234109436,test,True,0.2761539406988024,0.29149793496930554,0.52550351159512,2.160567916272979,33782.90665502619,0.01,0.0,0.0,0.0,0.001,0.01,0.001,0.0,194.93792700767517,11240,0.017343231940184625,57.65937994999533,265.4091897010803,4126913,279.83056640625,392.0,279.83056640625,1.0,0,softmax,1.5,0,0,3.6607563495635986,0.5961846113204956,46.13603973388672,26.563343048095703,0.14444831013679504,0.4041990339756012,0.5388786196708679,0.18024390935897827,0.1924390345811844,0.30393075942993164,1.0,1.0,0.9999999403953552,4.33951473236084,0.24196329712867737,0.0,0.0,0.0,0.0,none,persistence,1.0,0.0,none,1.0,0.0,success,2026-07-07 09:37:08,c2426e68ca13f74aaec08045c5c724d8ad328124,true,,,0,0,0,Solar,./dataset/Solar/,solar_AL.txt,none,t,2021,0,iTransformer,Solar_pl720_latent_query_attention_softmax_entropy_ratio0p3_k41_seed2021,Solar_pl720_latent_query_attention_softmax_entropy_ratio0p3_k41_seed2021_iTransformer_Solar_M_ft96_sl48_ll720_pl512_dm8_nh2_el1_dl512_df1_fctimeF_ebTrue_dtsparse_wcomp_projection_0,96,48,2,512,512,32,0.0005,10,3,0,True,./checkpoints/Solar_pl720_latent_query_attention_softmax_entropy_ratio0p3_k41_seed2021_iTransformer_Solar_M_ft96_sl48_ll720_pl512_dm8_nh2_el1_dl512_df1_fctimeF_ebTrue_dtsparse_wcomp_projection_0,./results/Solar_pl720_latent_query_attention_softmax_entropy_ratio0p3_k41_seed2021_iTransformer_Solar_M_ft96_sl48_ll720_pl512_dm8_nh2_el1_dl512_df1_fctimeF_ebTrue_dtsparse_wcomp_projection_0/,./results/Solar_pl720_latent_query_attention_softmax_entropy_ratio0p3_k41_seed2021_iTransformer_Solar_M_ft96_sl48_ll720_pl512_dm8_nh2_el1_dl512_df1_fctimeF_ebTrue_dtsparse_wcomp_projection_0/weight_matrices,./results/sparse_attention_wcomp/plots/latent_query_attention_softmax_entropy/Solar_pl720_latent_query_attention_softmax_entropy_ratio0p3_k41_seed2021_iTransformer_Solar_M_ft96_sl48_ll720_pl512_dm8_nh2_el1_dl512_df1_fctimeF_ebTrue_dtsparse_wcomp_projection_0
Solar,720,latent_query_attention,latent_query_attention_entmax,,,0,latent_query_attention,slot_learned_linear,learned_expand_linear,feature,,mse,1.0,True,1,137,137,137,41,41,0.3,41,0.3,0.29927007299270075,0.29927007299270075,41,41,0.29927007299270075,0.29927007299270075,41,False,8,0.0,1.0,scalar,1.0,1.0,1.0,4,False,False,ratio,,41,,137,41,0,0.29927007299270075,70.07299270072993,0.08956257658905643,91.04374234109436,test,True,0.28103195581158236,0.29819190972256104,0.5301244719984,2.1485878700970313,32679.220957992064,0.01,0.0,0.0,0.0,0.0,0.01,0.0,0.0,316.53821301460266,11240,0.0281617627237191,35.5091408805087,442.884642124176,4126913,280.70263671875,394.0,280.70263671875,1.0,0,entmax15,1.5,0,0,3.42557430267334,0.3469761908054352,32.61809158325195,11.317694664001465,0.10089932382106781,0.35388830304145813,0.5566353797912598,0.05536585673689842,0.09451219439506531,0.19203372299671173,0.4354637861251831,1.0,0.9999999403953552,4.572466850280762,0.1386648565530777,0.0,0.0,0.0,0.0,none,persistence,1.0,0.0,none,1.0,0.0,success,2026-07-07 09:44:33,c2426e68ca13f74aaec08045c5c724d8ad328124,true,,,0,0,0,Solar,./dataset/Solar/,solar_AL.txt,none,t,2021,0,iTransformer,Solar_pl720_latent_query_attention_entmax_ratio0p3_k41_seed2021,Solar_pl720_latent_query_attention_entmax_ratio0p3_k41_seed2021_iTransformer_Solar_M_ft96_sl48_ll720_pl512_dm8_nh2_el1_dl512_df1_fctimeF_ebTrue_dtsparse_wcomp_projection_0,96,48,2,512,512,32,0.0005,10,3,0,True,./checkpoints/Solar_pl720_latent_query_attention_entmax_ratio0p3_k41_seed2021_iTransformer_Solar_M_ft96_sl48_ll720_pl512_dm8_nh2_el1_dl512_df1_fctimeF_ebTrue_dtsparse_wcomp_projection_0,./results/Solar_pl720_latent_query_attention_entmax_ratio0p3_k41_seed2021_iTransformer_Solar_M_ft96_sl48_ll720_pl512_dm8_nh2_el1_dl512_df1_fctimeF_ebTrue_dtsparse_wcomp_projection_0/,./results/Solar_pl720_latent_query_attention_entmax_ratio0p3_k41_seed2021_iTransformer_Solar_M_ft96_sl48_ll720_pl512_dm8_nh2_el1_dl512_df1_fctimeF_ebTrue_dtsparse_wcomp_projection_0/weight_matrices,./results/sparse_attention_wcomp/plots/latent_query_attention_entmax/Solar_pl720_latent_query_attention_entmax_ratio0p3_k41_seed2021_iTransformer_Solar_M_ft96_sl48_ll720_pl512_dm8_nh2_el1_dl512_df1_fctimeF_ebTrue_dtsparse_wcomp_projection_0
Solar,720,latent_query_attention,latent_query_attention_entmax_entropy,,,0,latent_query_attention,slot_learned_linear,learned_expand_linear,feature,,mse,1.0,True,1,137,137,137,41,41,0.3,41,0.3,0.29927007299270075,0.29927007299270075,41,41,0.29927007299270075,0.29927007299270075,41,False,8,0.0,1.0,scalar,1.0,1.0,1.0,4,False,False,ratio,,41,,137,41,0,0.29927007299270075,70.07299270072993,0.08956257658905643,91.04374234109436,test,True,0.28277473240569,0.29738331385141553,0.53176567433945,2.1867975482601825,34664.44874907577,0.01,0.0,0.0,0.0,0.001,0.01,0.001,0.0,323.1728856563568,11240,0.028752036090423205,34.7801455470864,453.2305414676666,4126913,282.0751953125,396.0,282.0751953125,1.0,0,entmax15,1.5,0,0,3.2944960594177246,0.31769511103630066,28.335933685302734,9.03809642791748,0.11567056179046631,0.38964390754699707,0.6044729948043823,0.06219512224197388,0.09926829487085342,0.1831878274679184,0.3991454541683197,1.0,0.9999999403953552,4.549835205078125,0.14627186954021454,0.0,0.0,0.0,0.0,none,persistence,1.0,0.0,none,1.0,0.0,success,2026-07-07 09:52:09,c2426e68ca13f74aaec08045c5c724d8ad328124,true,,,0,0,0,Solar,./dataset/Solar/,solar_AL.txt,none,t,2021,0,iTransformer,Solar_pl720_latent_query_attention_entmax_entropy_ratio0p3_k41_seed2021,Solar_pl720_latent_query_attention_entmax_entropy_ratio0p3_k41_seed2021_iTransformer_Solar_M_ft96_sl48_ll720_pl512_dm8_nh2_el1_dl512_df1_fctimeF_ebTrue_dtsparse_wcomp_projection_0,96,48,2,512,512,32,0.0005,10,3,0,True,./checkpoints/Solar_pl720_latent_query_attention_entmax_entropy_ratio0p3_k41_seed2021_iTransformer_Solar_M_ft96_sl48_ll720_pl512_dm8_nh2_el1_dl512_df1_fctimeF_ebTrue_dtsparse_wcomp_projection_0,./results/Solar_pl720_latent_query_attention_entmax_entropy_ratio0p3_k41_seed2021_iTransformer_Solar_M_ft96_sl48_ll720_pl512_dm8_nh2_el1_dl512_df1_fctimeF_ebTrue_dtsparse_wcomp_projection_0/,./results/Solar_pl720_latent_query_attention_entmax_entropy_ratio0p3_k41_seed2021_iTransformer_Solar_M_ft96_sl48_ll720_pl512_dm8_nh2_el1_dl512_df1_fctimeF_ebTrue_dtsparse_wcomp_projection_0/weight_matrices,./results/sparse_attention_wcomp/plots/latent_query_attention_entmax_entropy/Solar_pl720_latent_query_attention_entmax_entropy_ratio0p3_k41_seed2021_iTransformer_Solar_M_ft96_sl48_ll720_pl512_dm8_nh2_el1_dl512_df1_fctimeF_ebTrue_dtsparse_wcomp_projection_0
